TRINITY_DN10214_c0_g1_i1.p1	TRINITY_DN10214_c0_g1_i1.p1	100.000	551	551	551	0.0	1142
TRINITY_DN10214_c0_g1_i1.p1	TRINITY_DN22_c2_g1_i1.p1	69.369	555	551	557	0.0	810
TRINITY_DN10214_c0_g1_i1.p1	TRINITY_DN1194_c0_g1_i10.p1	34.758	538	551	736	3.80e-103	318
TRINITY_DN10214_c0_g1_i1.p1	TRINITY_DN2312_c0_g1_i11.p1	33.012	518	551	536	2.95e-78	248
TRINITY_DN10214_c0_g1_i1.p1	TRINITY_DN9322_c0_g2_i1.p1	31.743	545	551	543	3.13e-71	229
TRINITY_DN10214_c0_g1_i1.p1	TRINITY_DN5285_c0_g1_i1.p1	29.715	562	551	584	3.32e-71	230
TRINITY_DN10214_c0_g1_i1.p1	TRINITY_DN22_c1_g1_i12.p1	32.689	517	551	494	6.27e-71	227
TRINITY_DN10214_c0_g1_i1.p1	TRINITY_DN604_c0_g1_i10.p1	32.110	545	551	548	5.90e-70	226
TRINITY_DN10214_c0_g1_i1.p1	TRINITY_DN1740_c0_g3_i1.p1	30.577	520	551	539	1.10e-66	217
TRINITY_DN10214_c0_g1_i1.p1	TRINITY_DN256_c0_g1_i8.p1	28.676	544	551	642	2.72e-63	210
TRINITY_DN10214_c0_g1_i1.p1	TRINITY_DN3016_c0_g1_i1.p1	29.211	558	551	587	2.46e-62	206
TRINITY_DN10214_c0_g1_i1.p1	TRINITY_DN665_c0_g1_i12.p1	29.026	534	551	584	6.48e-62	205
TRINITY_DN10214_c0_g1_i1.p1	TRINITY_DN69_c0_g1_i5.p1	28.957	556	551	584	1.45e-53	182
TRINITY_DN10214_c0_g1_i1.p1	TRINITY_DN13111_c1_g1_i1.p1	29.356	528	551	529	1.17e-52	179
TRINITY_DN10214_c0_g1_i1.p1	TRINITY_DN920_c0_g1_i14.p1	27.639	521	551	620	5.88e-52	178
TRINITY_DN10214_c0_g1_i1.p1	TRINITY_DN25123_c0_g1_i1.p1	33.846	325	551	427	8.83e-49	166
TRINITY_DN10214_c0_g1_i1.p1	TRINITY_DN552_c0_g1_i15.p1	29.676	401	551	394	1.76e-47	161
TRINITY_DN10214_c0_g1_i1.p1	TRINITY_DN235_c0_g1_i1.p1	30.745	322	551	331	9.96e-47	157
TRINITY_DN10214_c0_g1_i1.p1	TRINITY_DN5029_c0_g1_i1.p1	25.919	571	551	592	4.27e-46	162
TRINITY_DN10214_c0_g1_i1.p1	TRINITY_DN58976_c0_g1_i1.p1	25.981	535	551	583	3.75e-43	153
TRINITY_DN1194_c0_g1_i10.p1	TRINITY_DN1194_c0_g1_i10.p1	100.000	736	736	736	0.0	1504
TRINITY_DN1194_c0_g1_i10.p1	TRINITY_DN2312_c0_g1_i11.p1	40.341	528	736	536	2.55e-127	381
TRINITY_DN1194_c0_g1_i10.p1	TRINITY_DN10214_c0_g1_i1.p1	34.758	538	736	551	5.08e-103	318
TRINITY_DN1194_c0_g1_i10.p1	TRINITY_DN1740_c0_g3_i1.p1	35.807	539	736	539	5.27e-102	315
TRINITY_DN1194_c0_g1_i10.p1	TRINITY_DN9322_c0_g2_i1.p1	35.902	532	736	543	2.51e-101	313
TRINITY_DN1194_c0_g1_i10.p1	TRINITY_DN22_c2_g1_i1.p1	34.815	540	736	557	2.24e-99	309
TRINITY_DN1194_c0_g1_i10.p1	TRINITY_DN5285_c0_g1_i1.p1	35.472	561	736	584	9.11e-91	287
TRINITY_DN1194_c0_g1_i10.p1	TRINITY_DN256_c0_g1_i8.p1	33.150	546	736	642	3.05e-86	276
TRINITY_DN1194_c0_g1_i10.p1	TRINITY_DN22_c1_g1_i12.p1	34.961	512	736	494	1.28e-83	265
TRINITY_DN1194_c0_g1_i10.p1	TRINITY_DN604_c0_g1_i10.p1	34.264	537	736	548	4.90e-80	257
TRINITY_DN1194_c0_g1_i10.p1	TRINITY_DN3016_c0_g1_i1.p1	30.125	561	736	587	2.10e-78	254
TRINITY_DN1194_c0_g1_i10.p1	TRINITY_DN665_c0_g1_i12.p1	33.759	548	736	584	5.00e-78	253
TRINITY_DN1194_c0_g1_i10.p1	TRINITY_DN58976_c0_g1_i1.p1	30.339	501	736	583	3.31e-71	234
TRINITY_DN1194_c0_g1_i10.p1	TRINITY_DN5029_c0_g1_i1.p1	31.202	516	736	592	9.39e-68	225
TRINITY_DN1194_c0_g1_i10.p1	TRINITY_DN920_c0_g1_i14.p1	30.258	542	736	620	1.59e-64	217
TRINITY_DN1194_c0_g1_i10.p1	TRINITY_DN69_c0_g1_i5.p1	31.296	540	736	584	2.56e-61	207
TRINITY_DN1194_c0_g1_i10.p1	TRINITY_DN13111_c1_g1_i1.p1	32.239	518	736	529	8.71e-60	202
TRINITY_DN1194_c0_g1_i10.p1	TRINITY_DN235_c0_g1_i1.p1	36.250	320	736	331	7.35e-58	191
TRINITY_DN1194_c0_g1_i10.p1	TRINITY_DN25123_c0_g1_i1.p1	31.951	410	736	427	5.04e-53	181
TRINITY_DN1194_c0_g1_i10.p1	TRINITY_DN552_c0_g1_i15.p1	27.628	409	736	394	4.19e-44	154
TRINITY_DN13111_c1_g1_i1.p1	TRINITY_DN13111_c1_g1_i1.p1	100.000	529	529	529	0.0	1101
TRINITY_DN13111_c1_g1_i1.p1	TRINITY_DN604_c0_g1_i10.p1	40.037	542	529	548	1.02e-128	378
TRINITY_DN13111_c1_g1_i1.p1	TRINITY_DN665_c0_g1_i12.p1	36.852	540	529	584	3.67e-113	339
TRINITY_DN13111_c1_g1_i1.p1	TRINITY_DN1740_c0_g3_i1.p1	33.333	543	529	539	1.55e-78	248
TRINITY_DN13111_c1_g1_i1.p1	TRINITY_DN9322_c0_g2_i1.p1	31.777	557	529	543	3.65e-69	223
TRINITY_DN13111_c1_g1_i1.p1	TRINITY_DN1194_c0_g1_i10.p1	32.239	518	529	736	1.48e-66	220
TRINITY_DN13111_c1_g1_i1.p1	TRINITY_DN22_c1_g1_i12.p1	30.621	467	529	494	2.19e-59	196
TRINITY_DN13111_c1_g1_i1.p1	TRINITY_DN256_c0_g1_i8.p1	27.737	548	529	642	6.49e-56	189
TRINITY_DN13111_c1_g1_i1.p1	TRINITY_DN10214_c0_g1_i1.p1	29.356	528	529	551	1.21e-55	187
TRINITY_DN13111_c1_g1_i1.p1	TRINITY_DN2312_c0_g1_i11.p1	29.273	550	529	536	8.47e-55	184
TRINITY_DN13111_c1_g1_i1.p1	TRINITY_DN3016_c0_g1_i1.p1	28.988	583	529	587	3.62e-54	184
TRINITY_DN13111_c1_g1_i1.p1	TRINITY_DN69_c0_g1_i5.p1	28.623	552	529	584	4.00e-52	178
TRINITY_DN13111_c1_g1_i1.p1	TRINITY_DN22_c2_g1_i1.p1	26.909	550	529	557	1.03e-46	162
TRINITY_DN13111_c1_g1_i1.p1	TRINITY_DN920_c0_g1_i14.p1	26.690	562	529	620	1.37e-46	163
TRINITY_DN13111_c1_g1_i1.p1	TRINITY_DN5285_c0_g1_i1.p1	25.958	574	529	584	1.41e-46	162
TRINITY_DN13111_c1_g1_i1.p1	TRINITY_DN552_c0_g1_i15.p1	30.457	394	529	394	1.07e-41	145
TRINITY_DN13111_c1_g1_i1.p1	TRINITY_DN5029_c0_g1_i1.p1	31.401	414	529	592	5.06e-41	147
TRINITY_DN13111_c1_g1_i1.p1	TRINITY_DN235_c0_g1_i1.p1	32.249	338	529	331	8.12e-41	141
TRINITY_DN13111_c1_g1_i1.p1	TRINITY_DN25123_c0_g1_i1.p1	28.933	356	529	427	5.45e-36	130
TRINITY_DN13111_c1_g1_i1.p1	TRINITY_DN58976_c0_g1_i1.p1	25.458	546	529	583	1.21e-34	128
TRINITY_DN1740_c0_g3_i1.p1	TRINITY_DN1740_c0_g3_i1.p1	100.000	539	539	539	0.0	1108
TRINITY_DN1740_c0_g3_i1.p1	TRINITY_DN604_c0_g1_i10.p1	37.240	529	539	548	2.16e-114	342
TRINITY_DN1740_c0_g3_i1.p1	TRINITY_DN1194_c0_g1_i10.p1	35.807	539	539	736	3.86e-102	315
TRINITY_DN1740_c0_g3_i1.p1	TRINITY_DN2312_c0_g1_i11.p1	36.415	530	539	536	1.83e-100	305
TRINITY_DN1740_c0_g3_i1.p1	TRINITY_DN665_c0_g1_i12.p1	35.038	528	539	584	8.74e-97	297
TRINITY_DN1740_c0_g3_i1.p1	TRINITY_DN9322_c0_g2_i1.p1	34.586	532	539	543	3.39e-92	284
TRINITY_DN1740_c0_g3_i1.p1	TRINITY_DN256_c0_g1_i8.p1	34.353	556	539	642	3.50e-91	284
TRINITY_DN1740_c0_g3_i1.p1	TRINITY_DN235_c0_g1_i1.p1	42.388	335	539	331	3.28e-83	254
TRINITY_DN1740_c0_g3_i1.p1	TRINITY_DN22_c1_g1_i12.p1	33.069	505	539	494	9.49e-73	231
TRINITY_DN1740_c0_g3_i1.p1	TRINITY_DN13111_c1_g1_i1.p1	33.333	543	539	529	9.71e-72	230
TRINITY_DN1740_c0_g3_i1.p1	TRINITY_DN920_c0_g1_i14.p1	32.075	530	539	620	3.14e-71	231
TRINITY_DN1740_c0_g3_i1.p1	TRINITY_DN69_c0_g1_i5.p1	33.696	552	539	584	4.24e-70	227
TRINITY_DN1740_c0_g3_i1.p1	TRINITY_DN10214_c0_g1_i1.p1	30.577	520	539	551	1.08e-66	217
TRINITY_DN1740_c0_g3_i1.p1	TRINITY_DN58976_c0_g1_i1.p1	30.891	505	539	583	1.19e-62	207
TRINITY_DN1740_c0_g3_i1.p1	TRINITY_DN22_c2_g1_i1.p1	30.490	551	539	557	1.46e-61	203
TRINITY_DN1740_c0_g3_i1.p1	TRINITY_DN552_c0_g1_i15.p1	33.166	398	539	394	9.32e-61	197
TRINITY_DN1740_c0_g3_i1.p1	TRINITY_DN5285_c0_g1_i1.p1	28.670	579	539	584	1.56e-60	201
TRINITY_DN1740_c0_g3_i1.p1	TRINITY_DN5029_c0_g1_i1.p1	30.418	526	539	592	1.18e-57	193
TRINITY_DN1740_c0_g3_i1.p1	TRINITY_DN3016_c0_g1_i1.p1	29.205	541	539	587	4.49e-56	189
TRINITY_DN1740_c0_g3_i1.p1	TRINITY_DN25123_c0_g1_i1.p1	37.975	237	539	427	9.56e-43	149
TRINITY_DN22_c1_g1_i12.p1	TRINITY_DN22_c1_g1_i12.p1	100.000	494	494	494	0.0	1021
TRINITY_DN22_c1_g1_i12.p1	TRINITY_DN9322_c0_g2_i1.p1	41.903	494	494	543	6.40e-136	395
TRINITY_DN22_c1_g1_i12.p1	TRINITY_DN1194_c0_g1_i10.p1	34.961	512	494	736	8.56e-84	265
TRINITY_DN22_c1_g1_i12.p1	TRINITY_DN604_c0_g1_i10.p1	33.747	483	494	548	2.16e-76	241
TRINITY_DN22_c1_g1_i12.p1	TRINITY_DN1740_c0_g3_i1.p1	33.069	505	494	539	8.70e-73	231
TRINITY_DN22_c1_g1_i12.p1	TRINITY_DN22_c2_g1_i1.p1	32.563	519	494	557	4.21e-72	230
TRINITY_DN22_c1_g1_i12.p1	TRINITY_DN2312_c0_g1_i11.p1	34.774	509	494	536	4.03e-71	227
TRINITY_DN22_c1_g1_i12.p1	TRINITY_DN10214_c0_g1_i1.p1	32.689	517	494	551	5.62e-71	227
TRINITY_DN22_c1_g1_i12.p1	TRINITY_DN665_c0_g1_i12.p1	31.211	487	494	584	1.37e-66	216
TRINITY_DN22_c1_g1_i12.p1	TRINITY_DN256_c0_g1_i8.p1	33.333	432	494	642	2.08e-60	201
TRINITY_DN22_c1_g1_i12.p1	TRINITY_DN5285_c0_g1_i1.p1	27.188	537	494	584	7.46e-55	184
TRINITY_DN22_c1_g1_i12.p1	TRINITY_DN5029_c0_g1_i1.p1	30.689	479	494	592	4.12e-53	180
TRINITY_DN22_c1_g1_i12.p1	TRINITY_DN13111_c1_g1_i1.p1	29.550	467	494	529	5.71e-53	178
TRINITY_DN22_c1_g1_i12.p1	TRINITY_DN3016_c0_g1_i1.p1	28.678	537	494	587	8.73e-50	171
TRINITY_DN22_c1_g1_i12.p1	TRINITY_DN58976_c0_g1_i1.p1	27.606	518	494	583	2.53e-48	166
TRINITY_DN22_c1_g1_i12.p1	TRINITY_DN920_c0_g1_i14.p1	29.399	466	494	620	3.56e-46	161
TRINITY_DN22_c1_g1_i12.p1	TRINITY_DN69_c0_g1_i5.p1	31.401	414	494	584	9.89e-46	159
TRINITY_DN22_c1_g1_i12.p1	TRINITY_DN235_c0_g1_i1.p1	34.014	294	494	331	6.50e-43	146
TRINITY_DN22_c1_g1_i12.p1	TRINITY_DN552_c0_g1_i15.p1	30.097	412	494	394	1.26e-42	147
TRINITY_DN22_c1_g1_i12.p1	TRINITY_DN25123_c0_g1_i1.p1	30.270	370	494	427	5.26e-37	132
TRINITY_DN22_c2_g1_i1.p1	TRINITY_DN22_c2_g1_i1.p1	100.000	557	557	557	0.0	1155
TRINITY_DN22_c2_g1_i1.p1	TRINITY_DN10214_c0_g1_i1.p1	69.369	555	557	551	0.0	810
TRINITY_DN22_c2_g1_i1.p1	TRINITY_DN1194_c0_g1_i10.p1	34.815	540	557	736	1.70e-99	309
TRINITY_DN22_c2_g1_i1.p1	TRINITY_DN2312_c0_g1_i11.p1	32.122	523	557	536	2.28e-75	240
TRINITY_DN22_c2_g1_i1.p1	TRINITY_DN22_c1_g1_i12.p1	32.563	519	557	494	4.75e-72	230
TRINITY_DN22_c2_g1_i1.p1	TRINITY_DN604_c0_g1_i10.p1	31.725	539	557	548	3.35e-70	227
TRINITY_DN22_c2_g1_i1.p1	TRINITY_DN256_c0_g1_i8.p1	31.469	572	557	642	4.88e-69	226
TRINITY_DN22_c2_g1_i1.p1	TRINITY_DN3016_c0_g1_i1.p1	28.933	553	557	587	4.58e-67	219
TRINITY_DN22_c2_g1_i1.p1	TRINITY_DN9322_c0_g2_i1.p1	29.068	547	557	543	2.40e-63	208
TRINITY_DN22_c2_g1_i1.p1	TRINITY_DN5285_c0_g1_i1.p1	29.159	559	557	584	6.51e-62	205
TRINITY_DN22_c2_g1_i1.p1	TRINITY_DN1740_c0_g3_i1.p1	30.490	551	557	539	1.50e-61	203
TRINITY_DN22_c2_g1_i1.p1	TRINITY_DN665_c0_g1_i12.p1	28.466	541	557	584	9.50e-57	191
TRINITY_DN22_c2_g1_i1.p1	TRINITY_DN69_c0_g1_i5.p1	26.766	538	557	584	1.21e-56	191
TRINITY_DN22_c2_g1_i1.p1	TRINITY_DN552_c0_g1_i15.p1	29.557	406	557	394	1.31e-53	178
TRINITY_DN22_c2_g1_i1.p1	TRINITY_DN58976_c0_g1_i1.p1	27.273	572	557	583	2.16e-50	174
TRINITY_DN22_c2_g1_i1.p1	TRINITY_DN25123_c0_g1_i1.p1	33.333	342	557	427	5.02e-50	169
TRINITY_DN22_c2_g1_i1.p1	TRINITY_DN235_c0_g1_i1.p1	32.209	326	557	331	8.53e-50	166
TRINITY_DN22_c2_g1_i1.p1	TRINITY_DN920_c0_g1_i14.p1	27.542	541	557	620	6.22e-48	167
TRINITY_DN22_c2_g1_i1.p1	TRINITY_DN13111_c1_g1_i1.p1	26.460	548	557	529	2.91e-46	161
TRINITY_DN22_c2_g1_i1.p1	TRINITY_DN5029_c0_g1_i1.p1	27.599	529	557	592	1.53e-45	160
TRINITY_DN2312_c0_g1_i11.p1	TRINITY_DN2312_c0_g1_i11.p1	100.000	536	536	536	0.0	1109
TRINITY_DN2312_c0_g1_i11.p1	TRINITY_DN1194_c0_g1_i10.p1	40.341	528	536	736	1.86e-127	381
TRINITY_DN2312_c0_g1_i11.p1	TRINITY_DN1740_c0_g3_i1.p1	36.415	530	536	539	1.82e-100	305
TRINITY_DN2312_c0_g1_i11.p1	TRINITY_DN9322_c0_g2_i1.p1	34.015	538	536	543	1.22e-86	269
TRINITY_DN2312_c0_g1_i11.p1	TRINITY_DN10214_c0_g1_i1.p1	33.012	518	536	551	2.87e-78	248
TRINITY_DN2312_c0_g1_i11.p1	TRINITY_DN3016_c0_g1_i1.p1	31.148	549	536	587	1.71e-76	244
TRINITY_DN2312_c0_g1_i11.p1	TRINITY_DN604_c0_g1_i10.p1	32.885	520	536	548	7.86e-76	241
TRINITY_DN2312_c0_g1_i11.p1	TRINITY_DN22_c2_g1_i1.p1	32.122	523	536	557	2.19e-75	240
TRINITY_DN2312_c0_g1_i11.p1	TRINITY_DN665_c0_g1_i12.p1	32.037	540	536	584	3.46e-73	235
TRINITY_DN2312_c0_g1_i11.p1	TRINITY_DN58976_c0_g1_i1.p1	32.685	514	536	583	3.05e-71	229
TRINITY_DN2312_c0_g1_i11.p1	TRINITY_DN22_c1_g1_i12.p1	34.774	509	536	494	4.37e-71	227
TRINITY_DN2312_c0_g1_i11.p1	TRINITY_DN5285_c0_g1_i1.p1	29.529	552	536	584	4.85e-70	226
TRINITY_DN2312_c0_g1_i11.p1	TRINITY_DN920_c0_g1_i14.p1	30.241	539	536	620	1.90e-68	223
TRINITY_DN2312_c0_g1_i11.p1	TRINITY_DN5029_c0_g1_i1.p1	29.505	566	536	592	3.31e-67	219
TRINITY_DN2312_c0_g1_i11.p1	TRINITY_DN256_c0_g1_i8.p1	28.807	545	536	642	3.46e-64	212
TRINITY_DN2312_c0_g1_i11.p1	TRINITY_DN235_c0_g1_i1.p1	40.123	324	536	331	2.86e-63	201
TRINITY_DN2312_c0_g1_i11.p1	TRINITY_DN25123_c0_g1_i1.p1	31.690	426	536	427	2.22e-55	183
TRINITY_DN2312_c0_g1_i11.p1	TRINITY_DN69_c0_g1_i5.p1	30.037	536	536	584	2.10e-51	176
TRINITY_DN2312_c0_g1_i11.p1	TRINITY_DN13111_c1_g1_i1.p1	29.273	550	536	529	1.48e-49	170
TRINITY_DN2312_c0_g1_i11.p1	TRINITY_DN552_c0_g1_i15.p1	28.788	396	536	394	4.10e-44	152
TRINITY_DN235_c0_g1_i1.p1	TRINITY_DN235_c0_g1_i1.p1	100.000	331	331	331	0.0	686
TRINITY_DN235_c0_g1_i1.p1	TRINITY_DN69_c0_g1_i5.p1	69.851	335	331	584	1.71e-147	419
TRINITY_DN235_c0_g1_i1.p1	TRINITY_DN920_c0_g1_i14.p1	47.214	341	331	620	5.33e-100	299
TRINITY_DN235_c0_g1_i1.p1	TRINITY_DN552_c0_g1_i15.p1	75.419	179	331	394	1.39e-92	273
TRINITY_DN235_c0_g1_i1.p1	TRINITY_DN1740_c0_g3_i1.p1	42.388	335	331	539	2.01e-83	254
TRINITY_DN235_c0_g1_i1.p1	TRINITY_DN2312_c0_g1_i11.p1	40.123	324	331	536	1.77e-63	201
TRINITY_DN235_c0_g1_i1.p1	TRINITY_DN9322_c0_g2_i1.p1	36.728	324	331	543	8.29e-63	200
TRINITY_DN235_c0_g1_i1.p1	TRINITY_DN256_c0_g1_i8.p1	37.539	317	331	642	2.83e-60	195
TRINITY_DN235_c0_g1_i1.p1	TRINITY_DN1194_c0_g1_i10.p1	36.250	320	331	736	3.31e-58	191
TRINITY_DN235_c0_g1_i1.p1	TRINITY_DN22_c2_g1_i1.p1	32.209	326	331	557	5.07e-50	166
TRINITY_DN235_c0_g1_i1.p1	TRINITY_DN5029_c0_g1_i1.p1	35.652	345	331	592	2.42e-49	165
TRINITY_DN235_c0_g1_i1.p1	TRINITY_DN58976_c0_g1_i1.p1	33.654	312	331	583	2.68e-48	162
TRINITY_DN235_c0_g1_i1.p1	TRINITY_DN10214_c0_g1_i1.p1	30.745	322	331	551	5.98e-47	157
TRINITY_DN235_c0_g1_i1.p1	TRINITY_DN665_c0_g1_i12.p1	37.107	318	331	584	1.32e-45	154
TRINITY_DN235_c0_g1_i1.p1	TRINITY_DN25123_c0_g1_i1.p1	32.267	344	331	427	3.11e-45	151
TRINITY_DN235_c0_g1_i1.p1	TRINITY_DN604_c0_g1_i10.p1	33.229	319	331	548	1.46e-44	151
TRINITY_DN235_c0_g1_i1.p1	TRINITY_DN5285_c0_g1_i1.p1	31.098	328	331	584	1.60e-43	149
TRINITY_DN235_c0_g1_i1.p1	TRINITY_DN22_c1_g1_i12.p1	34.014	294	331	494	4.35e-43	146
TRINITY_DN235_c0_g1_i1.p1	TRINITY_DN3016_c0_g1_i1.p1	30.530	321	331	587	9.81e-40	138
TRINITY_DN235_c0_g1_i1.p1	TRINITY_DN13111_c1_g1_i1.p1	32.249	338	331	529	8.66e-36	127
TRINITY_DN25123_c0_g1_i1.p1	TRINITY_DN25123_c0_g1_i1.p1	100.000	427	427	427	0.0	880
TRINITY_DN25123_c0_g1_i1.p1	TRINITY_DN5285_c0_g1_i1.p1	31.422	436	427	584	7.99e-71	225
TRINITY_DN25123_c0_g1_i1.p1	TRINITY_DN3016_c0_g1_i1.p1	32.952	437	427	587	8.68e-68	217
TRINITY_DN25123_c0_g1_i1.p1	TRINITY_DN2312_c0_g1_i11.p1	31.690	426	427	536	1.77e-55	183
TRINITY_DN25123_c0_g1_i1.p1	TRINITY_DN1194_c0_g1_i10.p1	31.951	410	427	736	2.93e-53	181
TRINITY_DN25123_c0_g1_i1.p1	TRINITY_DN22_c2_g1_i1.p1	33.333	342	427	557	3.85e-50	169
TRINITY_DN25123_c0_g1_i1.p1	TRINITY_DN10214_c0_g1_i1.p1	33.846	325	427	551	6.84e-49	166
TRINITY_DN25123_c0_g1_i1.p1	TRINITY_DN9322_c0_g2_i1.p1	33.621	348	427	543	5.42e-47	160
TRINITY_DN25123_c0_g1_i1.p1	TRINITY_DN235_c0_g1_i1.p1	32.267	344	427	331	4.02e-45	151
TRINITY_DN25123_c0_g1_i1.p1	TRINITY_DN1740_c0_g3_i1.p1	37.975	237	427	539	7.58e-43	149
TRINITY_DN25123_c0_g1_i1.p1	TRINITY_DN58976_c0_g1_i1.p1	27.952	415	427	583	9.35e-38	135
TRINITY_DN25123_c0_g1_i1.p1	TRINITY_DN256_c0_g1_i8.p1	27.083	384	427	642	2.53e-37	134
TRINITY_DN25123_c0_g1_i1.p1	TRINITY_DN22_c1_g1_i12.p1	30.270	370	427	494	4.55e-37	132
TRINITY_DN25123_c0_g1_i1.p1	TRINITY_DN604_c0_g1_i10.p1	28.042	378	427	548	1.04e-34	126
TRINITY_DN25123_c0_g1_i1.p1	TRINITY_DN13111_c1_g1_i1.p1	28.933	356	427	529	1.16e-33	123
TRINITY_DN25123_c0_g1_i1.p1	TRINITY_DN665_c0_g1_i12.p1	30.592	304	427	584	6.16e-32	118
TRINITY_DN25123_c0_g1_i1.p1	TRINITY_DN69_c0_g1_i5.p1	26.622	447	427	584	1.20e-31	117
TRINITY_DN25123_c0_g1_i1.p1	TRINITY_DN920_c0_g1_i14.p1	25.792	442	427	620	1.55e-30	114
TRINITY_DN25123_c0_g1_i1.p1	TRINITY_DN5029_c0_g1_i1.p1	31.390	223	427	592	3.21e-30	113
TRINITY_DN25123_c0_g1_i1.p1	TRINITY_DN552_c0_g1_i15.p1	25.993	277	427	394	1.24e-23	92.8
TRINITY_DN256_c0_g1_i8.p1	TRINITY_DN256_c0_g1_i8.p1	100.000	642	642	642	0.0	1323
TRINITY_DN256_c0_g1_i8.p1	TRINITY_DN1740_c0_g3_i1.p1	34.353	556	642	539	5.49e-91	284
TRINITY_DN256_c0_g1_i8.p1	TRINITY_DN1194_c0_g1_i10.p1	32.639	576	642	736	2.14e-87	280
TRINITY_DN256_c0_g1_i8.p1	TRINITY_DN920_c0_g1_i14.p1	32.496	557	642	620	2.83e-86	273
TRINITY_DN256_c0_g1_i8.p1	TRINITY_DN69_c0_g1_i5.p1	32.635	573	642	584	1.08e-74	242
TRINITY_DN256_c0_g1_i8.p1	TRINITY_DN22_c2_g1_i1.p1	31.469	572	642	557	5.13e-69	226
TRINITY_DN256_c0_g1_i8.p1	TRINITY_DN9322_c0_g2_i1.p1	32.238	487	642	543	1.86e-68	224
TRINITY_DN256_c0_g1_i8.p1	TRINITY_DN604_c0_g1_i10.p1	31.485	559	642	548	2.53e-68	224
TRINITY_DN256_c0_g1_i8.p1	TRINITY_DN552_c0_g1_i15.p1	34.080	402	642	394	2.60e-67	217
TRINITY_DN256_c0_g1_i8.p1	TRINITY_DN665_c0_g1_i12.p1	30.880	557	642	584	3.45e-65	216
TRINITY_DN256_c0_g1_i8.p1	TRINITY_DN2312_c0_g1_i11.p1	28.807	545	642	536	3.45e-64	212
TRINITY_DN256_c0_g1_i8.p1	TRINITY_DN10214_c0_g1_i1.p1	28.676	544	642	551	4.58e-63	209
TRINITY_DN256_c0_g1_i8.p1	TRINITY_DN22_c1_g1_i12.p1	33.333	432	642	494	2.57e-60	201
TRINITY_DN256_c0_g1_i8.p1	TRINITY_DN235_c0_g1_i1.p1	37.539	317	642	331	5.78e-60	195
TRINITY_DN256_c0_g1_i8.p1	TRINITY_DN5285_c0_g1_i1.p1	29.128	539	642	584	6.62e-56	191
TRINITY_DN256_c0_g1_i8.p1	TRINITY_DN13111_c1_g1_i1.p1	27.737	548	642	529	5.97e-53	181
TRINITY_DN256_c0_g1_i8.p1	TRINITY_DN3016_c0_g1_i1.p1	27.428	587	642	587	2.92e-52	181
TRINITY_DN256_c0_g1_i8.p1	TRINITY_DN5029_c0_g1_i1.p1	27.190	548	642	592	7.02e-39	142
TRINITY_DN256_c0_g1_i8.p1	TRINITY_DN25123_c0_g1_i1.p1	27.344	384	642	427	6.57e-37	134
TRINITY_DN256_c0_g1_i8.p1	TRINITY_DN58976_c0_g1_i1.p1	25.192	520	642	583	2.62e-33	125
TRINITY_DN3016_c0_g1_i1.p1	TRINITY_DN3016_c0_g1_i1.p1	100.000	587	587	587	0.0	1215
TRINITY_DN3016_c0_g1_i1.p1	TRINITY_DN5285_c0_g1_i1.p1	42.393	585	587	584	1.44e-170	489
TRINITY_DN3016_c0_g1_i1.p1	TRINITY_DN1194_c0_g1_i10.p1	30.125	561	587	736	1.67e-78	254
TRINITY_DN3016_c0_g1_i1.p1	TRINITY_DN2312_c0_g1_i11.p1	31.148	549	587	536	1.87e-76	244
TRINITY_DN3016_c0_g1_i1.p1	TRINITY_DN25123_c0_g1_i1.p1	32.952	437	587	427	1.19e-67	217
TRINITY_DN3016_c0_g1_i1.p1	TRINITY_DN22_c2_g1_i1.p1	28.933	553	587	557	4.83e-67	219
TRINITY_DN3016_c0_g1_i1.p1	TRINITY_DN10214_c0_g1_i1.p1	29.211	558	587	551	2.62e-62	206
TRINITY_DN3016_c0_g1_i1.p1	TRINITY_DN604_c0_g1_i10.p1	28.920	574	587	548	2.49e-60	201
TRINITY_DN3016_c0_g1_i1.p1	TRINITY_DN9322_c0_g2_i1.p1	28.920	574	587	543	3.65e-60	200
TRINITY_DN3016_c0_g1_i1.p1	TRINITY_DN1740_c0_g3_i1.p1	29.205	541	587	539	4.89e-56	189
TRINITY_DN3016_c0_g1_i1.p1	TRINITY_DN13111_c1_g1_i1.p1	28.866	582	587	529	3.72e-53	181
TRINITY_DN3016_c0_g1_i1.p1	TRINITY_DN256_c0_g1_i8.p1	27.428	587	587	642	3.06e-52	180
TRINITY_DN3016_c0_g1_i1.p1	TRINITY_DN22_c1_g1_i12.p1	28.678	537	587	494	1.04e-49	171
TRINITY_DN3016_c0_g1_i1.p1	TRINITY_DN665_c0_g1_i12.p1	28.668	593	587	584	1.82e-48	169
TRINITY_DN3016_c0_g1_i1.p1	TRINITY_DN920_c0_g1_i14.p1	25.983	585	587	620	7.06e-46	162
TRINITY_DN3016_c0_g1_i1.p1	TRINITY_DN235_c0_g1_i1.p1	30.530	321	587	331	1.74e-39	138
TRINITY_DN3016_c0_g1_i1.p1	TRINITY_DN58976_c0_g1_i1.p1	24.162	567	587	583	1.34e-38	140
TRINITY_DN3016_c0_g1_i1.p1	TRINITY_DN69_c0_g1_i5.p1	24.564	574	587	584	1.42e-38	140
TRINITY_DN3016_c0_g1_i1.p1	TRINITY_DN552_c0_g1_i15.p1	26.698	427	587	394	3.64e-35	127
TRINITY_DN3016_c0_g1_i1.p1	TRINITY_DN5029_c0_g1_i1.p1	27.533	523	587	592	4.62e-34	127
TRINITY_DN5029_c0_g1_i1.p1	TRINITY_DN5029_c0_g1_i1.p1	100.000	592	592	592	0.0	1227
TRINITY_DN5029_c0_g1_i1.p1	TRINITY_DN58976_c0_g1_i1.p1	45.423	579	592	583	3.19e-168	483
TRINITY_DN5029_c0_g1_i1.p1	TRINITY_DN1194_c0_g1_i10.p1	31.202	516	592	736	1.28e-73	241
TRINITY_DN5029_c0_g1_i1.p1	TRINITY_DN2312_c0_g1_i11.p1	29.505	566	592	536	3.08e-72	233
TRINITY_DN5029_c0_g1_i1.p1	TRINITY_DN9322_c0_g2_i1.p1	33.779	524	592	543	8.05e-72	232
TRINITY_DN5029_c0_g1_i1.p1	TRINITY_DN1740_c0_g3_i1.p1	30.418	526	592	539	1.58e-63	209
TRINITY_DN5029_c0_g1_i1.p1	TRINITY_DN22_c1_g1_i12.p1	30.689	479	592	494	6.78e-58	193
TRINITY_DN5029_c0_g1_i1.p1	TRINITY_DN235_c0_g1_i1.p1	35.652	345	592	331	1.91e-54	179
TRINITY_DN5029_c0_g1_i1.p1	TRINITY_DN604_c0_g1_i10.p1	28.750	560	592	548	3.76e-51	176
TRINITY_DN5029_c0_g1_i1.p1	TRINITY_DN5285_c0_g1_i1.p1	27.768	569	592	584	1.39e-50	175
TRINITY_DN5029_c0_g1_i1.p1	TRINITY_DN22_c2_g1_i1.p1	27.599	529	592	557	5.94e-50	172
TRINITY_DN5029_c0_g1_i1.p1	TRINITY_DN10214_c0_g1_i1.p1	25.919	571	592	551	1.13e-49	172
TRINITY_DN5029_c0_g1_i1.p1	TRINITY_DN69_c0_g1_i5.p1	29.944	531	592	584	5.43e-45	159
TRINITY_DN5029_c0_g1_i1.p1	TRINITY_DN920_c0_g1_i14.p1	27.675	542	592	620	3.70e-44	157
TRINITY_DN5029_c0_g1_i1.p1	TRINITY_DN256_c0_g1_i8.p1	27.190	548	592	642	2.33e-43	155
TRINITY_DN5029_c0_g1_i1.p1	TRINITY_DN13111_c1_g1_i1.p1	31.401	414	592	529	6.25e-38	138
TRINITY_DN5029_c0_g1_i1.p1	TRINITY_DN3016_c0_g1_i1.p1	27.533	523	592	587	6.50e-38	139
TRINITY_DN5029_c0_g1_i1.p1	TRINITY_DN552_c0_g1_i15.p1	27.869	366	592	394	9.10e-35	126
TRINITY_DN5029_c0_g1_i1.p1	TRINITY_DN665_c0_g1_i12.p1	25.912	521	592	584	1.29e-34	129
TRINITY_DN5029_c0_g1_i1.p1	TRINITY_DN25123_c0_g1_i1.p1	31.390	223	592	427	1.57e-32	120
TRINITY_DN5285_c0_g1_i1.p1	TRINITY_DN5285_c0_g1_i1.p1	100.000	584	584	584	0.0	1198
TRINITY_DN5285_c0_g1_i1.p1	TRINITY_DN3016_c0_g1_i1.p1	42.393	585	584	587	1.43e-170	489
TRINITY_DN5285_c0_g1_i1.p1	TRINITY_DN1194_c0_g1_i10.p1	35.472	561	584	736	7.23e-91	287
TRINITY_DN5285_c0_g1_i1.p1	TRINITY_DN10214_c0_g1_i1.p1	29.715	562	584	551	3.52e-71	230
TRINITY_DN5285_c0_g1_i1.p1	TRINITY_DN25123_c0_g1_i1.p1	31.422	436	584	427	1.09e-70	225
TRINITY_DN5285_c0_g1_i1.p1	TRINITY_DN604_c0_g1_i10.p1	29.813	587	584	548	3.94e-70	227
TRINITY_DN5285_c0_g1_i1.p1	TRINITY_DN2312_c0_g1_i11.p1	29.529	552	584	536	5.28e-70	226
TRINITY_DN5285_c0_g1_i1.p1	TRINITY_DN9322_c0_g2_i1.p1	30.783	562	584	543	9.07e-70	226
TRINITY_DN5285_c0_g1_i1.p1	TRINITY_DN22_c2_g1_i1.p1	29.159	559	584	557	6.83e-62	205
TRINITY_DN5285_c0_g1_i1.p1	TRINITY_DN1740_c0_g3_i1.p1	28.670	579	584	539	1.69e-60	201
TRINITY_DN5285_c0_g1_i1.p1	TRINITY_DN256_c0_g1_i8.p1	28.980	559	584	642	5.29e-56	191
TRINITY_DN5285_c0_g1_i1.p1	TRINITY_DN22_c1_g1_i12.p1	27.188	537	584	494	8.82e-55	184
TRINITY_DN5285_c0_g1_i1.p1	TRINITY_DN665_c0_g1_i12.p1	28.302	583	584	584	6.41e-54	184
TRINITY_DN5285_c0_g1_i1.p1	TRINITY_DN920_c0_g1_i14.p1	26.703	558	584	620	2.10e-51	177
TRINITY_DN5285_c0_g1_i1.p1	TRINITY_DN5029_c0_g1_i1.p1	27.768	569	584	592	8.27e-47	164
TRINITY_DN5285_c0_g1_i1.p1	TRINITY_DN58976_c0_g1_i1.p1	25.603	539	584	583	1.78e-45	160
TRINITY_DN5285_c0_g1_i1.p1	TRINITY_DN13111_c1_g1_i1.p1	25.784	574	584	529	4.78e-45	158
TRINITY_DN5285_c0_g1_i1.p1	TRINITY_DN235_c0_g1_i1.p1	31.098	328	584	331	2.82e-43	149
TRINITY_DN5285_c0_g1_i1.p1	TRINITY_DN69_c0_g1_i5.p1	26.015	542	584	584	5.30e-43	153
TRINITY_DN5285_c0_g1_i1.p1	TRINITY_DN552_c0_g1_i15.p1	26.056	426	584	394	3.17e-41	145
TRINITY_DN552_c0_g1_i15.p1	TRINITY_DN552_c0_g1_i15.p1	100.000	394	394	394	0.0	813
TRINITY_DN552_c0_g1_i15.p1	TRINITY_DN69_c0_g1_i5.p1	72.959	392	394	584	0.0	600
TRINITY_DN552_c0_g1_i15.p1	TRINITY_DN920_c0_g1_i14.p1	50.130	385	394	620	6.20e-131	381
TRINITY_DN552_c0_g1_i15.p1	TRINITY_DN235_c0_g1_i1.p1	75.419	179	394	331	1.65e-92	273
TRINITY_DN552_c0_g1_i15.p1	TRINITY_DN256_c0_g1_i8.p1	34.080	402	394	642	1.38e-67	217
TRINITY_DN552_c0_g1_i15.p1	TRINITY_DN1740_c0_g3_i1.p1	33.166	398	394	539	6.81e-61	197
TRINITY_DN552_c0_g1_i15.p1	TRINITY_DN22_c2_g1_i1.p1	29.557	406	394	557	9.26e-54	178
TRINITY_DN552_c0_g1_i15.p1	TRINITY_DN10214_c0_g1_i1.p1	29.676	401	394	551	1.26e-47	161
TRINITY_DN552_c0_g1_i15.p1	TRINITY_DN9322_c0_g2_i1.p1	29.310	406	394	543	2.86e-46	157
TRINITY_DN552_c0_g1_i15.p1	TRINITY_DN604_c0_g1_i10.p1	31.156	398	394	548	7.53e-46	156
TRINITY_DN552_c0_g1_i15.p1	TRINITY_DN665_c0_g1_i12.p1	31.500	400	394	584	3.76e-45	155
TRINITY_DN552_c0_g1_i15.p1	TRINITY_DN1194_c0_g1_i10.p1	27.628	409	394	736	2.24e-44	154
TRINITY_DN552_c0_g1_i15.p1	TRINITY_DN2312_c0_g1_i11.p1	28.788	396	394	536	3.02e-44	152
TRINITY_DN552_c0_g1_i15.p1	TRINITY_DN22_c1_g1_i12.p1	30.097	412	394	494	1.01e-42	147
TRINITY_DN552_c0_g1_i15.p1	TRINITY_DN13111_c1_g1_i1.p1	30.457	394	394	529	8.03e-42	145
TRINITY_DN552_c0_g1_i15.p1	TRINITY_DN5285_c0_g1_i1.p1	26.056	426	394	584	2.14e-41	145
TRINITY_DN552_c0_g1_i15.p1	TRINITY_DN3016_c0_g1_i1.p1	26.698	427	394	587	2.44e-35	127
TRINITY_DN552_c0_g1_i15.p1	TRINITY_DN5029_c0_g1_i1.p1	27.671	365	394	592	2.22e-30	113
TRINITY_DN552_c0_g1_i15.p1	TRINITY_DN58976_c0_g1_i1.p1	26.064	376	394	583	9.33e-28	105
TRINITY_DN552_c0_g1_i15.p1	TRINITY_DN25123_c0_g1_i1.p1	25.993	277	394	427	1.15e-23	92.8
TRINITY_DN58976_c0_g1_i1.p1	TRINITY_DN58976_c0_g1_i1.p1	100.000	583	583	583	0.0	1217
TRINITY_DN58976_c0_g1_i1.p1	TRINITY_DN5029_c0_g1_i1.p1	45.423	579	583	592	1.21e-161	466
TRINITY_DN58976_c0_g1_i1.p1	TRINITY_DN1194_c0_g1_i10.p1	30.339	501	583	736	2.62e-71	234
TRINITY_DN58976_c0_g1_i1.p1	TRINITY_DN2312_c0_g1_i11.p1	32.685	514	583	536	3.32e-71	229
TRINITY_DN58976_c0_g1_i1.p1	TRINITY_DN1740_c0_g3_i1.p1	30.891	505	583	539	1.28e-62	207
TRINITY_DN58976_c0_g1_i1.p1	TRINITY_DN9322_c0_g2_i1.p1	29.470	509	583	543	2.04e-61	204
TRINITY_DN58976_c0_g1_i1.p1	TRINITY_DN22_c2_g1_i1.p1	27.273	572	583	557	2.26e-50	174
TRINITY_DN58976_c0_g1_i1.p1	TRINITY_DN22_c1_g1_i12.p1	27.606	518	583	494	2.99e-48	166
TRINITY_DN58976_c0_g1_i1.p1	TRINITY_DN235_c0_g1_i1.p1	33.654	312	583	331	4.71e-48	162
TRINITY_DN58976_c0_g1_i1.p1	TRINITY_DN5285_c0_g1_i1.p1	25.603	539	583	584	1.78e-45	160
TRINITY_DN58976_c0_g1_i1.p1	TRINITY_DN10214_c0_g1_i1.p1	25.981	535	583	551	3.97e-43	153
TRINITY_DN58976_c0_g1_i1.p1	TRINITY_DN604_c0_g1_i10.p1	25.591	508	583	548	1.19e-39	143
TRINITY_DN58976_c0_g1_i1.p1	TRINITY_DN69_c0_g1_i5.p1	27.559	508	583	584	2.88e-39	142
TRINITY_DN58976_c0_g1_i1.p1	TRINITY_DN920_c0_g1_i14.p1	25.594	547	583	620	5.76e-39	142
TRINITY_DN58976_c0_g1_i1.p1	TRINITY_DN3016_c0_g1_i1.p1	24.162	567	583	587	1.33e-38	140
TRINITY_DN58976_c0_g1_i1.p1	TRINITY_DN25123_c0_g1_i1.p1	27.952	415	583	427	1.28e-37	135
TRINITY_DN58976_c0_g1_i1.p1	TRINITY_DN256_c0_g1_i8.p1	25.192	520	583	642	2.11e-33	125
TRINITY_DN58976_c0_g1_i1.p1	TRINITY_DN665_c0_g1_i12.p1	26.181	508	583	584	2.34e-33	125
TRINITY_DN58976_c0_g1_i1.p1	TRINITY_DN13111_c1_g1_i1.p1	25.458	546	583	529	5.02e-29	111
TRINITY_DN58976_c0_g1_i1.p1	TRINITY_DN552_c0_g1_i15.p1	26.064	376	583	394	1.38e-27	105
TRINITY_DN604_c0_g1_i10.p1	TRINITY_DN604_c0_g1_i10.p1	100.000	548	548	548	0.0	1129
TRINITY_DN604_c0_g1_i10.p1	TRINITY_DN665_c0_g1_i12.p1	55.616	552	548	584	0.0	617
TRINITY_DN604_c0_g1_i10.p1	TRINITY_DN13111_c1_g1_i1.p1	40.037	542	548	529	2.56e-120	357
TRINITY_DN604_c0_g1_i10.p1	TRINITY_DN1740_c0_g3_i1.p1	37.240	529	548	539	2.20e-114	342
TRINITY_DN604_c0_g1_i10.p1	TRINITY_DN1194_c0_g1_i10.p1	34.264	537	548	736	3.65e-80	257
TRINITY_DN604_c0_g1_i10.p1	TRINITY_DN22_c1_g1_i12.p1	33.747	483	548	494	2.39e-76	241
TRINITY_DN604_c0_g1_i10.p1	TRINITY_DN2312_c0_g1_i11.p1	32.885	520	548	536	8.03e-76	241
TRINITY_DN604_c0_g1_i10.p1	TRINITY_DN9322_c0_g2_i1.p1	30.347	547	548	543	5.81e-73	234
TRINITY_DN604_c0_g1_i10.p1	TRINITY_DN22_c2_g1_i1.p1	31.725	539	548	557	3.29e-70	227
TRINITY_DN604_c0_g1_i10.p1	TRINITY_DN5285_c0_g1_i1.p1	29.813	587	548	584	3.70e-70	227
TRINITY_DN604_c0_g1_i10.p1	TRINITY_DN10214_c0_g1_i1.p1	32.110	545	548	551	5.87e-70	226
TRINITY_DN604_c0_g1_i10.p1	TRINITY_DN256_c0_g1_i8.p1	31.485	559	548	642	1.21e-68	224
TRINITY_DN604_c0_g1_i10.p1	TRINITY_DN3016_c0_g1_i1.p1	28.920	574	548	587	2.32e-60	201
TRINITY_DN604_c0_g1_i10.p1	TRINITY_DN920_c0_g1_i14.p1	28.339	554	548	620	8.45e-58	194
TRINITY_DN604_c0_g1_i10.p1	TRINITY_DN69_c0_g1_i5.p1	29.020	541	548	584	1.94e-48	168
TRINITY_DN604_c0_g1_i10.p1	TRINITY_DN5029_c0_g1_i1.p1	28.750	560	548	592	8.84e-46	160
TRINITY_DN604_c0_g1_i10.p1	TRINITY_DN552_c0_g1_i15.p1	31.156	398	548	394	1.05e-45	156
TRINITY_DN604_c0_g1_i10.p1	TRINITY_DN235_c0_g1_i1.p1	33.229	319	548	331	2.42e-44	151
TRINITY_DN604_c0_g1_i10.p1	TRINITY_DN58976_c0_g1_i1.p1	25.591	508	548	583	1.12e-39	143
TRINITY_DN604_c0_g1_i10.p1	TRINITY_DN25123_c0_g1_i1.p1	28.042	378	548	427	1.34e-34	126
TRINITY_DN665_c0_g1_i12.p1	TRINITY_DN665_c0_g1_i12.p1	100.000	584	584	584	0.0	1212
TRINITY_DN665_c0_g1_i12.p1	TRINITY_DN604_c0_g1_i10.p1	55.616	552	584	548	0.0	617
TRINITY_DN665_c0_g1_i12.p1	TRINITY_DN13111_c1_g1_i1.p1	36.481	540	584	529	1.10e-107	325
TRINITY_DN665_c0_g1_i12.p1	TRINITY_DN1740_c0_g3_i1.p1	35.038	528	584	539	9.47e-97	297
TRINITY_DN665_c0_g1_i12.p1	TRINITY_DN1194_c0_g1_i10.p1	33.759	548	584	736	3.97e-78	253
TRINITY_DN665_c0_g1_i12.p1	TRINITY_DN2312_c0_g1_i11.p1	32.037	540	584	536	3.77e-73	235
TRINITY_DN665_c0_g1_i12.p1	TRINITY_DN22_c1_g1_i12.p1	31.211	487	584	494	1.62e-66	216
TRINITY_DN665_c0_g1_i12.p1	TRINITY_DN256_c0_g1_i8.p1	30.880	557	584	642	2.56e-65	216
TRINITY_DN665_c0_g1_i12.p1	TRINITY_DN10214_c0_g1_i1.p1	29.026	534	584	551	6.86e-62	205
TRINITY_DN665_c0_g1_i12.p1	TRINITY_DN9322_c0_g2_i1.p1	28.757	539	584	543	1.70e-57	193
TRINITY_DN665_c0_g1_i12.p1	TRINITY_DN22_c2_g1_i1.p1	28.466	541	584	557	9.96e-57	191
TRINITY_DN665_c0_g1_i12.p1	TRINITY_DN5285_c0_g1_i1.p1	28.302	583	584	584	6.41e-54	184
TRINITY_DN665_c0_g1_i12.p1	TRINITY_DN920_c0_g1_i14.p1	28.822	569	584	620	4.13e-50	174
TRINITY_DN665_c0_g1_i12.p1	TRINITY_DN3016_c0_g1_i1.p1	28.668	593	584	587	1.81e-48	169
TRINITY_DN665_c0_g1_i12.p1	TRINITY_DN235_c0_g1_i1.p1	37.107	318	584	331	2.33e-45	154
TRINITY_DN665_c0_g1_i12.p1	TRINITY_DN69_c0_g1_i5.p1	30.700	557	584	584	3.97e-45	159
TRINITY_DN665_c0_g1_i12.p1	TRINITY_DN552_c0_g1_i15.p1	31.500	400	584	394	5.57e-45	155
TRINITY_DN665_c0_g1_i12.p1	TRINITY_DN58976_c0_g1_i1.p1	26.181	508	584	583	2.34e-33	125
TRINITY_DN665_c0_g1_i12.p1	TRINITY_DN25123_c0_g1_i1.p1	30.592	304	584	427	8.43e-32	118
TRINITY_DN665_c0_g1_i12.p1	TRINITY_DN5029_c0_g1_i1.p1	25.720	521	584	592	6.44e-31	117
TRINITY_DN69_c0_g1_i5.p1	TRINITY_DN69_c0_g1_i5.p1	100.000	584	584	584	0.0	1209
TRINITY_DN69_c0_g1_i5.p1	TRINITY_DN552_c0_g1_i15.p1	72.959	392	584	394	0.0	598
TRINITY_DN69_c0_g1_i5.p1	TRINITY_DN920_c0_g1_i14.p1	48.108	555	584	620	2.33e-175	502
TRINITY_DN69_c0_g1_i5.p1	TRINITY_DN235_c0_g1_i1.p1	69.851	335	584	331	2.20e-167	471
TRINITY_DN69_c0_g1_i5.p1	TRINITY_DN1740_c0_g3_i1.p1	34.004	547	584	539	3.11e-87	272
TRINITY_DN69_c0_g1_i5.p1	TRINITY_DN256_c0_g1_i8.p1	32.343	572	584	642	5.96e-84	266
TRINITY_DN69_c0_g1_i5.p1	TRINITY_DN1194_c0_g1_i10.p1	32.216	537	584	736	4.02e-75	245
TRINITY_DN69_c0_g1_i5.p1	TRINITY_DN9322_c0_g2_i1.p1	30.970	536	584	543	5.62e-72	232
TRINITY_DN69_c0_g1_i5.p1	TRINITY_DN2312_c0_g1_i11.p1	30.224	536	584	536	1.56e-65	214
TRINITY_DN69_c0_g1_i5.p1	TRINITY_DN22_c2_g1_i1.p1	26.902	539	584	557	2.33e-61	204
TRINITY_DN69_c0_g1_i5.p1	TRINITY_DN10214_c0_g1_i1.p1	28.905	557	584	551	2.57e-61	204
TRINITY_DN69_c0_g1_i5.p1	TRINITY_DN604_c0_g1_i10.p1	30.258	542	584	548	9.79e-60	199
TRINITY_DN69_c0_g1_i5.p1	TRINITY_DN13111_c1_g1_i1.p1	28.986	552	584	529	4.56e-57	191
TRINITY_DN69_c0_g1_i5.p1	TRINITY_DN665_c0_g1_i12.p1	30.948	559	584	584	1.35e-56	191
TRINITY_DN69_c0_g1_i5.p1	TRINITY_DN22_c1_g1_i12.p1	30.980	510	584	494	4.65e-55	185
TRINITY_DN69_c0_g1_i5.p1	TRINITY_DN5029_c0_g1_i1.p1	30.476	525	584	592	2.23e-52	180
TRINITY_DN69_c0_g1_i5.p1	TRINITY_DN5285_c0_g1_i1.p1	26.508	547	584	584	1.18e-48	169
TRINITY_DN69_c0_g1_i5.p1	TRINITY_DN58976_c0_g1_i1.p1	29.109	505	584	583	8.43e-48	167
TRINITY_DN69_c0_g1_i5.p1	TRINITY_DN3016_c0_g1_i1.p1	24.564	574	584	587	1.07e-44	158
TRINITY_DN69_c0_g1_i5.p1	TRINITY_DN25123_c0_g1_i1.p1	27.679	448	584	427	8.33e-40	141
TRINITY_DN920_c0_g1_i14.p1	TRINITY_DN920_c0_g1_i14.p1	100.000	620	620	620	0.0	1281
TRINITY_DN920_c0_g1_i14.p1	TRINITY_DN69_c0_g1_i5.p1	47.780	563	620	584	9.34e-164	473
TRINITY_DN920_c0_g1_i14.p1	TRINITY_DN552_c0_g1_i15.p1	49.618	393	620	394	4.43e-131	382
TRINITY_DN920_c0_g1_i14.p1	TRINITY_DN235_c0_g1_i1.p1	47.214	341	620	331	7.23e-100	299
TRINITY_DN920_c0_g1_i14.p1	TRINITY_DN256_c0_g1_i8.p1	32.496	557	620	642	1.10e-86	275
TRINITY_DN920_c0_g1_i14.p1	TRINITY_DN1740_c0_g3_i1.p1	32.264	530	620	539	4.58e-71	230
TRINITY_DN920_c0_g1_i14.p1	TRINITY_DN2312_c0_g1_i11.p1	30.241	539	620	536	2.90e-68	223
TRINITY_DN920_c0_g1_i14.p1	TRINITY_DN1194_c0_g1_i10.p1	30.258	542	620	736	6.83e-65	218
TRINITY_DN920_c0_g1_i14.p1	TRINITY_DN604_c0_g1_i10.p1	28.339	554	620	548	1.35e-57	194
TRINITY_DN920_c0_g1_i14.p1	TRINITY_DN9322_c0_g2_i1.p1	27.032	529	620	543	4.30e-55	187
TRINITY_DN920_c0_g1_i14.p1	TRINITY_DN10214_c0_g1_i1.p1	27.639	521	620	551	5.37e-52	179
TRINITY_DN920_c0_g1_i14.p1	TRINITY_DN5285_c0_g1_i1.p1	26.703	558	620	584	2.06e-51	178
TRINITY_DN920_c0_g1_i14.p1	TRINITY_DN665_c0_g1_i12.p1	28.822	569	620	584	3.32e-50	174
TRINITY_DN920_c0_g1_i14.p1	TRINITY_DN22_c2_g1_i1.p1	27.542	541	620	557	6.47e-48	167
TRINITY_DN920_c0_g1_i14.p1	TRINITY_DN3016_c0_g1_i1.p1	25.983	585	620	587	7.11e-46	162
TRINITY_DN920_c0_g1_i14.p1	TRINITY_DN22_c1_g1_i12.p1	29.399	466	620	494	8.30e-46	160
TRINITY_DN920_c0_g1_i14.p1	TRINITY_DN13111_c1_g1_i1.p1	26.690	562	620	529	2.21e-42	151
TRINITY_DN920_c0_g1_i14.p1	TRINITY_DN5029_c0_g1_i1.p1	27.675	542	620	592	1.75e-40	147
TRINITY_DN920_c0_g1_i14.p1	TRINITY_DN58976_c0_g1_i1.p1	25.912	548	620	583	4.45e-39	142
TRINITY_DN920_c0_g1_i14.p1	TRINITY_DN25123_c0_g1_i1.p1	25.792	442	620	427	2.23e-30	114
TRINITY_DN9322_c0_g2_i1.p1	TRINITY_DN9322_c0_g2_i1.p1	100.000	543	543	543	0.0	1132
TRINITY_DN9322_c0_g2_i1.p1	TRINITY_DN22_c1_g1_i12.p1	41.903	494	543	494	7.03e-136	395
TRINITY_DN9322_c0_g2_i1.p1	TRINITY_DN1194_c0_g1_i10.p1	35.902	532	543	736	1.85e-101	313
TRINITY_DN9322_c0_g2_i1.p1	TRINITY_DN1740_c0_g3_i1.p1	34.586	532	543	539	3.41e-92	284
TRINITY_DN9322_c0_g2_i1.p1	TRINITY_DN2312_c0_g1_i11.p1	34.015	538	543	536	1.24e-86	269
TRINITY_DN9322_c0_g2_i1.p1	TRINITY_DN604_c0_g1_i10.p1	30.347	547	543	548	5.75e-73	234
TRINITY_DN9322_c0_g2_i1.p1	TRINITY_DN10214_c0_g1_i1.p1	31.743	545	543	551	3.09e-71	229
TRINITY_DN9322_c0_g2_i1.p1	TRINITY_DN5285_c0_g1_i1.p1	30.783	562	543	584	8.43e-70	226
TRINITY_DN9322_c0_g2_i1.p1	TRINITY_DN256_c0_g1_i8.p1	32.238	487	543	642	2.45e-68	223
TRINITY_DN9322_c0_g2_i1.p1	TRINITY_DN5029_c0_g1_i1.p1	33.779	524	543	592	7.70e-67	218
TRINITY_DN9322_c0_g2_i1.p1	TRINITY_DN22_c2_g1_i1.p1	29.068	547	543	557	2.34e-63	208
TRINITY_DN9322_c0_g2_i1.p1	TRINITY_DN235_c0_g1_i1.p1	36.728	324	543	331	1.36e-62	200
TRINITY_DN9322_c0_g2_i1.p1	TRINITY_DN13111_c1_g1_i1.p1	31.777	557	543	529	2.73e-62	204
TRINITY_DN9322_c0_g2_i1.p1	TRINITY_DN58976_c0_g1_i1.p1	29.470	509	543	583	1.90e-61	204
TRINITY_DN9322_c0_g2_i1.p1	TRINITY_DN3016_c0_g1_i1.p1	28.920	574	543	587	3.37e-60	200
TRINITY_DN9322_c0_g2_i1.p1	TRINITY_DN665_c0_g1_i12.p1	28.757	539	543	584	1.58e-57	193
TRINITY_DN9322_c0_g2_i1.p1	TRINITY_DN69_c0_g1_i5.p1	30.074	542	543	584	7.87e-57	191
TRINITY_DN9322_c0_g2_i1.p1	TRINITY_DN920_c0_g1_i14.p1	27.032	529	543	620	2.78e-55	187
TRINITY_DN9322_c0_g2_i1.p1	TRINITY_DN25123_c0_g1_i1.p1	33.621	348	543	427	6.89e-47	160
TRINITY_DN9322_c0_g2_i1.p1	TRINITY_DN552_c0_g1_i15.p1	29.310	406	543	394	3.94e-46	157
