TRINITY_DN10129_c0_g1_i1	0	1.105233	0.904207	0.878375	0.151137	0
TRINITY_DN10129_c0_g1_i2	0	0.206635	0.109524	0.155276	0	0
TRINITY_DN10129_c0_g1_i3	0.382901	0.165795	0.981238	0.742749	0	1.561776
TRINITY_DN10129_c0_g1_i7	0.474266	0	0	0	0.143133	0.598851
TRINITY_DN10198_c0_g1_i1	0.021497	0	0	0	0.273155	0
TRINITY_DN10198_c0_g1_i10	0.173242	0.464897	0.297784	1.377615	1.82473	0.931007
TRINITY_DN10198_c0_g1_i11	0.097163	0	0.151035	0.141448	0	0
TRINITY_DN10198_c0_g1_i2	0	0.060153	0.041713	0.121652	0	0.063001
TRINITY_DN10198_c0_g1_i5	0	0.365838	0	0.322148	0.379129	0.216409
TRINITY_DN10198_c0_g1_i7	0	0.344308	0	0.119867	0.179991	0.166259
TRINITY_DN1031_c0_g1_i1	105.327005	248.400677	101.677565	180.113046	205.692074	221.625019
TRINITY_DN1069_c0_g1_i10	0.291148	0.216388	0	3.449244	3.293505	0.431431
TRINITY_DN1069_c0_g1_i11	1.375747	0.656442	0.623262	2.510466	0.307764	2.98867
TRINITY_DN1069_c0_g1_i14	0	19.752825	16.006015	0	0	0.39759
TRINITY_DN1069_c0_g1_i15	0	0	9.735437	9.578187	9.982075	0
TRINITY_DN1069_c0_g1_i3	0.330723	0.197767	0.193328	1.981559	0.599248	1.056676
TRINITY_DN1069_c0_g1_i5	0.024895	0.391447	0.018427	0.486577	0.405762	0
TRINITY_DN1069_c0_g1_i7	0.046235	0.330521	0.209098	0.753902	0.887542	0.136372
TRINITY_DN1069_c0_g1_i9	0.34657	0.824418	0.460219	4.42719	2.622444	3.759187
TRINITY_DN10997_c0_g1_i11	0.117678	0.174423	0.016763	0	0	0
TRINITY_DN10997_c0_g1_i17	0	0	0	0.141229	0.403962	0
TRINITY_DN10997_c0_g1_i5	0.20335	0.425962	0.072971	0.383599	0.194132	0.155047
TRINITY_DN10997_c0_g1_i6	0	0	0	0.016762	0.306198	0.051846
TRINITY_DN10997_c0_g1_i8	0	0	0	0.069446	0.310247	0
TRINITY_DN1100_c17_g1_i1	0.544233	0.106311	0.128397	0.666814	0.216373	0.407042
TRINITY_DN11056_c0_g1_i1	0.183319	0.232576	0.136503	0.064367	0.538616	0
TRINITY_DN11056_c0_g1_i2	0	0	0	0.266	0.243052	0
TRINITY_DN11056_c0_g1_i3	2.713493	3.140107	29.704222	8.866973	4.003271	2.64169
TRINITY_DN11335_c0_g1_i1	1.004938	0.370683	2.797816	1.723634	1.028099	2.288362
TRINITY_DN11335_c0_g1_i2	0	0	0.035653	0.056492	0	0.048597
TRINITY_DN11335_c0_g1_i3	3.905355	0.317055	4.143862	0.344903	0	0.485619
TRINITY_DN11335_c0_g1_i4	6.853421	5.47246	14.579381	22.708892	18.545894	44.624354
TRINITY_DN11873_c0_g1_i1	0.756819	0.836786	0.079039	0.730267	0.595448	0.428688
TRINITY_DN1263_c0_g1_i1	0.279298	0.926927	0.401238	1.703693	0.925854	2.414051
TRINITY_DN127_c0_g1_i2	0	0	0	0	0	0
TRINITY_DN127_c0_g1_i3	11.013187	78.187972	3.920404	9.578779	2.553682	0.564758
TRINITY_DN127_c0_g1_i4	27.001908	62.067269	53.009822	1.812248	20.589881	6.370656
TRINITY_DN127_c0_g2_i1	3.031418	8.867058	6.073829	14.092697	25.58804	5.208213
TRINITY_DN127_c0_g4_i1	0.577891	0.927658	0.679945	0.185883	0	0.710701
TRINITY_DN127_c0_g4_i2	119.207874	278.758055	113.1925	203.533679	236.197813	246.913913
TRINITY_DN127_c0_g5_i1	2.025318	9.362722	1.932076	3.159568	3.00811	1.152988
TRINITY_DN12904_c0_g1_i1	0.123761	0.115234	1.233115	0.28587	0.146835	0.794703
TRINITY_DN13006_c0_g1_i1	0.039315	0.185763	0	0.392362	0.047551	0
TRINITY_DN13006_c0_g1_i2	0.080144	0	0	0	0.427603	0.101763
TRINITY_DN13006_c0_g1_i3	0	0	0	0	0.5835	0
TRINITY_DN1316_c0_g1_i11	0.959202	1.432886	1.415973	1.66477	1.49204	1.551471
TRINITY_DN1316_c0_g1_i16	0.930729	0.410548	1.240015	0.952397	1.344042	2.306787
TRINITY_DN1316_c0_g1_i17	0.294059	1.002906	0.593393	0	0.195579	0
TRINITY_DN1316_c0_g1_i2	0.115291	0.966052	0.065337	0.389366	0.212406	0.409919
TRINITY_DN1316_c0_g1_i20	0.745652	1.700734	0.094237	0	0.106697	0
TRINITY_DN1316_c0_g1_i22	0.416793	0.321514	0.285049	0.735288	0.320657	1.388733
TRINITY_DN1316_c0_g1_i25	0.352492	0.790002	0	0.261009	0	0.398447
TRINITY_DN1316_c0_g1_i5	0.286601	0.685821	0.580335	0.788821	0.840828	1.163215
TRINITY_DN1316_c0_g1_i9	0	0	0	0	0.528011	0
TRINITY_DN136_c6_g1_i10	27.841999	11.142096	24.394271	27.698784	0	0
TRINITY_DN136_c6_g1_i2	0	22.326883	8.271879	30.444502	54.177665	61.140464
TRINITY_DN136_c6_g1_i4	0.126828	0.360569	0.428284	1.274335	0.0871	0.390503
TRINITY_DN136_c6_g1_i6	0.204842	0.250327	1.348978	2.395189	0.644029	0.26938
TRINITY_DN13796_c0_g1_i1	0.550968	1.318773	0	0.956388	0.219929	0.393
TRINITY_DN13796_c0_g1_i2	0.33391	0	0.64753	0.603687	0	0
TRINITY_DN13796_c0_g1_i3	2.763089	16.703184	23.982186	28.580014	22.199964	10.812084
TRINITY_DN13796_c0_g1_i4	0	0.803381	0.089142	0	0.684934	1.187106
TRINITY_DN13796_c0_g1_i5	0.364307	2.352382	0	0.391825	1.563134	4.825578
TRINITY_DN1457_c0_g2_i1	1.228676	2.373415	0.155328	0.513531	0.296633	0.247885
TRINITY_DN1457_c0_g2_i2	0	0	1.788217	3.624117	3.062704	2.02452
TRINITY_DN14631_c0_g1_i1	0.355301	26.795746	7.284161	0.263738	1.049816	0
TRINITY_DN147_c0_g1_i11	0.742176	3.124454	0.918754	6.907202	2.862524	2.956475
TRINITY_DN147_c0_g1_i12	0	0	0	0.076638	0	0
TRINITY_DN147_c0_g1_i3	0.029093	0.867801	0	0.395933	0.822936	0
TRINITY_DN147_c0_g1_i4	0.495837	1.961112	0.023131	4.612956	2.486613	0
TRINITY_DN147_c0_g1_i5	0.091161	0.128496	0.101401	1.058381	0.278014	0
TRINITY_DN147_c0_g1_i7	0.966145	3.999497	5.570686	11.975065	5.922998	5.529585
TRINITY_DN147_c0_g1_i9	0.488942	0.950728	1.410163	2.062715	1.596778	0.961296
TRINITY_DN15068_c0_g1_i1	0.492827	1.521365	0.318072	0.507687	1.88841	1.056705
TRINITY_DN15068_c0_g1_i2	0.055615	0	0.141954	0.256575	0.12273	0.061367
TRINITY_DN159_c0_g1_i10	2.312687	4.61993	3.694406	2.701464	2.402528	3.337729
TRINITY_DN159_c0_g1_i11	15.437247	15.609368	3.142442	19.327203	19.186761	29.366771
TRINITY_DN159_c0_g1_i12	45.4593	67.412106	89.879072	43.031127	54.994403	67.586524
TRINITY_DN159_c0_g1_i13	16.007497	49.318523	68.420242	0	0	0
TRINITY_DN159_c0_g1_i14	0.761783	2.088882	1.954749	0.304912	0.491298	0.616651
TRINITY_DN159_c0_g1_i16	13.571449	0	33.0573	36.04087	56.190311	76.93967
TRINITY_DN159_c0_g1_i18	32.082358	52.118324	32.964176	27.631634	25.248879	24.813362
TRINITY_DN159_c0_g1_i19	0.023131	0.099477	1.238483	10.069955	13.205219	0
TRINITY_DN159_c0_g1_i2	0	8.709378	20.674654	0	0	0
TRINITY_DN159_c0_g1_i3	24.172873	34.95967	35.639521	10.824053	17.931774	0
TRINITY_DN159_c0_g1_i5	17.743973	20.074819	8.395564	9.485356	8.251716	7.943102
TRINITY_DN159_c1_g1_i1	106.362664	191.393355	264.676018	126.26685	161.644605	180.928707
TRINITY_DN1632_c1_g1_i1	17.044481	33.527145	30.672427	36.244282	28.429051	48.118258
TRINITY_DN1632_c1_g2_i1	0	3.990447	0	8.548632	6.613628	2.49353
TRINITY_DN1632_c1_g2_i3	3.090205	4.01992	2.485156	0	0	5.933006
TRINITY_DN1632_c1_g2_i4	0.077826	0.336859	2.822002	3.231637	1.323087	2.498379
TRINITY_DN1632_c1_g2_i5	6.799358	21.784772	9.305761	7.247203	4.978657	10.585556
TRINITY_DN1632_c1_g2_i6	5.74288	10.973351	0.979718	8.852784	5.828658	10.071376
TRINITY_DN1632_c1_g2_i8	1.564404	2.026982	4.886046	3.31501	1.154472	2.833158
TRINITY_DN169_c0_g1_i3	5.856212	37.624351	47.761742	9.212491	5.488819	20.016071
TRINITY_DN169_c0_g1_i4	13.041306	74.419071	92.031248	57.104356	43.568959	38.322136
TRINITY_DN1691_c0_g4_i1	0	0.063685	0.008751	0	0.246544	0.348366
TRINITY_DN1691_c0_g4_i2	0	2.866622	0	0	1.902866	3.021811
TRINITY_DN17545_c0_g1_i1	0.072285	0.050275	0.021077	0.098559	0.117014	0
TRINITY_DN17545_c0_g1_i2	0	0	0	0	0	0.071652
TRINITY_DN1767_c0_g1_i1	0	0.729177	0	0.633421	0.905875	0
TRINITY_DN1767_c0_g1_i2	1.082845	2.370886	2.040284	3.451343	2.969652	1.277543
TRINITY_DN1767_c0_g1_i3	0.335845	0.879647	0.469959	1.123248	0.445108	0.472603
TRINITY_DN180_c0_g1_i1	0.983864	3.73843	5.837023	0.848176	0.240399	2.430249
TRINITY_DN180_c0_g1_i2	21.783281	57.573977	11.964743	28.654746	18.848542	4.61291
TRINITY_DN180_c0_g1_i3	0.939453	1.220362	1.807963	4.069446	2.248273	1.384079
TRINITY_DN180_c0_g1_i4	0	0.806918	0.866108	0	0	0
TRINITY_DN180_c0_g2_i1	104.813762	247.093086	195.446905	149.394386	139.303623	158.590461
TRINITY_DN180_c0_g2_i2	0.341828	0.36191	0.276632	0.401924	0.323701	0.481173
TRINITY_DN180_c0_g3_i1	9.599034	50.123186	66.650097	42.5458	30.870088	27.139819
TRINITY_DN18331_c0_g2_i1	0.091867	0.054306	0.121401	0.100403	0.367407	0.012736
TRINITY_DN1840_c0_g2_i10	1.629741	0	3.658714	0.5822	0	0
TRINITY_DN1840_c0_g2_i12	0	0.572654	1.191512	0.590129	0.741125	0.506336
TRINITY_DN1840_c0_g2_i14	0.018345	0.619337	0.301992	0.021268	0.212221	0.219569
TRINITY_DN1840_c0_g2_i16	0.125174	0.379401	0.813943	0.22501	0.957878	0.20475
TRINITY_DN1840_c0_g2_i17	0.310818	0.581565	1.351975	0.388917	0.511654	0.41495
TRINITY_DN1840_c0_g2_i21	0.198513	0.759389	0.862087	0.047526	0.923291	0.298999
TRINITY_DN1840_c0_g2_i23	19.8172	41.406383	69.020874	15.983976	27.669154	15.449517
TRINITY_DN18419_c0_g1_i11	0.310638	0	0.15716	0.375393	0	0.022032
TRINITY_DN18419_c0_g1_i13	0.588213	0.838833	0.346527	0	0	0
TRINITY_DN18419_c0_g1_i4	0	0.681367	0	2.481917	1.587891	1.083636
TRINITY_DN18419_c0_g1_i5	0	0.073282	0.069713	0.241432	0	0
TRINITY_DN18419_c0_g1_i8	0	0.737764	0.171206	1.535182	0	1.143011
TRINITY_DN18419_c0_g1_i9	0	1.508664	0.090709	0.410106	0.880285	0.901967
TRINITY_DN20601_c0_g1_i1	0	0	0.085317	0	0	0
TRINITY_DN20601_c0_g1_i2	0	0.083653	0	0.03064	0.256613	0.017852
TRINITY_DN2213_c0_g1_i1	2.573743	15.69529	4.25873	6.423657	4.85312	2.836906
TRINITY_DN22780_c0_g1_i1	0.023155	1.512598	0.736923	1.448874	0.660998	0.109393
TRINITY_DN241_c0_g2_i1	0	1.930147	0	2.194129	0.809674	0
TRINITY_DN241_c0_g2_i2	0.400605	0.670082	0.394643	0.939188	0.462796	0.479371
TRINITY_DN241_c0_g2_i3	0.102257	0.320286	0.333759	13.379559	4.975601	13.396362
TRINITY_DN241_c0_g2_i4	0	1.004184	1.472529	3.949143	20.162651	7.032312
TRINITY_DN241_c0_g2_i5	0.374917	0	0	0	0.711435	1.227767
TRINITY_DN241_c0_g2_i6	0.576086	11.773605	21.889757	95.454728	55.412203	7.575062
TRINITY_DN257_c3_g1_i1	0	1.053344	0.857452	0	0	0
TRINITY_DN257_c3_g1_i14	2.649508	3.054807	0.341712	2.925351	2.124004	1.383246
TRINITY_DN257_c3_g1_i4	0.127519	0.045469	0.351783	0	0	0.49708
TRINITY_DN257_c3_g1_i8	0	0	0	3.018016	2.305043	1.268797
TRINITY_DN257_c3_g1_i9	5.124379	2.521036	3.615612	2.468315	3.283959	2.533412
TRINITY_DN25915_c0_g1_i1	0	0.774	0.016133	0	0	1.256054
TRINITY_DN25915_c0_g1_i2	2.382678	0	0	1.861655	6.993498	0.962609
TRINITY_DN25915_c0_g1_i3	4.441274	11.912495	0	0	0	11.998769
TRINITY_DN25915_c0_g1_i4	0	0	0.855789	5.228664	2.879555	0
TRINITY_DN25915_c0_g1_i6	0	0	0	0.812421	0.878604	0
TRINITY_DN25915_c0_g1_i8	0.212627	0.119786	0.239079	0.109281	0	0.105698
TRINITY_DN26550_c0_g1_i2	0	0.113715	0	0.041761	0	0
TRINITY_DN26550_c0_g1_i3	0	0	0	0	0	0.19864
TRINITY_DN26550_c0_g1_i4	0	0	0	0	0	0.171479
TRINITY_DN26550_c0_g2_i1	0	0	0	0	0.244952	0.284037
TRINITY_DN26550_c0_g2_i3	0.027231	0.0689	0	0.151478	0.105126	0
TRINITY_DN276_c0_g1_i2	1.079685	1.315515	2.263975	2.318836	1.915156	1.800979
TRINITY_DN276_c0_g1_i3	35.024151	39.138186	30.99936	56.854905	45.433391	63.384557
TRINITY_DN276_c0_g1_i4	1.955308	1.087773	3.093354	2.895885	2.214176	2.369821
TRINITY_DN276_c0_g2_i1	4.396594	9.124441	4.9883	9.626017	7.891539	4.51278
TRINITY_DN276_c0_g2_i3	0.146906	0.587105	0.28575	0.980978	0.445515	0.469435
TRINITY_DN2768_c0_g1_i1	0	0.142275	0	0.299472	0.448788	0
TRINITY_DN2768_c0_g1_i2	3.001373	41.345109	2.438515	3.799556	3.007275	6.281309
TRINITY_DN2768_c0_g1_i3	0	9.250745	0	0	0	4.826254
TRINITY_DN2768_c0_g1_i4	2.035635	35.940615	1.440077	2.662045	2.36276	6.37807
TRINITY_DN2768_c0_g1_i5	0.398026	1.4197	0.489843	1.561966	0.657046	0.447456
TRINITY_DN2768_c0_g1_i6	0.050605	0.087264	0	0	0	0.089217
TRINITY_DN2768_c0_g1_i7	0.271706	0.671344	0	0.378485	0	0
TRINITY_DN2810_c0_g1_i1	2.243599	1.125679	0.775903	4.000393	0.505446	3.313969
TRINITY_DN2810_c0_g1_i10	0.11856	0	0	0	0	1.646602
TRINITY_DN2810_c0_g1_i12	0.61725	6.123175	2.372016	3.148646	6.952902	3.790798
TRINITY_DN2810_c0_g1_i6	0.208058	6.972084	5.795965	1.659168	9.826173	7.441709
TRINITY_DN2810_c0_g1_i8	0.332853	2.845294	1.604799	0.168524	5.181301	1.06977
TRINITY_DN28597_c0_g1_i1	0.103646	1.505663	0.849009	0	0.213598	0
TRINITY_DN28597_c0_g1_i3	0	0.081756	0	0.649102	0.43305	0.203385
TRINITY_DN30482_c0_g1_i1	0	0.171461	0	0.066429	0	0.057899
TRINITY_DN30482_c0_g1_i2	0.10018	0.041578	0	0	0.14742	0
TRINITY_DN30540_c0_g1_i1	0	0.113824	0	0.2566	0.175783	0.164678
TRINITY_DN3078_c0_g2_i1	2.331363	3.956881	2.312991	3.899549	5.806056	4.421852
TRINITY_DN31252_c0_g1_i1	0.098584	0.057399	0.047728	0.129397	0.236355	0.110704
TRINITY_DN32616_c0_g1_i1	0.094682	0	0.131827	0.313877	0	0.216573
TRINITY_DN32616_c0_g1_i2	0	0.360629	0.109558	0.044985	0.164922	0
TRINITY_DN352_c0_g1_i13	0	7.829782	0	0	8.229594	8.238723
TRINITY_DN352_c0_g1_i15	1.102116	1.658273	0	1.627361	1.195577	0
TRINITY_DN352_c0_g1_i16	0.049221	0.469514	0.115186	0.338354	0.672106	0.662162
TRINITY_DN352_c0_g1_i2	0.773552	2.052364	3.213246	1.129187	0	0
TRINITY_DN352_c0_g1_i20	1.420278	0	1.981878	4.118204	0	0
TRINITY_DN352_c0_g1_i21	0.188053	0.56941	0.447414	0.334453	0.388022	0.573557
TRINITY_DN352_c0_g1_i23	0.248086	1.451252	1.410847	1.323787	1.277116	3.484652
TRINITY_DN352_c0_g1_i6	0.238933	0.512776	0.268594	0.718824	0.934445	0.381316
TRINITY_DN352_c0_g1_i7	0.450844	1.140895	0.125469	0.251128	0.939565	0.822008
TRINITY_DN3637_c1_g1_i3	0	0.850039	0.349937	0	0	0.078615
TRINITY_DN3637_c1_g1_i5	0.938666	1.490824	0.751284	1.386442	1.544356	1.465763
TRINITY_DN3637_c1_g1_i6	0.104124	0	0	0.034257	0.047584	0
TRINITY_DN3637_c1_g1_i7	0	0.047968	0.063084	0	0	0
TRINITY_DN3637_c1_g1_i9	0.222223	0.539654	0.341086	0.497855	0.202945	0
TRINITY_DN3691_c0_g1_i15	0.01017	0	0	0.014506	0	1.339335
TRINITY_DN3691_c0_g1_i16	0.188439	0.090489	0.025039	0.088556	0.153809	1.874666
TRINITY_DN3691_c0_g1_i19	0.431071	0	0	0	0	0.495021
TRINITY_DN3691_c0_g1_i21	0.452199	0.29251	0.14902	0.399636	0.336603	0.048648
TRINITY_DN3691_c0_g1_i24	0.080342	2.255436	0.671423	0.165815	0.20948	0.693936
TRINITY_DN3691_c0_g1_i25	0	0	0	0	0.325531	0.115588
TRINITY_DN3691_c0_g1_i28	0.145106	0.361527	0.11963	0.105203	0	0
TRINITY_DN3691_c0_g1_i29	0	0.652011	0.097503	0.779441	0.19292	0.417602
TRINITY_DN3691_c0_g1_i30	1.923144	0.405819	1.631909	0.442213	3.025923	3.862433
TRINITY_DN3752_c0_g1_i1	1.997542	0	2.109921	12.267995	0.919474	6.116101
TRINITY_DN3752_c0_g1_i2	0	0	0	8.629691	0	2.214086
TRINITY_DN3752_c0_g1_i4	0.650168	6.895315	2.596401	7.956165	25.976444	0
TRINITY_DN3752_c0_g1_i6	0	0	0	0	0	1.562844
TRINITY_DN37811_c0_g1_i1	0.013007	0.031756	0	0.192115	0.329199	0
TRINITY_DN3806_c0_g2_i1	0	0.067433	0.40291	0	25.180427	0
TRINITY_DN3806_c0_g2_i11	3.801027	7.027051	12.165443	10.354116	7.54255	7.474386
TRINITY_DN3806_c0_g2_i12	45.398393	0.571591	68.059245	49.043128	21.665796	0
TRINITY_DN3806_c0_g2_i2	147.570953	160.40921	46.199142	248.863343	57.480554	36.217295
TRINITY_DN3806_c0_g2_i3	0	0	0	29.285818	0	0
TRINITY_DN3806_c0_g2_i5	16.768017	215.551969	180.954701	1.7286	99.32031	94.813215
TRINITY_DN3806_c0_g2_i6	5.028171	20.15068	17.944432	29.773517	30.353515	14.594692
TRINITY_DN3806_c0_g2_i7	6.579296	17.480631	4.766864	1.346576	0	7.580906
TRINITY_DN38689_c0_g1_i1	0.198928	0	0	0	0	0
TRINITY_DN38689_c0_g1_i2	0	0	0.047934	0.259904	0.237356	0.389093
TRINITY_DN3972_c1_g1_i1	0.044797	0	0.03945	0.454842	0	0
TRINITY_DN3972_c1_g1_i2	0	0	0.017205	0.137812	0	0
TRINITY_DN3972_c1_g1_i3	0.080536	0.741754	0.145163	0.588716	0	0
TRINITY_DN3972_c1_g1_i5	0.357518	0	0.474931	2.490258	0.216259	0
TRINITY_DN414_c0_g1_i1	1.84825	2.364397	2.807348	1.107065	1.117097	0.441398
TRINITY_DN414_c0_g1_i2	0	0	0	0	0	5.214291
TRINITY_DN414_c0_g1_i5	6.745917	10.178527	10.203003	7.828189	7.574796	1.339199
TRINITY_DN414_c0_g2_i1	0.41292	0.495472	0.334579	0	0	0
TRINITY_DN414_c0_g2_i2	0.365624	0.497231	0.285638	0.795025	0.799784	0
TRINITY_DN414_c0_g2_i3	3.226055	10.583966	8.680629	4.500683	19.19019	4.867971
TRINITY_DN414_c0_g2_i4	0.479682	0.988907	0.232758	1.337696	1.674068	0.859135
TRINITY_DN41557_c0_g1_i1	0.081607	0.12279	0.162987	0.084247	0.186931	0.058436
TRINITY_DN420_c0_g1_i1	1.199217	0.403471	1.670491	25.218486	0.080338	0.03397
TRINITY_DN420_c0_g1_i10	1.807898	4.987468	1.147232	9.257954	1.75316	1.225677
TRINITY_DN420_c0_g1_i3	8.729527	16.922937	22.20313	26.988566	13.618363	5.612339
TRINITY_DN420_c0_g1_i5	0.695966	11.258527	5.570022	15.037994	22.179049	10.985381
TRINITY_DN420_c0_g1_i6	1.467928	6.531814	6.118537	8.762552	8.897876	6.188541
TRINITY_DN420_c0_g1_i8	8.148847	27.495633	24.378848	16.065546	35.097427	16.037207
TRINITY_DN420_c0_g1_i9	181.721589	362.813543	258.409992	216.064552	140.265763	118.920117
TRINITY_DN4387_c0_g2_i1	0.235259	0.164261	0.14863	0.118389	0.078441	0.052655
TRINITY_DN44701_c0_g1_i1	0.562322	6.857964	4.380748	2.493413	1.175385	0.854673
TRINITY_DN48582_c0_g1_i1	0	0.104054	0.052927	0	0	0
TRINITY_DN48582_c0_g1_i2	0	0	0	0	0.362895	0
TRINITY_DN48582_c0_g1_i4	0.102748	0.093677	0	0.190391	0.115055	0.220281
TRINITY_DN4939_c0_g1_i10	0	0.356226	0	0	0.123293	0.212888
TRINITY_DN4939_c0_g1_i12	0	0.394229	0.239803	0.390561	0.660668	0.403073
TRINITY_DN4939_c0_g1_i2	0.420884	0	1.340086	1.332296	0	1.035659
TRINITY_DN4939_c0_g1_i8	0.21013	0.04411	0.268805	0.133373	0.208794	0
TRINITY_DN4939_c0_g1_i9	0.68842	0.920142	0	0	0.714826	0
TRINITY_DN521_c0_g1_i10	0	1.693627	0.506315	0	0	1.172842
TRINITY_DN521_c0_g1_i11	1.093863	0.772944	0	0	0	0
TRINITY_DN521_c0_g1_i13	0	0.863128	0	0	0.789668	0
TRINITY_DN521_c0_g1_i2	1.158384	1.417345	0.861549	1.377723	1.319106	1.24419
TRINITY_DN521_c0_g1_i4	0.68868	6.753079	1.604815	0.515155	7.121895	5.774685
TRINITY_DN521_c0_g1_i6	0	0	0.383032	1.011847	0	0
TRINITY_DN521_c0_g1_i7	0	4.14685	0.670711	0.060287	4.474364	2.752405
TRINITY_DN521_c0_g1_i8	0.186653	0.98366	0.104563	1.362251	1.323176	1.491129
TRINITY_DN521_c0_g1_i9	0.314242	0.211814	0.880358	2.39479	2.686965	1.282787
TRINITY_DN521_c0_g2_i1	2.201807	12.457412	14.883393	18.921343	16.865733	10.312981
TRINITY_DN521_c0_g3_i1	0	0	0.226913	0.780218	0.199082	0.462932
TRINITY_DN521_c0_g3_i2	1.934019	0.704596	1.328018	4.031266	0.481509	1.72484
TRINITY_DN521_c0_g3_i3	2.039951	10.538997	1.37269	0.605459	11.321502	12.502632
TRINITY_DN521_c1_g1_i1	1.43425	3.688976	1.075143	0.95469	6.646826	4.773841
TRINITY_DN521_c1_g1_i10	1.543409	6.229199	1.04666	0.343176	5.88086	3.777705
TRINITY_DN521_c1_g1_i11	0.179086	2.589621	0	0	0	1.368682
TRINITY_DN521_c1_g1_i2	2.85553	9.419422	4.095354	10.400475	10.84337	9.165935
TRINITY_DN521_c1_g1_i3	0.289604	1.259345	0.942084	0.859069	1.792214	1.293661
TRINITY_DN521_c1_g1_i4	5.3276	32.974451	22.41946	15.215756	44.885	30.650633
TRINITY_DN521_c1_g1_i6	0	0.196276	0	0	0.155982	0
TRINITY_DN52336_c0_g1_i1	0.223301	0.086716	0.014022	0.019143	0.017716	0
TRINITY_DN5241_c0_g1_i1	0.982738	112.077438	166.61871	8.533322	15.5111	35.229978
TRINITY_DN52683_c0_g1_i1	0.056923	0.05238	0.042866	0.152917	0.070785	0.033082
TRINITY_DN5504_c1_g2_i1	0.066612	0	0	0	0.248978	0
TRINITY_DN5504_c1_g2_i2	0.185981	0.31778	0.340472	0.359933	0.143319	0.227289
TRINITY_DN56789_c0_g1_i1	0	0.289467	0	0.195768	0.059592	0.223277
TRINITY_DN59296_c0_g1_i1	0.035501	0.109226	0.113182	0.119819	0.011156	0.08412
TRINITY_DN598_c0_g1_i1	39.063238	49.997607	59.961481	56.087781	24.989163	72.845771
TRINITY_DN598_c0_g1_i10	0.483674	0.525371	4.799526	0.232821	0	0.030979
TRINITY_DN598_c0_g1_i13	1.783569	1.032643	1.310721	2.402038	7.481099	5.842935
TRINITY_DN598_c0_g1_i14	14.380323	10.816386	0	12.654426	4.928047	7.773163
TRINITY_DN598_c0_g1_i15	0.311552	0.398602	0.9917	0.482242	0.286442	0.342016
TRINITY_DN598_c0_g1_i2	0.108249	0.15961	0.316065	0.009599	0.004499	0.03037
TRINITY_DN598_c0_g1_i4	0.266371	1.641338	0.271745	1.071212	1.009415	1.974115
TRINITY_DN598_c0_g1_i5	0	0	0.595	0.690388	0.34878	0.407682
TRINITY_DN598_c0_g1_i6	3.672388	5.772627	5.86995	3.240129	0	0
TRINITY_DN598_c0_g1_i8	45.018814	68.542228	120.951055	74.820383	39.902553	83.711509
TRINITY_DN6330_c0_g1_i1	0.123458	0.295287	0.14353	0.499229	2.044797	0.284189
TRINITY_DN6341_c0_g1_i1	0	0.150274	0.050103	0	0	0.066719
TRINITY_DN6341_c0_g1_i2	0.567459	0.408177	0	0.626227	0.112378	0
TRINITY_DN6341_c1_g1_i1	0.671726	2.370675	0.189017	0.924329	2.600093	1.362579
TRINITY_DN6927_c0_g1_i10	0	0.026607	0	0.201593	0.137788	0
TRINITY_DN6927_c0_g1_i12	0	0	0	0	0	0
TRINITY_DN6927_c0_g1_i13	1.052179	3.487466	1.888729	0.999286	1.869646	1.151818
TRINITY_DN6927_c0_g1_i16	0	0.108181	0.216747	0.085988	0	0.117773
TRINITY_DN6927_c0_g1_i17	0	0	0	0	0	0
TRINITY_DN762_c0_g1_i1	0.614482	1.46921	0.077196	0.541488	2.392746	0.575044
TRINITY_DN762_c0_g1_i2	1.891349	6.049348	6.378751	11.648161	4.677588	7.682696
TRINITY_DN762_c0_g1_i3	0.357393	0.179083	0.279614	0.420957	0.225036	0.658596
TRINITY_DN762_c0_g1_i4	1.599814	4.280666	0.074809	1.864878	5.640016	4.007209
TRINITY_DN762_c0_g1_i5	0.245883	0.59456	1.129226	2.079918	0.598434	1.701316
TRINITY_DN762_c0_g1_i6	0	0.13273	0	0	0	0
TRINITY_DN762_c0_g1_i7	0.08405	1.63969	0.393912	1.448538	2.455743	0.905177
TRINITY_DN762_c0_g2_i1	3.547646	13.176599	4.143434	11.16021	10.069707	10.618898
TRINITY_DN762_c0_g2_i2	0.133816	0.169515	0.54619	0.21521	0.233951	0.325433
TRINITY_DN8942_c0_g1_i1	0	0.228986	0.212384	0.412126	0	0.115609
TRINITY_DN8942_c0_g1_i2	0	1.265801	0.381912	0	0.393851	0.468872
TRINITY_DN8942_c0_g1_i5	0.046492	0.652425	0.86274	0	0.070954	0.048084
TRINITY_DN9010_c0_g1_i13	0.378807	0.478241	0	0.011941	0.013559	0
TRINITY_DN9010_c0_g1_i14	0.679811	0.75109	0	0	0	0
TRINITY_DN9010_c0_g1_i15	0	0	0	0	0	0
TRINITY_DN9010_c0_g1_i17	0.952323	1.229767	0	0	0.012939	0
TRINITY_DN9010_c0_g1_i19	0	0	0	0	0.043031	0.014341
TRINITY_DN9010_c0_g1_i2	0.525145	0.56119	0	0	0	0
TRINITY_DN9010_c0_g1_i3	0.351893	0.548338	0	0	0	0
TRINITY_DN9010_c0_g1_i4	0.352842	0.123851	0	0	0	0
TRINITY_DN9010_c0_g1_i5	0.480983	0.694724	0	0.02842	0	0
TRINITY_DN9010_c0_g1_i7	0.343332	0	0	0	0	0
TRINITY_DN9010_c0_g1_i8	0.295408	0.56549	0.011505	0	0	0
TRINITY_DN9010_c0_g1_i9	0.485131	0.419496	0	0	0	0
TRINITY_DN946_c0_g1_i11	0	6.188263	1.193816	3.513331	9.02308	10.673578
TRINITY_DN946_c0_g1_i14	0.615189	0	0.069781	0	0	7.362896
TRINITY_DN946_c0_g1_i15	0	0	0	0.813476	2.751143	0
TRINITY_DN946_c0_g1_i3	0	0.174546	0.112905	3.293556	5.578317	4.894606
TRINITY_DN946_c0_g1_i4	0	0	0	1.791022	1.902185	0
TRINITY_DN946_c0_g1_i6	0	0	0	0	0.286925	0
TRINITY_DN946_c0_g1_i7	1.323275	48.472685	34.129643	0	0	5.399964
TRINITY_DN946_c0_g1_i9	3.720509	13.702771	5.760693	2.357271	5.084499	6.005255
