Family	GeneID	HistoricalFinal	TranscriptCount	Dan_mg1	Dan_mg2	Dan_mg3	Mul_mg1	Mul_mg2	Mul_mg3	Archived_Dan_mean	Archived_Mul_mean	Archived_Delta_Mul_minus_Dan	Best_padj	RepresentativePeptide	PeptideLength	DomainClassification	DomainReason	Domains	DomainDescriptions	SecondPassRecommendation	SecondPassReason	ABCTriage	ABCTriageReason	ProfileHMMHit	NovelProfileHMMHit	ReferenceHit_E1e3	ReferenceHit_E1e5_Cov40	BestFamilyReference	BestFamilyReferenceEvalue	BestFamilyReferenceBitscore	BestFamilyReferenceIdentity	BestFamilyReferenceQcov	BestFamilyReferenceScov	SwissProtTopID	SwissProtTopTitle	SwissProtTopEvalue	SwissProtTopBitscore	SwissProtTopIdentity	SwissProtTopQcov	SwissProtTopScov	PROSITE_Pruned_Count	PROSITE_Full_Count	SimilarityComponent	SimilarityComponentSize
CarE	TRINITY_DN10214_c0_g1	yes	2	0.202525	0.401503	0.481993	0.387801	0.512033	0.15555	0.31309780000000004	0.3109846	-0.0021132000000000373	0.999999010765626	TRINITY_DN10214_c0_g1_i1.p1	551	provisional_HQ_domain	family_defining_domain_detected	IPR002018;PF00135	Carboxylesterase family;Carboxylesterase, type B					True	False	True	True	Spodoptera|XP_035442586.2	0.0	928.0	78.623	100.364	99.8192	sp|D6WMZ8|ESTJ_TRICA	sp|D6WMZ8|ESTJ_TRICA Juvenile hormone esterase OS=Tribolium castaneum OX=7070 GN=Tcjhe PE=1 SV=2	1.42e-67	232.0	32.4	101.63636363636364	95.06802721088435	2	25	CarE_C001	20
CarE	TRINITY_DN1194_c0_g1	yes	6	8.243196	11.593958	5.352087	8.909136	10.842778	22.938625	7.8121042	12.788510800000001	4.976406600000001	0.035084715722654	TRINITY_DN1194_c0_g1_i10.p1	736	provisional_HQ_domain	family_defining_domain_detected	IPR002018;PF00135	Carboxylesterase family;Carboxylesterase, type B					True	False	True	True	Spodoptera|XP_035456135.2	0.0	1184.0	77.147	102.993	100.933	sp|P12992|ESTJ_HELVI	sp|P12992|ESTJ_HELVI Juvenile hormone esterase OS=Heliothis virescens OX=7102 PE=1 SV=2	1.34e-79	268.0	35.0	68.70748299319727	89.53900709219859	0	0	CarE_C001	20
CarE	TRINITY_DN13111_c1_g1	yes	5	0.483457	0.703705	0.438018	0.6163409999999999	0.5152220000000001	0.49023100000000003	0.49520282600000004	0.52624174	0.031038913999999973	0.23365636946044	TRINITY_DN13111_c1_g1_i1.p1	529	provisional_HQ_domain	family_defining_domain_detected	IPR002018;PF00135	Carboxylesterase family;Carboxylesterase, type B					True	False	True	True	Spodoptera|XP_035451693.2	0.0	725.0	66.73	99.6212	99.6212	sp|P35501|ESTE_MYZPE	sp|P35501|ESTE_MYZPE Esterase E4 OS=Myzus persicae OX=13164 PE=1 SV=1	3.8e-46	172.0	29.1	100.18939393939394	95.83333333333333	0	0	CarE_C001	20
CarE	TRINITY_DN1740_c0_g3	yes	2	3.412963	5.313427	1.844601	7.907323	8.185565	10.349802	3.1025902	7.3468132	4.244223	0.520869738847594	TRINITY_DN1740_c0_g3_i1.p1	539	provisional_HQ_domain	family_defining_domain_detected	IPR002018;PF00135	Carboxylesterase family;Carboxylesterase, type B					True	False	True	True	Spodoptera|XP_035459067.2	0.0	831.0	69.759	100.0	98.7179	sp|P12992|ESTJ_HELVI	sp|P12992|ESTJ_HELVI Juvenile hormone esterase OS=Heliothis virescens OX=7102 PE=1 SV=2	3.74e-64	222.0	32.9	93.50649350649351	89.36170212765957	0	0	CarE_C001	20
CarE	TRINITY_DN22_c1_g1	yes	7	94.046204	109.988953	39.345527	63.689823000000004	49.329521	67.72452	71.7812945	50.2445552	-21.5367393	0.55139103322048	TRINITY_DN22_c1_g1_i12.p1	494	provisional_HQ_domain	family_defining_domain_detected	IPR001926;IPR002018;PF00135;PF00291	Carboxylesterase family;Carboxylesterase, type B;Pyridoxal-phosphate dependent enzyme					True	False	True	True	Spodoptera|XP_050549265.1	0.0	835.0	81.136	100.0	92.6692	sp|D6WMZ8|ESTJ_TRICA	sp|D6WMZ8|ESTJ_TRICA Juvenile hormone esterase OS=Tribolium castaneum OX=7070 GN=Tcjhe PE=1 SV=2	6.8e-67	228.0	34.2	96.14604462474645	80.61224489795919	0	0	CarE_C001	20
CarE	TRINITY_DN22_c2_g1	yes	1	5.728978	8.329708	7.30494	7.244254	6.256051	7.466169	5.9108992	5.696260799999999	-0.214638400000001	0.999999010765626	TRINITY_DN22_c2_g1_i1.p1	557	provisional_HQ_domain	family_defining_domain_detected	IPR002018;PF00135	Carboxylesterase family;Carboxylesterase, type B					True	False	True	True	Spodoptera|XP_035438336.2	0.0	935.0	78.058	100.0	100.542	sp|D6WMZ8|ESTJ_TRICA	sp|D6WMZ8|ESTJ_TRICA Juvenile hormone esterase OS=Tribolium castaneum OX=7070 GN=Tcjhe PE=1 SV=2	1.29e-60	213.0	30.8	101.61870503597122	96.08843537414965	0	0	CarE_C001	20
CarE	TRINITY_DN2312_c0_g1	yes	10	122.281248	273.593183	45.191125	35.55659	33.592735	34.845456	139.7093436	29.618521699999995	-110.09082190000001	0.00158095965890287	TRINITY_DN2312_c0_g1_i11.p1	536	provisional_HQ_domain	family_defining_domain_detected	IPR002018;PF00135	Carboxylesterase family;Carboxylesterase, type B					True	False	True	True	Spodoptera|XP_035450368.2	0.0	880.0	75.651	100.561	100.0	sp|P12992|ESTJ_HELVI	sp|P12992|ESTJ_HELVI Juvenile hormone esterase OS=Heliothis virescens OX=7102 PE=1 SV=2	5.52e-82	269.0	33.5	99.25233644859813	94.14893617021276	0	0	CarE_C001	20
CarE	TRINITY_DN235_c0_g1	yes	9	20.578737	27.055259000000003	13.283896	21.453209	27.683482	29.514065000000002	17.812277180000002	22.7935448	4.981267619999997	0.418803407403831	TRINITY_DN235_c0_g1_i1.p1	331	provisional_HQ_domain	family_defining_domain_detected	IPR002018;PF00135	Carboxylesterase family;Carboxylesterase, type B					True	False	True	True	Spodoptera|XP_035430420.2	0.0	533.0	76.524	99.0937	59.2058	sp|P37967|PNBA_BACSU	sp|P37967|PNBA_BACSU Para-nitrobenzyl esterase OS=Bacillus subtilis (strain 168) OX=224308 GN=pnbA PE=1 SV=2	2.6e-46	166.0	34.5	94.5619335347432	64.0081799591002	0	0	CarE_C001	20
CarE	TRINITY_DN25123_c0_g1	yes	1	0.14831	0.310312	0.223771	0.151037	0.146694	0.105728	0.19520911999999999	0.11167148	-0.08353763999999998	0.699840144961767	TRINITY_DN25123_c0_g1_i1.p1	427	provisional_HQ_domain	family_defining_domain_detected	IPR002018;PF00135	Carboxylesterase family;Carboxylesterase, type B					True	False	True	True	Spodoptera|XP_050560005.1	0.0	694.0	77.91	98.5948	73.8596	sp|D6WMZ8|ESTJ_TRICA	sp|D6WMZ8|ESTJ_TRICA Juvenile hormone esterase OS=Tribolium castaneum OX=7070 GN=Tcjhe PE=1 SV=2	7.29e-40	153.0	30.6	84.30913348946136	61.224489795918366	0	0	CarE_C001	20
CarE	TRINITY_DN256_c0_g1	yes	8	68.639888	76.05456699999999	71.633096	68.429578	63.202992	88.187764	64.2307054	62.576572	-1.6541334000000063	0.589785080321804	TRINITY_DN256_c0_g1_i8.p1	642	provisional_HQ_domain	family_defining_domain_detected	IPR002018;PF00135	Carboxylesterase family;Carboxylesterase, type B					True	False	True	True	Spodoptera|XP_035452555.2	0.0	726.0	61.416	88.1435	90.1116	sp|B2D0J5|EST6_APIME	sp|B2D0J5|EST6_APIME Venom carboxylesterase-6 OS=Apis mellifera OX=7460 PE=2 SV=1	1.05e-46	176.0	27.5	83.30733229329174	95.87073608617594	0	0	CarE_C001	20
CarE	TRINITY_DN3016_c0_g1	yes	4	24.182643	23.102034	4.213123	56.771411	47.238597999999996	56.849317	15.573428519999998	53.2075852	37.63415668	0.00846467006094978	TRINITY_DN3016_c0_g1_i1.p1	587	provisional_HQ_domain	family_defining_domain_detected	IPR002018;PF00135	Carboxylesterase family;Carboxylesterase, type B					True	False	True	True	Spodoptera|XP_035435877.2	0.0	897.0	74.276	97.8333	100.342	sp|D6WMZ8|ESTJ_TRICA	sp|D6WMZ8|ESTJ_TRICA Juvenile hormone esterase OS=Tribolium castaneum OX=7070 GN=Tcjhe PE=1 SV=2	4.64e-65	226.0	31.6	87.5	89.28571428571429	0	0	CarE_C001	20
CarE	TRINITY_DN5029_c0_g1	yes	2	0.114009	3.564317	0.159466	5.405727000000001	2.689457	1.137344	1.3473848	2.9239058	1.576521	0.987273471440539	TRINITY_DN5029_c0_g1_i1.p1	592	provisional_HQ_domain	family_defining_domain_detected	IPR002018;PF00135	Carboxylesterase family;Carboxylesterase, type B					True	False	True	True	Spodoptera|XP_035449631.1	0.0	660.0	60.846	92.0474	95.9436	sp|P12992|ESTJ_HELVI	sp|P12992|ESTJ_HELVI Juvenile hormone esterase OS=Heliothis virescens OX=7102 PE=1 SV=2	8.09e-259	723.0	63.8	99.49238578680203	104.25531914893617	0	0	CarE_C001	20
CarE	TRINITY_DN5285_c0_g1	yes	1	41.630706	52.31971	35.33123	56.484621	51.264856	77.552592	35.8775612	51.6865738	15.809012599999996	0.999999010765626	TRINITY_DN5285_c0_g1_i1.p1	584	provisional_HQ_domain	family_defining_domain_detected	IPR002018;PF00135	Carboxylesterase family;Carboxylesterase, type B					True	False	True	True	Spodoptera|XP_035435407.2	0.0	977.0	79.074	92.393	100.0	sp|D6WMZ8|ESTJ_TRICA	sp|D6WMZ8|ESTJ_TRICA Juvenile hormone esterase OS=Tribolium castaneum OX=7070 GN=Tcjhe PE=1 SV=2	5.19e-55	200.0	28.7	92.23454833597464	98.9795918367347	0	0	CarE_C001	20
CarE	TRINITY_DN552_c0_g1	yes	8	71.68526800000001	69.841554	103.22563299999999	59.20842	73.54925300000001	66.278902	68.74319684	54.679799100000004	-14.063397739999992	0.471962211878195	TRINITY_DN552_c0_g1_i15.p1	394	provisional_HQ_domain	family_defining_domain_detected	IPR002018;PF00135	Carboxylesterase family;Carboxylesterase, type B					True	False	True	True	Spodoptera|XP_035429431.2	0.0	561.0	69.543	100.254	71.2477	sp|Q8R0W5|EST4A_MOUSE	sp|Q8R0W5|EST4A_MOUSE Carboxylesterase 4A OS=Mus musculus OX=10090 GN=Ces4a PE=2 SV=2	1.05e-36	143.0	31.2	102.03562340966921	71.22557726465364	0	0	CarE_C001	20
CarE	TRINITY_DN58976_c0_g1	yes	1	0.028288	0.821056	0.986019	0.279525	0.114472	0.113989	0.5730416	0.15104716	-0.42199444	0.527776062262306	TRINITY_DN58976_c0_g1_i1.p1	583	provisional_HQ_domain	family_defining_domain_detected	IPR002018;PF00135	Carboxylesterase family;Carboxylesterase, type B					True	False	True	True	Spodoptera|XP_050551513.1	0.0	573.0	50.517	99.6564	98.472	sp|P12992|ESTJ_HELVI	sp|P12992|ESTJ_HELVI Juvenile hormone esterase OS=Heliothis virescens OX=7102 PE=1 SV=2	3.11e-171	500.0	46.6	96.90721649484536	100.0	0	0	CarE_C001	20
CarE	TRINITY_DN604_c0_g1	yes	10	583.451471	549.737877	1522.0172830000001	571.098655	1493.007143	795.135999	847.77526502	857.0172473999999	9.241982379999854	0.947152866091778	TRINITY_DN604_c0_g1_i10.p1	548	provisional_HQ_domain	family_defining_domain_detected	IPR002018;PF00135	Carboxylesterase family;Carboxylesterase, type B					True	False	True	True	Spodoptera|XP_035449450.2	0.0	711.0	63.187	99.8172	99.8172	sp|P35502|ESTF_MYZPE	sp|P35502|ESTF_MYZPE Esterase FE4 OS=Myzus persicae OX=13164 PE=1 SV=1	1.45e-48	180.0	31.4	93.23583180987202	90.42553191489361	0	0	CarE_C001	20
CarE	TRINITY_DN665_c0_g1	yes	17	33.449305	31.893776	31.835379	43.741825	56.578534	124.993016	27.86417512	68.70610167999999	40.84192655999999	0.194508412755047	TRINITY_DN665_c0_g1_i12.p1	584	provisional_HQ_domain	family_defining_domain_detected	IPR002018;PF00135	Carboxylesterase family;Carboxylesterase, type B					True	False	True	True	Spodoptera|XP_050551626.1	0.0	833.0	74.388	91.0806	48.6264	sp|P07882|CEL_RAT	sp|P07882|CEL_RAT Bile salt-activated lipase OS=Rattus norvegicus OX=10116 GN=Cel PE=1 SV=2	5.66e-48	180.0	30.7	96.22641509433963	91.66666666666667	0	0	CarE_C001	20
CarE	TRINITY_DN69_c0_g1	yes	14	224.300983	271.85749300000003	389.68120999999996	144.332576	178.875345	202.276665	259.70235330599996	150.5581052	-109.14424810599996	0.272564221578895	TRINITY_DN69_c0_g1_i5.p1	584	provisional_HQ_domain	family_defining_domain_detected	IPR002018;PF00135	Carboxylesterase family;Carboxylesterase, type B					True	False	True	True	Spodoptera|XP_050553603.1	0.0	773.0	69.55	95.1973	100.181	sp|P12992|ESTJ_HELVI	sp|P12992|ESTJ_HELVI Juvenile hormone esterase OS=Heliothis virescens OX=7102 PE=1 SV=2	7.31e-57	203.0	32.0	89.02229845626071	92.02127659574468	0	0	CarE_C001	20
CarE	TRINITY_DN920_c0_g1	yes	9	180.352236	423.857169	334.737678	511.927886	453.930606	739.705277	282.9008706	530.4148098	247.51393919999992	0.937987759554221	TRINITY_DN920_c0_g1_i14.p1	620	provisional_HQ_domain	family_defining_domain_detected	IPR002018;PF00135	Carboxylesterase family;Carboxylesterase, type B					True	False	True	True	Spodoptera|XP_035430264.2	0.0	752.0	66.062	89.0145	98.0427	sp|P12992|ESTJ_HELVI	sp|P12992|ESTJ_HELVI Juvenile hormone esterase OS=Heliothis virescens OX=7102 PE=1 SV=2	1.89e-48	181.0	30.1	87.39903069466882	95.92198581560284	0	0	CarE_C001	20
CarE	TRINITY_DN9322_c0_g2	yes	2	2.729488	4.091293	2.315495	4.268961999999999	3.431733	4.287108	2.5880625999999998	3.4381161999999996	0.8500535999999999	0.999999010765626	TRINITY_DN9322_c0_g2_i1.p1	543	provisional_HQ_domain	family_defining_domain_detected	IPR002018;PF00135	Carboxylesterase family;Carboxylesterase, type B					True	False	True	True	Spodoptera|XP_035444718.2	0.0	827.0	73.034	98.524	100.376	sp|D6WMZ8|ESTJ_TRICA	sp|D6WMZ8|ESTJ_TRICA Juvenile hormone esterase OS=Tribolium castaneum OX=7070 GN=Tcjhe PE=1 SV=2	3.31e-81	268.0	37.0	94.28044280442805	86.9047619047619	0	0	CarE_C001	20
GST	TRINITY_DN114_c0_g1	no	8	114.21247100000001	112.606572	92.462179	122.290464	89.976414	98.779982	91.18381666	88.2858918	-2.8979248600000034	0.279596204925924	TRINITY_DN114_c0_g1_i11.p1	284	review	no_family_defining_domain_in_current_core_table	none	none	exclude_from_canonical_detox_GST	alternative protein family; no canonical cytosolic GST domain			True	False	True	True	Spodoptera|XP_035443791.1	0.0	579.0	97.88	100.0	100.0	sp|Q9VY78|CLIC_DROME	sp|Q9VY78|CLIC_DROME Chloride intracellular channel Clic OS=Drosophila melanogaster OX=7227 GN=Clic PE=1 SV=1	6.27e-152	427.0	80.4	95.75971731448763	104.23076923076923	1	13	GST_C003	1
GST	TRINITY_DN11666_c0_g1	no	2	59.648394	89.562112	48.077693	84.47549199999999	67.26394499999999	101.707523	56.10678420000001	70.4296784	14.322894199999993	0.999999010765626	TRINITY_DN11666_c0_g1_i2.p1	334	provisional_HQ_domain	family_defining_domain_detected	IPR004045;PF13410;PF13417	Glutathione S-transferase, C-terminal domain;Glutathione S-transferase, N-terminal;Glutathione S-transferase, N-terminal domain					True	False	True	True	Spodoptera|XP_050563972.1	0.0	612.0	86.186	100.0	100.0	sp|Q8TB36|GDAP1_HUMAN	sp|Q8TB36|GDAP1_HUMAN Ganglioside-induced differentiation-associated protein 1 OS=Homo sapiens OX=9606 GN=GDAP1 PE=1 SV=3	1.1e-38	143.0	34.9	81.68168168168168	75.97765363128492	0	0	GST_C004	1
GST	TRINITY_DN12434_c0_g2	no	2	5.977098	2.064915	10.395011	28.474612	16.79658	4.125835	5.8458008	15.4357622	9.5899614	0.999999010765626	TRINITY_DN12434_c0_g2_i1.p1	217	provisional_HQ_domain	family_defining_domain_detected	IPR004045;IPR004046;PF00043;PF13417	Glutathione S-transferase, C-terminal;Glutathione S-transferase, C-terminal domain;Glutathione S-transferase, N-terminal;Glutathione S-transferase, N-terminal domain					True	False	True	True	Spodoptera|XP_050557506.1	1.89e-112	320.0	66.204	100.0	49.8845	sp|P46430|GSTT1_MANSE	sp|P46430|GSTT1_MANSE Glutathione S-transferase 1 OS=Manduca sexta OX=7130 GN=GST1 PE=2 SV=1	2.15e-50	166.0	43.5	95.83333333333333	95.39170506912443	0	0	GST_C001	8
GST	TRINITY_DN1310_c0_g1	yes	10	134.150128	919.627843	82.06249199999999	452.23861	393.466949	75.406751	379.75887384	298.16707497000004	-81.59179886999993	0.00531618031657553	TRINITY_DN1310_c0_g1_i1.p1	228	provisional_HQ_domain	family_defining_domain_detected	IPR004045;IPR004046;PF02798;PF14497	Glutathione S-transferase, C-terminal;Glutathione S-transferase, C-terminal domain;Glutathione S-transferase, N-terminal;Glutathione S-transferase, N-terminal domain					True	False	True	True	Spodoptera|XP_050559253.1	1.46e-129	357.0	72.444	99.1189	100.897	sp|P28338|GSTT1_MUSDO	sp|P28338|GSTT1_MUSDO Glutathione S-transferase 1 OS=Musca domestica OX=7370 GN=Gst1 PE=1 SV=1	2.44e-28	109.0	33.2	83.70044052863436	91.34615384615384	0	0	GST_C001	8
GST	TRINITY_DN1343_c0_g1	no	14	2.666962	4.029513	2.771708	3.9239059999999997	3.190048	2.836938	2.87803732	3.16221446	0.28417714000000016	8.71075562497241e-05	TRINITY_DN1343_c0_g1_i14.p1	826	review	no_family_defining_domain_in_current_core_table	IPR003029;IPR004210;IPR006578;IPR018974;IPR032639;IPR041692;PF00575;PF02944;PF09371;PF10545;PF12836;PF16921;PF17674	Alcohol dehydrogenase transcription factor Myb/SANT-like;BESS motif;HHH domain;HHH domain 9;Helix-hairpin-helix motif;MADF domain;S1 RNA binding domain;S1 domain;Tex protein YqgF-like domain;Tex protein, YqgF-like domain;Tex-like protein N-terminal domain;Tex-like protein, N-terminal	exclude_from_canonical_detox_GST	alternative protein family; no canonical cytosolic GST domain			True	False	True	True	Spodoptera|XP_050558941.1	0.0	1303.0	78.571	100.121	100.609	sp|Q8N5C6|SRBD1_HUMAN	sp|Q8N5C6|SRBD1_HUMAN S1 RNA-binding domain-containing protein 1 OS=Homo sapiens OX=9606 GN=SRBD1 PE=1 SV=2	1.1e-132	423.0	35.1	97.33333333333333	80.7035175879397	0	0	GST_C005	1
GST	TRINITY_DN13779_c0_g1	yes	6	57.275219	85.028175	25.285469	76.546104	95.628602	69.264709	49.59060718	71.02730236400001	21.43669518400001	0.999999010765626	TRINITY_DN13779_c0_g1_i1.p1	220	provisional_HQ_domain	family_defining_domain_detected	IPR004045;IPR004046;PF00043;PF13417	Glutathione S-transferase, C-terminal;Glutathione S-transferase, C-terminal domain;Glutathione S-transferase, N-terminal;Glutathione S-transferase, N-terminal domain					True	False	True	True	Spodoptera|XP_035440580.2	1.95e-128	353.0	78.281	100.913	100.0	sp|P42860|GSTT1_LUCCU	sp|P42860|GSTT1_LUCCU Glutathione S-transferase 1-1 OS=Lucilia cuprina OX=7375 GN=GST1 PE=1 SV=2	1.38e-82	247.0	57.9	92.23744292237443	97.11538461538461	0	0	GST_C001	8
GST	TRINITY_DN1407_c0_g1	no	1	4.171001	236.423008	42.383383	302.843043	170.720751	34.364763	95.7970384	157.3697114	61.572672999999995	0.999999010765626	TRINITY_DN1407_c0_g1_i1.p1	207	provisional_HQ_domain	family_defining_domain_detected	IPR004045;IPR004046;PF02798;PF14497	Glutathione S-transferase, C-terminal;Glutathione S-transferase, C-terminal domain;Glutathione S-transferase, N-terminal;Glutathione S-transferase, N-terminal domain					True	False	True	True	Spodoptera|XP_050562835.1	5.79e-63	202.0	75.385	63.1068	6.85654	sp|O18598|GST1_BLAGE	sp|O18598|GST1_BLAGE Glutathione S-transferase OS=Blattella germanica OX=6973 PE=1 SV=3	1.27e-43	147.0	37.6	98.05825242718447	99.01960784313725	0	0	GST_C002	4
GST	TRINITY_DN1430_c2_g2	no	1	75.483824	96.2216	65.533336	121.314948	110.519987	110.809122	65.82043200000001	92.3762174	26.55578539999999	0.999999010765626	TRINITY_DN1430_c2_g2_i1.p1	150	review	no_family_defining_domain_in_current_core_table	IPR013766;PF00085	Thioredoxin;Thioredoxin domain	exclude_from_canonical_detox_GST	alternative protein family; no canonical cytosolic GST domain			True	False	True	True	Spodoptera|XP_035445331.2	1.1e-91	254.0	84.667	100.671	100.671	sp|P97615|THIOM_RAT	sp|P97615|THIOM_RAT Thioredoxin, mitochondrial OS=Rattus norvegicus OX=10116 GN=Txn2 PE=2 SV=1	7.12e-38	129.0	50.9	75.16778523489933	67.46987951807229	0	0	GST_C006	1
GST	TRINITY_DN163_c3_g1	yes	1	1.267673	3.911892	0.263767	3.886035	3.155135	3.318809	1.7592963999999998	2.8252981999999998	1.0660018	0.999999010765626	TRINITY_DN163_c3_g1_i1.p1	218	provisional_HQ_domain	family_defining_domain_detected	IPR004045;IPR004046;PF00043;PF13417	Glutathione S-transferase, C-terminal;Glutathione S-transferase, C-terminal domain;Glutathione S-transferase, N-terminal;Glutathione S-transferase, N-terminal domain					True	False	True	True	Spodoptera|XP_050557548.1	9.36e-110	306.0	64.977	100.0	100.0	sp|P46430|GSTT1_MANSE	sp|P46430|GSTT1_MANSE Glutathione S-transferase 1 OS=Manduca sexta OX=7130 GN=GST1 PE=2 SV=1	7.54e-54	174.0	42.7	98.15668202764977	98.15668202764977	0	0	GST_C001	8
GST	TRINITY_DN1682_c0_g2	no	2	34.596573	52.163227000000006	4.623584	32.359995	39.067121	20.001053	28.3075288	26.024825799999995	-2.282703000000005	0.973267361652975	TRINITY_DN1682_c0_g2_i2.p1	247	provisional_HQ_domain	family_defining_domain_detected	IPR004045;IPR004046;PF00043;PF02798	Glutathione S-transferase, C-terminal;Glutathione S-transferase, C-terminal domain;Glutathione S-transferase, N-terminal;Glutathione S-transferase, N-terminal domain					True	False	True	True	Spodoptera|XP_050558885.1	2.7e-119	340.0	71.171	90.2439	49.3333	sp|P46430|GSTT1_MANSE	sp|P46430|GSTT1_MANSE Glutathione S-transferase 1 OS=Manduca sexta OX=7130 GN=GST1 PE=2 SV=1	2.92e-38	135.0	38.6	84.14634146341463	95.39170506912443	0	0	GST_C001	8
GST	TRINITY_DN18158_c2_g1	yes	1	0.0	0.834769	0.279039	0.092438	0.697079	0.0	0.3664108	0.27236380000000004	-0.09404699999999994	0.999999010765626	TRINITY_DN18158_c2_g1_i1.p1	114	provisional_HQ_domain	family_defining_domain_detected	IPR004046;PF14497	Glutathione S-transferase, C-terminal;Glutathione S-transferase, C-terminal domain					True	False	True	True	Spodoptera|XP_050559253.1	2.54e-59	174.0	72.807	100.0	51.1211								0	0	GST_C001	8
GST	TRINITY_DN18158_c2_g2	yes	1	0.0	0.0	0.01378	0.483617	3.760447	0.048699	0.0049738560000000005	1.4760906	1.471116744	0.0213814690379812	TRINITY_DN18158_c2_g2_i1.p1	227	provisional_HQ_domain	family_defining_domain_detected	IPR004045;IPR004046;PF02798;PF14497	Glutathione S-transferase, C-terminal;Glutathione S-transferase, C-terminal domain;Glutathione S-transferase, N-terminal;Glutathione S-transferase, N-terminal domain					True	False	True	True	Spodoptera|XP_050559253.1	2.33e-134	369.0	78.667	99.5575	100.897	sp|P46430|GSTT1_MANSE	sp|P46430|GSTT1_MANSE Glutathione S-transferase 1 OS=Manduca sexta OX=7130 GN=GST1 PE=2 SV=1	1.71e-34	125.0	36.2	96.46017699115045	100.46082949308756	0	0	GST_C001	8
GST	TRINITY_DN1824_c0_g1	yes	1	6.71759	7.577001	5.120009	3.943155	3.10422	5.958991	5.380834	3.7079672	-1.6728668	0.653927563330792	TRINITY_DN1824_c0_g1_i1.p1	226	provisional_HQ_domain	family_defining_domain_detected	IPR004045;IPR004046;PF00043;PF13417	Glutathione S-transferase, C-terminal;Glutathione S-transferase, C-terminal domain;Glutathione S-transferase, N-terminal;Glutathione S-transferase, N-terminal domain					True	False	True	True	Spodoptera|XP_035441818.2	3.69e-120	333.0	73.364	95.1111	93.0435	sp|P46430|GSTT1_MANSE	sp|P46430|GSTT1_MANSE Glutathione S-transferase 1 OS=Manduca sexta OX=7130 GN=GST1 PE=2 SV=1	2.13e-47	158.0	42.8	92.44444444444444	95.85253456221199	0	0	GST_C001	8
GST	TRINITY_DN196_c0_g1	yes	1	20.937583	75.340624	13.497852	29.757789	30.634876	35.825061	34.7870518	26.193557199999997	-8.593494600000003	0.999999010765626	TRINITY_DN196_c0_g1_i1.p1	119	provisional_HQ_domain	family_defining_domain_detected	IPR004046;PF14497	Glutathione S-transferase, C-terminal;Glutathione S-transferase, C-terminal domain					True	False	True	True	Spodoptera|XP_035444198.2	2.26e-53	158.0	65.517	98.3051	56.8627	sp|P46429|GST2_MANSE	sp|P46429|GST2_MANSE Glutathione S-transferase 2 OS=Manduca sexta OX=7130 GN=GST2 PE=2 SV=1	1.17e-35	124.0	52.6	96.61016949152543	56.1576354679803	0	0	GST_C002	4
GST	TRINITY_DN196_c1_g2	yes	2	33.620211999999995	54.670605	31.227857999999998	36.779561	30.862761	27.502089	33.9792072	26.3728382	-7.606368999999997	0.635887243353259	TRINITY_DN196_c1_g2_i1.p1	217	provisional_HQ_domain	family_defining_domain_detected	IPR004045;IPR004046;PF02798;PF14497	Glutathione S-transferase, C-terminal;Glutathione S-transferase, C-terminal domain;Glutathione S-transferase, N-terminal;Glutathione S-transferase, N-terminal domain					True	False	True	True	Spodoptera|XP_035444198.2	8.04e-90	255.0	69.591	78.8018	83.8235	sp|P46429|GST2_MANSE	sp|P46429|GST2_MANSE Glutathione S-transferase 2 OS=Manduca sexta OX=7130 GN=GST2 PE=2 SV=1	7.16e-64	199.0	55.0	78.80184331797236	84.23645320197045	0	0	GST_C002	4
GST	TRINITY_DN196_c6_g1	yes	4	214.314858	314.133576	39.488433	153.974637	225.145662	221.947356	174.51667809999998	167.48648699999998	-7.030191099999996	0.999999010765626	TRINITY_DN196_c6_g1_i10.p1	201	provisional_HQ_domain	family_defining_domain_detected	IPR004045;IPR004046;PF02798;PF14497	Glutathione S-transferase, C-terminal;Glutathione S-transferase, C-terminal domain;Glutathione S-transferase, N-terminal;Glutathione S-transferase, N-terminal domain					True	False	True	True	Spodoptera|XP_035444198.2	1.7e-92	261.0	63.317	99.5	97.549	sp|P46429|GST2_MANSE	sp|P46429|GST2_MANSE Glutathione S-transferase 2 OS=Manduca sexta OX=7130 GN=GST2 PE=2 SV=1	3.34e-65	202.0	49.7	99.5	98.0295566502463	0	0	GST_C002	4
GST	TRINITY_DN1970_c0_g1	no	11	5.094472	11.616484999999999	5.222049	23.655359999999998	8.541786	9.035599	6.464061320000001	13.133271740000001	6.669210420000001	3.69601050356004e-05	TRINITY_DN1970_c0_g1_i1.p1	241	provisional_HQ_domain	family_defining_domain_detected	IPR004045;PF13410;PF13417	Glutathione S-transferase, C-terminal domain;Glutathione S-transferase, N-terminal;Glutathione S-transferase, N-terminal domain					True	False	True	True	Spodoptera|XP_035453953.1	1.26e-175	474.0	94.583	100.0	100.0	sp|Q9VSL3|SEPIA_DROME	sp|Q9VSL3|SEPIA_DROME Pyrimidodiazepine synthase OS=Drosophila melanogaster OX=7227 GN=se PE=1 SV=1	1.16e-48	163.0	41.0	85.41666666666667	84.36213991769547	0	0	GST_C007	1
GST	TRINITY_DN2000_c0_g1	no	7	2.690121	3.440723	2.542366	3.552317	3.710394	4.959569	2.848356	4.0044334	1.1560774	2.82738998239772e-06	TRINITY_DN2000_c0_g1_i17.p1	389	review	no_family_defining_domain_in_current_core_table	IPR002109;PF00462	Glutaredoxin	exclude_from_canonical_detox_GST	alternative protein family; no canonical cytosolic GST domain			True	False	True	True	Spodoptera|XP_035431091.1	0.0	710.0	87.113	91.5094	100.0	sp|Q9N0A4|PGES2_MACFA	sp|Q9N0A4|PGES2_MACFA Prostaglandin E synthase 2 OS=Macaca fascicularis OX=9541 GN=PTGES2 PE=1 SV=1	3.35e-79	252.0	48.2	66.0377358490566	74.27055702917772	0	0	GST_C008	1
GST	TRINITY_DN2379_c0_g3	no	4	7.154753	7.283024999999999	5.475772	10.123603000000001	10.791783	8.334092	5.507987340000001	8.03287194	2.524884599999999	0.978564835772076	TRINITY_DN2379_c0_g3_i3.p1	174	provisional_HQ_domain	family_defining_domain_detected	IPR004046;PF00043	Glutathione S-transferase, C-terminal;Glutathione S-transferase, C-terminal domain					True	False	True	True	Spodoptera|XP_035435228.2	2.7e-106	293.0	79.769	100.0	100.581	sp|O43324|MCA3_HUMAN	sp|O43324|MCA3_HUMAN Eukaryotic translation elongation factor 1 epsilon-1 OS=Homo sapiens OX=9606 GN=EEF1E1 PE=1 SV=1	4.25e-11	61.6	33.1	69.94219653179191	69.54022988505747	0	0	GST_C009	1
GST	TRINITY_DN2529_c0_g1	no	9	3.54014	4.39028	2.882027	3.546255	3.675426	4.953489	3.15394726	3.70495926	0.5510120000000001	0.0195639742080472	TRINITY_DN2529_c0_g1_i19.p1	260	review	no_family_defining_domain_in_current_core_table	IPR019564;IPR033468;PF10568;PF17171	Glutathione S-transferase, C-terminal domain;Metaxin, glutathione S-transferase domain;Mitochondrial outer membrane transport complex Sam37/metaxin, N-terminal domain;Outer mitochondrial membrane transport complex protein	exclude_from_canonical_detox_GST	alternative protein family; no canonical cytosolic GST domain			True	False	True	True	Bmori|XP_062528878.1	0.0	499.0	88.803	100.0	100.0	sp|Q2L969|MTX2_PIG	sp|Q2L969|MTX2_PIG Metaxin-2 OS=Sus scrofa OX=9823 GN=MTX2 PE=2 SV=1	1.04e-91	274.0	53.0	96.91119691119691	94.00749063670412	0	0	GST_C010	1
UGT	TRINITY_DN11717_c0_g2	yes	3	1.033641	1.061489	5.289692	2.296463	1.016772	0.901815	2.36924672	1.26559186	-1.10365486	0.686565426763939	TRINITY_DN11717_c0_g2_i2.p1	541	provisional_HQ_domain	family_defining_domain_detected	IPR002213;PF00201	UDP-glucoronosyl and UDP-glucosyl transferase;UDP-glucuronosyl/UDP-glucosyltransferase					True	False	True	True	Spodoptera|XP_035449983.2	0.0	1003.0	88.683	99.8148	100.0	sp|A0A291PQF1|UGT5_DACCO	sp|A0A291PQF1|UGT5_DACCO UDP-glycosyltransferase UGT5 OS=Dactylopius coccus OX=765876 GN=UGT5 PE=1 SV=1	1.65e-91	293.0	35.1	91.85185185185185	94.29657794676807	1	9	UGT_C001	15
UGT	TRINITY_DN12106_c1_g5	no	1	0.123093	0.154383	0.314569	0.0	0.0	0.0	0.17465181999999999	0.0	-0.17465181999999999		TRINITY_DN12106_c1_g5_i1.p1	132	provisional_HQ_domain	family_defining_domain_detected	IPR002213;PF00201	UDP-glucoronosyl and UDP-glucosyl transferase;UDP-glucuronosyl/UDP-glucosyltransferase					True	False	True	False	Spodoptera|XP_035454584.2	2.19e-67	205.0	71.756	99.2424	25.2896	sp|A0A291PQF1|UGT5_DACCO	sp|A0A291PQF1|UGT5_DACCO UDP-glycosyltransferase UGT5 OS=Dactylopius coccus OX=765876 GN=UGT5 PE=1 SV=1	5e-32	121.0	43.5	93.93939393939394	23.574144486692017	0	0	UGT_C002	7
UGT	TRINITY_DN1342_c0_g2	no	6	2.363133	4.55262	2.80302	3.7963739999999997	2.714908	3.186201	2.82394728	2.7834264	-0.04052087999999987	0.478976028412385	TRINITY_DN1342_c0_g2_i6.p1	301	review	no_family_defining_domain_in_current_core_table	IPR001584;IPR005027;PF00665;PF03360	Glycosyl transferase, family 43;Glycosyltransferase family 43;Integrase core domain;Integrase, catalytic core	exclude_from_canonical_UGT	alternative domain architecture; PF00201/IPR002213 absent			True	False	True	True	Spodoptera|XP_035437320.1	0.0	554.0	87.0	100.0	100.0	sp|Q09363|SQV8_CAEEL	sp|Q09363|SQV8_CAEEL Galactosylgalactosylxylosylprotein 3-beta-glucuronosyltransferase sqv-8 OS=Caenorhabditis elegans OX=6239 GN=sqv-8 PE=1 SV=1	5.69e-79	246.0	53.4	83.66666666666667	70.50561797752809	0	0	UGT_C003	2
UGT	TRINITY_DN13580_c0_g1	no	2	0.129683	0.217209	0.175213	0.214099	0.062315	0.115995	0.15758909999999998	0.13356122	-0.024027879999999974	0.999999010765626	TRINITY_DN13580_c0_g1_i1.p1	345	review	no_family_defining_domain_in_current_core_table	IPR005027;PF03360	Glycosyl transferase, family 43;Glycosyltransferase family 43	exclude_from_canonical_UGT	alternative domain architecture; PF00201/IPR002213 absent			True	False	True	True	Spodoptera|XP_035430162.1	0.0	548.0	75.0	100.0	98.2857	sp|Q9VLA1|B3G2S_DROME	sp|Q9VLA1|B3G2S_DROME Galactosylgalactosylxylosylprotein 3-beta-glucuronosyltransferase S OS=Drosophila melanogaster OX=7227 GN=GlcAT-S PE=1 SV=2	6.71e-100	303.0	49.5	88.66279069767442	74.5721271393643	0	0	UGT_C003	2
UGT	TRINITY_DN16531_c0_g1	no	4	0.100847	0.7889349999999999	0.348314	0.382125	0.22200199999999998	0.29913100000000004	0.43546715999999996	0.27747436	-0.1579928	0.999999010765626	TRINITY_DN16531_c0_g1_i1.p1	569	review	no_family_defining_domain_in_current_core_table	IPR002654;PF01755;PF13704	Glycosyl transferase family 2;Glycosyl transferase, family 25;Glycosyltransferase family 25 (LPS biosynthesis protein)	exclude_from_canonical_UGT	alternative domain architecture; PF00201/IPR002213 absent			True	False	True	True	Spodoptera|XP_035438682.2	0.0	1008.0	84.534	100.176	100.53	sp|Q7Q021|GLT25_ANOGA	sp|Q7Q021|GLT25_ANOGA Glycosyltransferase 25 family member OS=Anopheles gambiae OX=7165 GN=AGAP012208 PE=3 SV=4	2.57e-194	560.0	51.4	94.8943661971831	91.04729729729729	0	0	UGT_C004	1
UGT	TRINITY_DN1687_c0_g1	no	13	6.278254	8.758454	5.843915	10.933138	8.49745	10.407913	6.67223908	9.58825296	2.9160138800000004	0.0802550122365503	TRINITY_DN1687_c0_g1_i11.p1	216	review	no_family_defining_domain_in_current_core_table	IPR007052;IPR007699;PF04969;PF05002	CS domain;SGS domain	exclude_from_canonical_UGT	alternative domain architecture; PF00201/IPR002213 absent			True	False	True	True	Spodoptera|XP_035456266.1	1.31e-131	362.0	86.111	100.465	100.0	sp|Q9CX34|SGT1_MOUSE	sp|Q9CX34|SGT1_MOUSE Protein SGT1 homolog OS=Mus musculus OX=10090 GN=Sugt1 PE=1 SV=3	2.53e-59	192.0	47.3	96.27906976744185	61.607142857142854	0	0	UGT_C005	1
UGT	TRINITY_DN1689_c0_g1	yes	2	7.946454	25.276881000000003	31.249921	19.923954000000002	35.437479999999994	28.001607	19.1803864	23.5762124	4.395826	0.999999010765626	TRINITY_DN1689_c0_g1_i2.p1	519	provisional_HQ_domain	family_defining_domain_detected	IPR002213;PF00201	UDP-glucoronosyl and UDP-glucosyl transferase;UDP-glucuronosyl/UDP-glucosyltransferase					True	False	True	True	Spodoptera|XP_050559575.1	0.0	727.0	67.761	100.0	99.6154	sp|A0A291PQF1|UGT5_DACCO	sp|A0A291PQF1|UGT5_DACCO UDP-glycosyltransferase UGT5 OS=Dactylopius coccus OX=765876 GN=UGT5 PE=1 SV=1	6.16e-58	204.0	29.4	98.45559845559846	96.95817490494296	0	0	UGT_C001	15
UGT	TRINITY_DN1689_c0_g2	yes	1	2.129996	5.287048	2.54413	5.08407	7.978708	3.531019	2.9364888000000002	4.793631400000001	1.8571426000000004	0.999999010765626	TRINITY_DN1689_c0_g2_i1.p1	475	provisional_HQ_domain	family_defining_domain_detected	IPR002213;PF00201	UDP-glucoronosyl and UDP-glucosyl transferase;UDP-glucuronosyl/UDP-glucosyltransferase					True	False	True	True	Spodoptera|XP_050559575.1	0.0	727.0	72.059	100.211	91.5385	sp|A0A291PQH4|UGT2_DACCO	sp|A0A291PQH4|UGT2_DACCO UDP-glucosyltransferase 2 OS=Dactylopius coccus OX=765876 GN=UTG2 PE=1 SV=1	6.49e-59	205.0	31.1	96.0	88.54368932038835	0	0	UGT_C001	15
UGT	TRINITY_DN1689_c1_g1	yes	8	3.755762	34.745565	98.791162	11.957431	57.602584	21.360155	44.54200248	28.43074128	-16.1112612	0.0172533878476727	TRINITY_DN1689_c1_g1_i4.p1	518	provisional_HQ_domain	family_defining_domain_detected	IPR002213;PF00201	UDP-glucoronosyl and UDP-glucosyl transferase;UDP-glucuronosyl/UDP-glucosyltransferase					True	False	True	True	Spodoptera|XP_050559578.1	0.0	711.0	64.535	99.8066	100.389	sp|A0A291PQH4|UGT2_DACCO	sp|A0A291PQH4|UGT2_DACCO UDP-glucosyltransferase 2 OS=Dactylopius coccus OX=765876 GN=UTG2 PE=1 SV=1	2.76e-65	223.0	27.8	100.77369439071566	101.16504854368932	0	0	UGT_C001	15
UGT	TRINITY_DN17113_c0_g1	yes	7	9.654888	29.005478999999998	2.489756	12.190077	9.98659	5.387942	13.304594079999998	8.16481936	-5.139774719999998	0.970862622007033	TRINITY_DN17113_c0_g1_i16.p1	511	provisional_HQ_domain	family_defining_domain_detected	IPR002213;PF00201	UDP-glucoronosyl and UDP-glucosyl transferase;UDP-glucuronosyl/UDP-glucosyltransferase					True	False	True	True	Spodoptera|XP_035458622.2	0.0	810.0	76.078	100.0	100.394	sp|A0A291PQF1|UGT5_DACCO	sp|A0A291PQF1|UGT5_DACCO UDP-glycosyltransferase UGT5 OS=Dactylopius coccus OX=765876 GN=UGT5 PE=1 SV=1	3.36e-96	304.0	36.2	100.19607843137256	97.14828897338403	0	0	UGT_C001	15
UGT	TRINITY_DN18424_c0_g1	yes	1	0.368825	0.093295	0.182206	0.083295	0.255039	0.277485	0.1947838	0.18156578	-0.013218019999999997	0.999999010765626	TRINITY_DN18424_c0_g1_i1.p1	522	provisional_HQ_domain	family_defining_domain_detected	IPR002213;PF00201	UDP-glucoronosyl and UDP-glucosyl transferase;UDP-glucuronosyl/UDP-glucosyltransferase					True	False	True	True	Spodoptera|XP_035440285.2	0.0	907.0	81.538	99.8081	99.8081	sp|A0A291PQF1|UGT5_DACCO	sp|A0A291PQF1|UGT5_DACCO UDP-glycosyltransferase UGT5 OS=Dactylopius coccus OX=765876 GN=UGT5 PE=1 SV=1	2.65e-91	291.0	32.5	96.3531669865643	95.43726235741445	0	0	UGT_C001	15
UGT	TRINITY_DN20280_c0_g1	no	1	0.059255	0.635531	0.786593	1.558065	2.007727	0.523187	0.4577129999999999	1.2147058	0.7569928	0.986725128544583	TRINITY_DN20280_c0_g1_i1.p1	135	provisional_HQ_domain	family_defining_domain_detected	IPR002213;PF00201	UDP-glucoronosyl and UDP-glucosyl transferase;UDP-glucuronosyl/UDP-glucosyltransferase					True	False	True	False	Spodoptera|XP_035454998.2	2.28e-85	251.0	87.407	100.0	25.9117	sp|Q9GLD9|UDB33_MACMU	sp|Q9GLD9|UDB33_MACMU UDP-glucuronosyltransferase 2B33 OS=Macaca mulatta OX=9544 GN=UGT2B33 PE=1 SV=1	2.3e-34	127.0	44.4	100.0	25.519848771266542	0	0	UGT_C002	7
UGT	TRINITY_DN20280_c1_g1	no	5	5.658831	9.306498000000001	4.218475	3.370591	2.78133	1.9501959999999998	5.76834356	2.31758806	-3.4507555	0.196840109634686	TRINITY_DN20280_c1_g1_i3.p1	186	provisional_HQ_domain	family_defining_domain_detected	IPR002213;PF00201	UDP-glucoronosyl and UDP-glucosyl transferase;UDP-glucuronosyl/UDP-glucosyltransferase					True	False	True	False	Spodoptera|XP_035454584.2	1.62e-93	275.0	70.968	100.541	35.9073	sp|Q9GLD9|UDB33_MACMU	sp|Q9GLD9|UDB33_MACMU UDP-glucuronosyltransferase 2B33 OS=Macaca mulatta OX=9544 GN=UGT2B33 PE=1 SV=1	3.98e-38	140.0	44.1	78.37837837837837	27.410207939508506	0	0	UGT_C002	7
UGT	TRINITY_DN21024_c0_g1	no	3	0.21420499999999998	0.121119	0.037355	0.281326	0.056718	0.096835	0.12194452	0.14691198	0.024967459999999997	0.999999010765626	TRINITY_DN21024_c0_g1_i1.p1	323	review	no_family_defining_domain_in_current_core_table	PF13896	Glycosyl-transferase for dystroglycan	exclude_from_canonical_UGT	alternative domain architecture; PF00201/IPR002213 absent			True	False	True	True	Bmori|XP_021203793.2	0.0	617.0	90.0	99.3789	71.5884	sp|Q5EA01|B4GA1_BOVIN	sp|Q5EA01|B4GA1_BOVIN Beta-1,4-glucuronyltransferase 1 OS=Bos taurus OX=9913 GN=B4GAT1 PE=2 SV=2	4.96e-35	134.0	32.0	100.93167701863354	78.3132530120482	0	0	UGT_C006	1
UGT	TRINITY_DN2328_c0_g1	yes	3	1.776133	3.1264279999999998	1.2443469999999999	3.89707	5.439541	4.151612	1.80073744	3.7878526	1.9871151599999999	0.717571469829323	TRINITY_DN2328_c0_g1_i1.p1	528	provisional_HQ_domain	family_defining_domain_detected	IPR002213;PF00201	UDP-glucoronosyl and UDP-glucosyl transferase;UDP-glucuronosyl/UDP-glucosyltransferase					True	False	True	True	Spodoptera|XP_050556017.1	0.0	726.0	67.787	96.0152	48.7007	sp|A0A291PQH4|UGT2_DACCO	sp|A0A291PQH4|UGT2_DACCO UDP-glucosyltransferase 2 OS=Dactylopius coccus OX=765876 GN=UTG2 PE=1 SV=1	6.89e-65	222.0	30.1	93.92789373814041	96.11650485436893	0	0	UGT_C001	15
UGT	TRINITY_DN2332_c0_g1	yes	3	0.37447199999999997	0.875033	1.089035	2.1118669999999997	1.700726	1.204294	0.6992304	1.4128762799999999	0.7136458799999998	0.986502347389427	TRINITY_DN2332_c0_g1_i2.p1	545	provisional_HQ_domain	family_defining_domain_detected	IPR002213;PF00201	UDP-glucoronosyl and UDP-glucosyl transferase;UDP-glucuronosyl/UDP-glucosyltransferase					True	False	True	True	Spodoptera|XP_035437706.2	0.0	1073.0	93.382	100.0	100.0	sp|A0A291PQH4|UGT2_DACCO	sp|A0A291PQH4|UGT2_DACCO UDP-glucosyltransferase 2 OS=Dactylopius coccus OX=765876 GN=UTG2 PE=1 SV=1	8.42e-76	251.0	32.0	86.76470588235294	91.6504854368932	0	0	UGT_C001	15
UGT	TRINITY_DN243_c0_g1	yes	7	7.2975710000000005	15.196076999999999	7.986296	11.984983	10.213438	6.244917999999999	9.6431218	9.0479438	-0.5951779999999989	0.947360851330125	TRINITY_DN243_c0_g1_i5.p1	518	provisional_HQ_domain	family_defining_domain_detected	IPR002213;PF00201	UDP-glucoronosyl and UDP-glucosyl transferase;UDP-glucuronosyl/UDP-glucosyltransferase					True	False	True	True	Spodoptera|XP_050550361.1	0.0	901.0	84.263	97.0986	97.2868	sp|A0A291PQH4|UGT2_DACCO	sp|A0A291PQH4|UGT2_DACCO UDP-glucosyltransferase 2 OS=Dactylopius coccus OX=765876 GN=UTG2 PE=1 SV=1	1.59e-92	294.0	34.8	94.39071566731141	94.75728155339806	0	0	UGT_C001	15
UGT	TRINITY_DN28473_c0_g1	no	2	18.415325000000003	23.091063000000002	10.722594	27.299452000000002	32.262144	31.388655	14.983774980000002	24.68898618	9.705211199999999	0.999999010765626	TRINITY_DN28473_c0_g1_i1.p1	436	review	no_family_defining_domain_in_current_core_table	IPR005013;PF03345	Dolichyl-diphosphooligosaccharide--protein glycosyltransferase 48kDa subunit;Oligosaccharyltransferase 48 kDa subunit beta	exclude_from_canonical_UGT	alternative domain architecture; PF00201/IPR002213 absent			True	False	True	True	Spodoptera|XP_035436808.1	0.0	856.0	94.713	100.0	100.23	sp|Q24319|OST48_DROME	sp|Q24319|OST48_DROME Dolichyl-diphosphooligosaccharide--protein glycosyltransferase 48 kDa subunit OS=Drosophila melanogaster OX=7227 GN=Ost48 PE=2 SV=2	1.04e-190	540.0	64.5	97.01149425287356	93.98663697104676	0	0	UGT_C007	1
UGT	TRINITY_DN3225_c0_g1	no	9	6.0947189999999996	8.354085	3.221646	11.565831000000001	12.629284	14.98264	5.18613228	11.1582898	5.9721575200000006	0.115753281887342	TRINITY_DN3225_c0_g1_i2.p1	778	review	no_family_defining_domain_in_current_core_table	IPR003674;PF02516	Oligosaccharyl transferase STT3 subunit;Oligosaccharyl transferase, STT3 subunit	exclude_from_canonical_UGT	alternative domain architecture; PF00201/IPR002213 absent			True	False	True	True	Spodoptera|XP_035449977.1	0.0	1512.0	94.981	100.0	100.0	sp|Q3TDQ1|STT3B_MOUSE	sp|Q3TDQ1|STT3B_MOUSE Dolichyl-diphosphooligosaccharide--protein glycosyltransferase subunit STT3B OS=Mus musculus OX=10090 GN=Stt3b PE=1 SV=2	0.0	1082.0	70.8	98.45559845559846	92.95261239368165	0	0	UGT_C008	1
UGT	TRINITY_DN3269_c0_g1	yes	2	0.827584	4.857129	2.404615	5.004505	3.596346	2.7421499999999996	2.5208261	3.3871682	0.8663421000000002	0.999999010765626	TRINITY_DN3269_c0_g1_i2.p1	523	provisional_HQ_domain	family_defining_domain_detected	IPR002213;PF00201	UDP-glucoronosyl and UDP-glucosyl transferase;UDP-glucuronosyl/UDP-glucosyltransferase					True	False	True	True	Spodoptera|XP_035452810.2	0.0	763.0	70.69	100.0	100.0	sp|A0A291PQH4|UGT2_DACCO	sp|A0A291PQH4|UGT2_DACCO UDP-glucosyltransferase 2 OS=Dactylopius coccus OX=765876 GN=UTG2 PE=1 SV=1	2.73e-68	231.0	30.1	100.57471264367815	101.94174757281553	0	0	UGT_C001	15
UGT	TRINITY_DN37939_c0_g1	no	1	0.0	0.11529	0.0	0.584784	0.178017	0.0	0.04161364	0.25236359999999997	0.21074995999999996		TRINITY_DN37939_c0_g1_i1.p1	167	provisional_HQ_domain	family_defining_domain_detected	IPR002213;PF00201	UDP-glucoronosyl and UDP-glucosyl transferase;UDP-glucuronosyl/UDP-glucosyltransferase					True	False	True	False	Spodoptera|XP_035458586.2	1.59e-99	289.0	82.635	100.0	32.3643	sp|Q88168|UDPE_NPVSL	sp|Q88168|UDPE_NPVSL Ecdysteroid UDP-glucosyltransferase OS=Spodoptera littoralis nuclear polyhedrosis virus OX=10456 GN=EGT PE=3 SV=1	2.42e-23	98.6	37.9	101.19760479041916	32.81553398058252	0	0	UGT_C002	7
UGT	TRINITY_DN38523_c0_g1	no	1	0.129397	0.0	0.0	0.460268	0.086072	0.0	0.04670552	0.1856504	0.13894488		TRINITY_DN38523_c0_g1_i1.p1	116	provisional_HQ_domain	family_defining_domain_detected	IPR002213;PF00201	UDP-glucoronosyl and UDP-glucosyl transferase;UDP-glucuronosyl/UDP-glucosyltransferase					True	False	True	False	Spodoptera|XP_035454998.2	2.71e-62	191.0	71.552	100.0	22.2649	sp|A0A291PQH4|UGT2_DACCO	sp|A0A291PQH4|UGT2_DACCO UDP-glucosyltransferase 2 OS=Dactylopius coccus OX=765876 GN=UTG2 PE=1 SV=1	1.87e-26	105.0	42.0	96.55172413793103	21.74757281553398	0	0	UGT_C002	7
UGT	TRINITY_DN39303_c0_g1	no	5	0.472639	1.316953	1.200679	0.184577	0.308598	0.158382	0.8991396	0.20742001999999998	-0.69171958	0.093907358915818	TRINITY_DN39303_c0_g1_i5.p1	529	provisional_HQ_domain	family_defining_domain_detected	IPR002213;PF00201	UDP-glucoronosyl and UDP-glucosyl transferase;UDP-glucuronosyl/UDP-glucosyltransferase					True	False	True	True	Spodoptera|XP_035454997.2	0.0	689.0	67.88	88.447	89.4636	sp|P41713|UDPE_NPVLD	sp|P41713|UDPE_NPVLD Ecdysteroid UDP-glucosyltransferase OS=Lymantria dispar multicapsid nuclear polyhedrosis virus OX=10449 GN=EGT PE=3 SV=2	5.73e-90	288.0	34.9	90.15151515151516	94.07114624505928	0	0	UGT_C001	15
UGT	TRINITY_DN41259_c0_g1	no	1	0.0	0.199383	0.015886	0.13243	0.163409	0.133702	0.07550074	0.11740686	0.041906120000000005	0.999999010765626	TRINITY_DN41259_c0_g1_i1.p1	238	review	no_family_defining_domain_in_current_core_table	IPR005828;PF00083	Major facilitator,  sugar transporter-like;Sugar (and other) transporter	exclude_from_canonical_UGT	alternative domain architecture; PF00201/IPR002213 absent			True	False	True	True	Spodoptera|XP_035456846.2	4.2e-144	405.0	79.832	100.0	47.2222	sp|B0WC46|TRET1_CULQU	sp|B0WC46|TRET1_CULQU Facilitated trehalose transporter Tret1 OS=Culex quinquefasciatus OX=7176 GN=Tret1 PE=3 SV=1	1.24e-19	90.5	27.2	91.17647058823529	41.97292069632495	0	0	UGT_C009	1
UGT	TRINITY_DN5199_c0_g1	yes	1	2.191733	3.018588	3.269663	1.561503	1.421593	3.765416	2.3534316	2.0142884000000003	-0.33914319999999964	0.987899079503749	TRINITY_DN5199_c0_g1_i1.p1	526	provisional_HQ_domain	family_defining_domain_detected	IPR002213;PF00201	UDP-glucoronosyl and UDP-glucosyl transferase;UDP-glucuronosyl/UDP-glucosyltransferase					True	False	True	True	Spodoptera|XP_050559218.1	0.0	752.0	69.583	95.8095	94.9057	sp|A0A291PQF1|UGT5_DACCO	sp|A0A291PQF1|UGT5_DACCO UDP-glycosyltransferase UGT5 OS=Dactylopius coccus OX=765876 GN=UGT5 PE=1 SV=1	7.35e-39	152.0	25.1	92.76190476190476	92.58555133079848	0	0	UGT_C001	15
UGT	TRINITY_DN5252_c0_g3	no	1	1.29303	1.151784	0.048143	1.0726	0.834281	0.916146	0.7760984	0.772581	-0.003517400000000004	0.999999010765626	TRINITY_DN5252_c0_g3_i1.p1	166	provisional_HQ_domain	family_defining_domain_detected	IPR002213;PF00201	UDP-glucoronosyl and UDP-glucosyl transferase;UDP-glucuronosyl/UDP-glucosyltransferase					True	False	True	False	Spodoptera|XP_050554451.1	1.71e-96	281.0	76.506	100.0	32.1705	sp|P36513|UDB14_RABIT	sp|P36513|UDB14_RABIT UDP-glucuronosyltransferase 2B14 OS=Oryctolagus cuniculus OX=9986 GN=UGT2B14 PE=2 SV=1	7.61e-41	146.0	44.0	95.78313253012048	30.0	0	0	UGT_C002	7
UGT	TRINITY_DN566_c0_g2	no	2	1.746635	7.336517	3.519595	27.848549	36.628184000000005	46.396887	4.150674	33.999472000000004	29.848798000000002	0.314695996490341	TRINITY_DN566_c0_g2_i1.p1	492	review	no_family_defining_domain_in_current_core_table	IPR005828;PF00083	Major facilitator,  sugar transporter-like;Sugar (and other) transporter	exclude_from_canonical_UGT	alternative domain architecture; PF00201/IPR002213 absent			False	False	True	True	Spodoptera|XP_050552501.1	0.0	819.0	84.016	99.389	99.5918	sp|A5LGM7|TRET1_POLVA	sp|A5LGM7|TRET1_POLVA Facilitated trehalose transporter Tret1 OS=Polypedilum vanderplanki OX=319348 GN=Tret1 PE=1 SV=1	6.18e-33	134.0	26.9	97.55600814663951	95.03968253968254	0	0	UGT_C010	1
UGT	TRINITY_DN60107_c0_g1	no	1	0.0	0.0	0.0	0.151394	0.288742	0.0	0.0	0.14095459999999999	0.14095459999999999		TRINITY_DN60107_c0_g1_i1.p1	102	provisional_HQ_domain	family_defining_domain_detected	IPR002213;PF00201	UDP-glucoronosyl and UDP-glucosyl transferase;UDP-glucuronosyl/UDP-glucosyltransferase					True	False	True	False	Spodoptera|XP_035434000.2	3.38e-63	192.0	85.294	100.0	19.3916	sp|A0A291PQH4|UGT2_DACCO	sp|A0A291PQH4|UGT2_DACCO UDP-glucosyltransferase 2 OS=Dactylopius coccus OX=765876 GN=UTG2 PE=1 SV=1	2.53e-13	67.4	34.0	100.98039215686275	20.0	0	0	UGT_C011	1
UGT	TRINITY_DN654_c0_g1	yes	2	9.166821	31.721735000000002	3.038342	34.639143000000004	22.315785	17.459799999999998	14.180633600000002	21.337083800000002	7.1564502	0.999999010765626	TRINITY_DN654_c0_g1_i2.p1	519	provisional_HQ_domain	family_defining_domain_detected	IPR002213;PF00201	UDP-glucoronosyl and UDP-glucosyl transferase;UDP-glucuronosyl/UDP-glucosyltransferase					True	False	True	True	Spodoptera|XP_035452567.1	0.0	806.0	70.841	98.6486	97.7055	sp|A0A291PQH4|UGT2_DACCO	sp|A0A291PQH4|UGT2_DACCO UDP-glucosyltransferase 2 OS=Dactylopius coccus OX=765876 GN=UTG2 PE=1 SV=1	6.42e-69	233.0	30.9	94.2084942084942	94.75728155339806	0	0	UGT_C001	15
UGT	TRINITY_DN6816_c0_g1	yes	6	24.3708	30.029187	29.835898	34.382098	52.662732999999996	41.431509	24.46900026	38.33739582	13.868395559999996	0.950615744526078	TRINITY_DN6816_c0_g1_i13.p1	519	provisional_HQ_domain	family_defining_domain_detected	IPR002213;PF00201	UDP-glucoronosyl and UDP-glucosyl transferase;UDP-glucuronosyl/UDP-glucosyltransferase					True	False	True	True	Spodoptera|XP_035458586.2	0.0	737.0	70.04	97.2973	97.6744	sp|A0A291PQH4|UGT2_DACCO	sp|A0A291PQH4|UGT2_DACCO UDP-glucosyltransferase 2 OS=Dactylopius coccus OX=765876 GN=UTG2 PE=1 SV=1	5.77e-71	238.0	33.4	91.89189189189189	92.42718446601941	0	0	UGT_C001	15
UGT	TRINITY_DN7259_c0_g1	no	1	36.369519	38.682338	13.504367	57.411431	69.061377	76.276684	25.887624799999998	55.6210004	29.733375600000002	0.885947504855861	TRINITY_DN7259_c0_g1_i1.p1	484	review	no_family_defining_domain_in_current_core_table	IPR007676;PF04597	Ribophorin I	exclude_from_canonical_UGT	alternative domain architecture; PF00201/IPR002213 absent			True	False	True	True	Spodoptera|XP_035444053.2	0.0	924.0	90.062	100.0	97.9716	sp|Q9GMB0|RPN1_PIG	sp|Q9GMB0|RPN1_PIG Dolichyl-diphosphooligosaccharide--protein glycosyltransferase subunit 1 OS=Sus scrofa OX=9823 GN=RPN1 PE=1 SV=1	2.72e-148	439.0	51.3	89.648033126294	71.21710526315789	0	0	UGT_C012	1
UGT	TRINITY_DN729_c0_g1	no	5	62.322720000000004	78.210143	38.267896	101.659454	102.97134700000001	122.10296	51.18270268	89.1440119	37.96130922	0.895230473585131	TRINITY_DN729_c0_g1_i9.p1	289	review	no_family_defining_domain_in_current_core_table	IPR003038;IPR012479;PF02109;PF07818	DAD family;DAD/Ost2;HCNGP-like protein;SAP30-binding protein	exclude_from_canonical_UGT	alternative domain architecture; PF00201/IPR002213 absent			False	False	True	True	Spodoptera|XP_035435090.1	4.16e-180	491.0	86.411	99.6528	100.35	sp|Q9UHR5|S30BP_HUMAN	sp|Q9UHR5|S30BP_HUMAN SAP30-binding protein OS=Homo sapiens OX=9606 GN=SAP30BP PE=1 SV=1	2.19e-47	163.0	46.5	75.34722222222223	70.45454545454545	0	0	UGT_C013	1
UGT	TRINITY_DN7973_c0_g1	no	6	19.042175999999998	24.161050000000003	12.304905	30.573038	35.68721	34.873977000000004	15.90170778	27.455117440000002	11.553409660000002	0.825860200605613	TRINITY_DN7973_c0_g1_i8.p1	353	review	no_family_defining_domain_in_current_core_table	IPR021149;PF04756	OST3 / OST6 family, transporter family;Oligosaccharyl transferase complex, subunit OST3/OST6	exclude_from_canonical_UGT	alternative domain architecture; PF00201/IPR002213 absent			False	False	True	True	Spodoptera|XP_035431089.2	0.0	647.0	91.541	94.0341	99.6988	sp|Q8BTV1|TUSC3_MOUSE	sp|Q8BTV1|TUSC3_MOUSE Dolichyl-diphosphooligosaccharide--protein glycosyltransferase subunit TUSC3 OS=Mus musculus OX=10090 GN=Tusc3 PE=1 SV=1	3.07e-114	338.0	53.3	86.93181818181819	88.18443804034582	0	0	UGT_C014	1
UGT	TRINITY_DN8039_c0_g1	no	1	0.603016	1.293826	1.315611	1.745115	2.70007	0.845038	0.9228356	1.5622114	0.6393758	0.999999010765626	TRINITY_DN8039_c0_g1_i1.p1	330	review	no_family_defining_domain_in_current_core_table	IPR003378;PF02434	Fringe-like	exclude_from_canonical_UGT	alternative domain architecture; PF00201/IPR002213 absent			True	False	True	True	Bmori|NP_001116813.1	0.0	529.0	77.341	100.608	101.223	sp|Q24342|FNG_DROME	sp|Q24342|FNG_DROME Fringe glycosyltransferase OS=Drosophila melanogaster OX=7227 GN=fng PE=1 SV=1	6.54e-123	362.0	58.2	86.62613981762918	69.1747572815534	0	0	UGT_C015	1
UGT	TRINITY_DN87_c1_g3	no	5	22.400955	19.800771	10.626021	28.126039000000002	18.990955	12.767046	16.00796768	17.31016236	1.3021946799999995	0.000826511518728698	TRINITY_DN87_c1_g3_i5.p1	541	provisional_HQ_domain	family_defining_domain_detected	IPR002213;PF00201	UDP-glucoronosyl and UDP-glucosyl transferase;UDP-glucuronosyl/UDP-glucosyltransferase					True	False	True	True	Spodoptera|XP_035454584.2	0.0	804.0	73.643	95.5556	99.6139	sp|P41713|UDPE_NPVLD	sp|P41713|UDPE_NPVLD Ecdysteroid UDP-glucosyltransferase OS=Lymantria dispar multicapsid nuclear polyhedrosis virus OX=10449 GN=EGT PE=3 SV=2	9.29e-96	303.0	38.5	89.07407407407408	95.0592885375494	0	0	UGT_C001	15
UGT	TRINITY_DN9587_c0_g1	no	2	0.111424	0.19672800000000001	3.236121	0.15148	0.28358099999999997	0.614984	1.2358411999999999	0.32158141999999995	-0.9142597799999999	0.999999010765626	TRINITY_DN9587_c0_g1_i1.p1	149	provisional_HQ_domain	family_defining_domain_detected	IPR002213;PF00201	UDP-glucoronosyl and UDP-glucosyl transferase;UDP-glucuronosyl/UDP-glucosyltransferase					True	False	True	False	Spodoptera|XP_035454642.2	1.05e-80	240.0	72.973	100.0	28.5714	sp|Q9XT55|UDB19_MACFA	sp|Q9XT55|UDB19_MACFA UDP-glucuronosyltransferase 2B19 OS=Macaca fascicularis OX=9541 GN=UGT2B19 PE=1 SV=1	6.76e-27	107.0	36.8	91.89189189189189	25.757575757575758	0	0	UGT_C002	7
SULT	TRINITY_DN1282_c1_g2	yes	5	0.53343	1.302409	0.681225	9.62363	4.063916	2.642842	0.7638224599999999	5.0216276	4.25780514	0.000565151314297892	TRINITY_DN1282_c1_g2_i1.p1	328	provisional_HQ_domain	family_defining_domain_detected	IPR000863;PF00685	Sulfotransferase domain					True	False	True	True	Spodoptera|XP_035432672.2	0.0	504.0	75.692	99.3884	99.3884	sp|Q6IMI6|ST1C3_HUMAN	sp|Q6IMI6|ST1C3_HUMAN Sulfotransferase 1C3 OS=Homo sapiens OX=9606 GN=SULT1C3 PE=1 SV=1	8.96e-42	150.0	31.5	77.67584097859327	83.55263157894737	0	10	SULT_C001	7
SULT	TRINITY_DN13428_c0_g1	yes	6	0.240016	0.5344099999999999	0.12103	0.314299	1.307853	0.061437	0.287271254	0.57298028	0.28570902600000003	0.936443740549123	TRINITY_DN13428_c0_g1_i1.p1	344	provisional_HQ_domain	family_defining_domain_detected	IPR000863;PF00685	Sulfotransferase domain					True	False	True	True	Bmori|XP_004930400.2	2.64e-151	421.0	60.534	98.2507	97.3988	sp|A0A173GP47|LST_PHOPY	sp|A0A173GP47|LST_PHOPY Luciferin sulfotransferase OS=Photinus pyralis OX=7054 GN=LST PE=1 SV=1	2.28e-47	167.0	33.3	93.58600583090379	86.75675675675676	0	0	SULT_C001	7
SULT	TRINITY_DN13428_c0_g2	yes	2	0.079301	0.250719	0.246333	0.411366	0.440033	0.106472	0.19364534	0.2856202	0.09197485999999999	0.52255951790223	TRINITY_DN13428_c0_g2_i1.p1	345	provisional_HQ_domain	family_defining_domain_detected	IPR000863;PF00685	Sulfotransferase domain					True	False	True	True	Spodoptera|XP_050559197.1	0.0	602.0	84.795	99.4186	99.7085	sp|O75897|ST1C4_HUMAN	sp|O75897|ST1C4_HUMAN Sulfotransferase 1C4 OS=Homo sapiens OX=9606 GN=SULT1C4 PE=1 SV=2	3.58e-54	182.0	34.8	85.17441860465117	97.01986754966887	0	0	SULT_C001	7
SULT	TRINITY_DN18563_c0_g1	yes	3	0.172274	0.644387	1.677719	0.0	0.062638	0.0	0.8060048	0.02260902	-0.78339578	0.0880568816237983	TRINITY_DN18563_c0_g1_i1.p1	228	provisional_HQ_domain	family_defining_domain_detected	IPR000863;PF00685	Sulfotransferase domain					True	False	True	True	Spodoptera|XP_035436318.2	2.18e-110	312.0	64.348	100.877	65.5271	sp|A0A173GP47|LST_PHOPY	sp|A0A173GP47|LST_PHOPY Luciferin sulfotransferase OS=Photinus pyralis OX=7054 GN=LST PE=1 SV=1	2.85e-43	152.0	38.5	101.3157894736842	62.432432432432435	0	0	SULT_C001	7
SULT	TRINITY_DN1884_c0_g1	yes	13	60.328386	104.456856	41.575593	48.481214	85.29727199999999	108.355405	66.6467667	81.4085734	14.761806699999994	0.00741900122887147	TRINITY_DN1884_c0_g1_i17.p1	343	provisional_HQ_domain	family_defining_domain_detected	IPR000863;PF00685	Sulfotransferase domain					True	False	True	True	Spodoptera|XP_035433286.1	0.0	555.0	72.965	100.585	100.0	sp|O75897|ST1C4_HUMAN	sp|O75897|ST1C4_HUMAN Sulfotransferase 1C4 OS=Homo sapiens OX=9606 GN=SULT1C4 PE=1 SV=2	3.47e-41	149.0	31.0	87.71929824561404	99.33774834437087	0	0	SULT_C001	7
SULT	TRINITY_DN260_c1_g1	yes	8	460.727667	723.701139	381.201308	374.594053	345.946152	455.796607	448.28376538000003	327.8480732	-120.43569218000005	2.38922223377513e-07	TRINITY_DN260_c1_g1_i12.p1	354	provisional_HQ_domain	family_defining_domain_detected	IPR000863;PF00685	Sulfotransferase domain					True	False	True	True	Spodoptera|XP_050559191.1	0.0	535.0	74.221	100.0	100.284	sp|A0A173GP47|LST_PHOPY	sp|A0A173GP47|LST_PHOPY Luciferin sulfotransferase OS=Photinus pyralis OX=7054 GN=LST PE=1 SV=1	2.46e-50	175.0	35.7	88.95184135977337	84.86486486486487	0	0	SULT_C001	7
SULT	TRINITY_DN275_c0_g1	no	12	5.164658	9.938026	6.101466	9.709106	8.179689	9.885457	6.24017958	7.9377181000000006	1.6975385200000002	0.261098516650537	TRINITY_DN275_c0_g1_i16.p1	330	review	no_family_defining_domain_in_current_core_table	PF13469	Sulfotransferase family	exclude_from_cytosolic_SULT	non-cytosolic sulfotransferase class; PF00685/IPR000863 absent			True	False	True	True	Spodoptera|XP_035436301.1	0.0	614.0	94.495	99.3921	95.8944	sp|Q9VYB7|TPST_DROME	sp|Q9VYB7|TPST_DROME Protein-tyrosine sulfotransferase OS=Drosophila melanogaster OX=7227 GN=Tpst PE=2 SV=2	4.04e-152	439.0	73.6	81.7629179331307	53.90781563126252	0	0	SULT_C002	1
SULT	TRINITY_DN27959_c0_g1	no	2	0.071259	0.16493	0.9604349999999999	0.111798	0.089698	0.084282	0.40467638	0.07858782	-0.32608855999999997	0.895319426882355	TRINITY_DN27959_c0_g1_i2.p1	432	review	no_family_defining_domain_in_current_core_table	IPR005331;PF03567	Sulfotransferase;Sulfotransferase family	exclude_from_cytosolic_SULT	non-cytosolic sulfotransferase class; PF00685/IPR000863 absent			True	False	True	True	Spodoptera|XP_050549308.1	0.0	795.0	93.72	96.0557	96.0557	sp|Q86BJ3|UST_DROME	sp|Q86BJ3|UST_DROME Uronyl 2-sulfotransferase homolog pip OS=Drosophila melanogaster OX=7227 GN=pip PE=1 SV=1	8.85e-96	300.0	38.0	109.97679814385151	92.21789883268482	0	0	SULT_C003	1
SULT	TRINITY_DN5927_c0_g1	yes	13	116.516503	220.669767	168.25462000000002	118.991785	104.788347	66.246954	144.25169668	82.034120538	-62.21757614200001	0.000380082727223878	TRINITY_DN5927_c0_g1_i23.p1	416	provisional_HQ_domain	family_defining_domain_detected	IPR000863;IPR004210;IPR006578;IPR027806;PF00685;PF02944;PF10545;PF13359	Alcohol dehydrogenase transcription factor Myb/SANT-like;BESS motif;DDE superfamily endonuclease;Harbinger transposase-derived nuclease domain;MADF domain;Sulfotransferase domain					True	False	True	True	Spodoptera|XP_035442818.1	1.8e-112	327.0	44.414	88.4337	94.1026	sp|Q9M2U3|ALPL_ARATH	sp|Q9M2U3|ALPL_ARATH Protein ALP1-like OS=Arabidopsis thaliana OX=3702 GN=At3g55350 PE=2 SV=1	4.43e-23	103.0	27.5	73.73493975903614	75.36945812807882	0	0	SULT_C004	1
SULT	TRINITY_DN5949_c0_g1	no	5	6.003498	10.646097	4.050796	8.988485	5.64395	1.034779	6.1871354400000005	4.9608336	-1.2263018400000005	0.605300291010221	TRINITY_DN5949_c0_g1_i3.p1	178	provisional_HQ_domain	family_defining_domain_detected	IPR000863;PF00685	Sulfotransferase domain					True	False	True	True	Spodoptera|XP_050559196.1	2.52e-68	201.0	53.073	100.562	58.8816	sp|A0A173GP47|LST_PHOPY	sp|A0A173GP47|LST_PHOPY Luciferin sulfotransferase OS=Photinus pyralis OX=7054 GN=LST PE=1 SV=1	7.48e-18	82.8	34.0	91.01123595505618	43.78378378378378	0	0	SULT_C001	7
SULT	TRINITY_DN659_c1_g1	no	6	133.412877	239.75860799999998	222.323406	148.24445699999998	121.585513	98.512	169.299746	105.7343216	-63.5654244	0.454701681349215	TRINITY_DN659_c1_g1_i4.p1	154	provisional_HQ_domain	family_defining_domain_detected	IPR000863;PF00685	Sulfotransferase domain					True	False	True	False	Spodoptera|XP_050559193.1	1.44e-47	148.0	69.474	62.0915	27.2206	sp|Q9QWG7|ST1B1_MOUSE	sp|Q9QWG7|ST1B1_MOUSE Sulfotransferase 1B1 OS=Mus musculus OX=10090 GN=Sult1b1 PE=1 SV=2	6.73e-16	75.9	38.9	58.8235294117647	30.100334448160535	0	0	SULT_C005	1
ABC	TRINITY_DN10989_c0_g1	no	5	0.644574	0.0	0.663687	0.65984	0.0	1.230028	0.43294326000000005	0.6464918799999999	0.21354861999999986	0.999999010765626	TRINITY_DN10989_c0_g1_i5.p1	198	review	NBD_only_or_TMD_not_detected	IPR003439;PF00005	ABC transporter;ABC transporter-like, ATP-binding domain	hold_ABC_fragment_review	partial ABC architecture; requires isoform/homology inspection	hold_for_targeted_homology_or_assembly_review	current isoforms do not unite sufficient sequence and architecture evidence	True	False	True	False	Spodoptera|XP_050557326.1	1.53e-104	317.0	77.436	98.4848	18.5714	sp|P06795|MDR1B_MOUSE	sp|P06795|MDR1B_MOUSE ATP-dependent translocase ABCB1 OS=Mus musculus OX=10090 GN=Abcb1b PE=1 SV=1	8.58e-49	173.0	50.3	88.38383838383838	13.714733542319749	1	6	ABC_C008	1
ABC	TRINITY_DN1124_c0_g1	yes	7	10.27421	17.173547	12.463777	45.999145	43.846283	24.974984	12.184351834000001	36.54953326	24.365181425999996	0.0621562588385607	TRINITY_DN1124_c0_g1_i10.p1	1273	provisional_HQ_domain	NBD_and_TMD_evidence	IPR003439;IPR011527;PF00005;PF00664	ABC transporter;ABC transporter transmembrane region;ABC transporter type 1, transmembrane domain;ABC transporter-like, ATP-binding domain					True	False	True	True	Spodoptera|XP_050553324.1	0.0	2158.0	82.704	100.0	97.7709	sp|P21447|MDR1A_MOUSE	sp|P21447|MDR1A_MOUSE ATP-dependent translocase ABCB1 OS=Mus musculus OX=10090 GN=Abcb1a PE=1 SV=3	0.0	1013.0	44.9	97.32704402515724	97.02194357366771	0	0	ABC_C001	11
ABC	TRINITY_DN1142_c1_g1	yes	5	5.5363739999999995	10.665141	17.620508	7.495091	10.0774	21.822042	10.5311808	12.7700012	2.2388204	0.999999010765626	TRINITY_DN1142_c1_g1_i12.p1	764	provisional_HQ_domain	NBD_and_TMD_evidence	IPR003439;IPR011527;PF00005;PF06472	ABC transporter;ABC transporter transmembrane region 2;ABC transporter type 1, transmembrane domain;ABC transporter-like, ATP-binding domain					True	False	True	True	Spodoptera|XP_050555165.1	0.0	1454.0	93.02	97.6409	97.3856	sp|Q7JUN3|ABCD1_DROME	sp|Q7JUN3|ABCD1_DROME ATP-binding cassette sub-family D member 1 OS=Drosophila melanogaster OX=7227 GN=Abcd1 PE=2 SV=1	1.67e-260	741.0	59.9	83.6173001310616	87.3972602739726	0	0	ABC_C006	2
ABC	TRINITY_DN11606_c0_g1	yes	7	0.139163	0.366317	0.5196649999999999	1.217252	0.6884859999999999	0.299051	0.32313590799999997	0.69879414	0.375658232	0.301690466520124	TRINITY_DN11606_c0_g1_i6.p1	1641	review	NBD_only_or_TMD_not_detected	IPR003439;PF00005;PF12698	ABC transporter;ABC transporter-like, ATP-binding domain;ABC-2 family transporter protein	retain_ABC_fragment_or_partial	historical homology plus partial ABC architecture; inspect isoforms before nomenclature	retain_historical_partial_ABC	historical support plus partial sequence-level ABC evidence	True	False	True	True	Spodoptera|XP_050551035.1	0.0	1912.0	60.977	96.0976	87.1681	sp|A0A0G2K1Q8|ABCA3_RAT	sp|A0A0G2K1Q8|ABCA3_RAT Phospholipid-transporting ATPase ABCA3 OS=Rattus norvegicus OX=10116 GN=Abca3 PE=1 SV=1	1.55e-165	549.0	27.7	106.82926829268293	102.8169014084507	0	0	ABC_C004	3
ABC	TRINITY_DN11773_c0_g1	yes	7	13.401411	18.582588	7.045577	16.400432000000002	14.730338	19.068907	11.37673624	13.95210452	2.575368280000001	0.336383226120518	TRINITY_DN11773_c0_g1_i7.p1	768	provisional_HQ_domain	NBD_and_TMD_evidence	IPR003439;IPR011527;PF00005;PF00664	ABC transporter;ABC transporter transmembrane region;ABC transporter type 1, transmembrane domain;ABC transporter-like, ATP-binding domain					True	False	True	True	Spodoptera|XP_035459161.2	0.0	1244.0	88.252	93.2203	96.2315	sp|H2LNR5|ABCB7_ORYLA	sp|H2LNR5|ABCB7_ORYLA Iron-sulfur clusters transporter ABCB7, mitochondrial OS=Oryzias latipes OX=8090 GN=abcb7 PE=1 SV=2	3.98e-251	718.0	59.2	81.7470664928292	84.04825737265415	0	0	ABC_C003	6
ABC	TRINITY_DN12134_c0_g1	yes	4	0.2968	0.344891	0.34374	0.640061	1.23186	0.684505	0.30019239999999997	0.73838124	0.4381888400000001	0.725030817278292	TRINITY_DN12134_c0_g1_i3.p1	1395	provisional_HQ_domain	NBD_and_TMD_evidence	IPR003439;IPR011527;PF00005;PF00664	ABC transporter;ABC transporter transmembrane region;ABC transporter type 1, transmembrane domain;ABC transporter-like, ATP-binding domain					True	False	True	True	Spodoptera|XP_035429563.2	0.0	2805.0	96.341	100.0	100.0	sp|E9Q236|MRP4_MOUSE	sp|E9Q236|MRP4_MOUSE ATP-binding cassette sub-family C member 4 OS=Mus musculus OX=10090 GN=Abcc4 PE=1 SV=1	0.0	978.0	41.4	99.64131994261119	104.83018867924528	0	0	ABC_C001	11
ABC	TRINITY_DN12905_c0_g2	yes	2	0.129634	0.204889	0.087326	0.18942399999999998	0.151115	0.159671	0.13095272	0.1597554	0.028802679999999997	0.999999010765626	TRINITY_DN12905_c0_g2_i1.p1	629	provisional_HQ_domain	NBD_and_TMD_evidence	IPR003439;IPR013525;PF00005;PF01061	ABC transporter;ABC transporter-like, ATP-binding domain;ABC-2 type transporter					True	False	True	True	Spodoptera|XP_035444891.1	0.0	1171.0	90.764	100.0	100.0	sp|Q9H172|ABCG4_HUMAN	sp|Q9H172|ABCG4_HUMAN ATP-binding cassette sub-family G member 4 OS=Homo sapiens OX=9606 GN=ABCG4 PE=1 SV=2	1.02e-127	393.0	36.1	101.43312101910828	98.60681114551083	0	0	ABC_C002	8
ABC	TRINITY_DN13145_c0_g1	no	6	0.145776	0.319373	0.227135	0.564971	0.715145	0.806998	0.220535	0.65123452	0.43069952	0.999999010765626	TRINITY_DN13145_c0_g1_i1.p1	593	provisional_HQ_domain	NBD_and_TMD_evidence	IPR003439;IPR013525;IPR043926;PF00005;PF01061;PF19055	ABC transporter;ABC transporter family G domain;ABC transporter-like, ATP-binding domain;ABC-2 type transporter					True	False	True	True	Spodoptera|XP_050555131.1	0.0	1025.0	83.953	100.0	100.339	sp|P10090|WHITE_DROME	sp|P10090|WHITE_DROME Protein white OS=Drosophila melanogaster OX=7227 GN=w PE=1 SV=2	9.03e-76	257.0	32.2	98.64864864864865	85.00727802037845	0	0	ABC_C002	8
ABC	TRINITY_DN1442_c0_g1	yes	6	2.0189470000000003	4.206286	4.898499	4.056814	3.50937	1.8502159999999999	3.27482576	2.7680643799999998	-0.5067613800000004	0.82516036332033	TRINITY_DN1442_c0_g1_i7.p1	795	provisional_HQ_domain	NBD_and_TMD_evidence	IPR003439;IPR013525;PF00005;PF01061	ABC transporter;ABC transporter-like, ATP-binding domain;ABC-2 type transporter					True	False	True	True	Spodoptera|XP_035442104.1	0.0	1589.0	96.478	100.126	100.126	sp|Q8T674|ABCGK_DICDI	sp|Q8T674|ABCGK_DICDI ABC transporter G family member 20 OS=Dictyostelium discoideum OX=44689 GN=abcG20 PE=3 SV=1	3.5e-101	332.0	30.7	94.7103274559194	103.01369863013699	0	0	ABC_C005	3
ABC	TRINITY_DN16854_c0_g1	no	2	0.080382	0.061393	0.084627	0.067196	0.094155	0.181649	0.06239422	0.10180264000000001	0.03940842000000001	0.881909765141061	TRINITY_DN16854_c0_g1_i1.p1	149	review	NBD_only_or_TMD_not_detected	IPR003439;PF00005	ABC transporter;ABC transporter-like, ATP-binding domain	hold_ABC_fragment_review	partial ABC architecture; requires isoform/homology inspection	hold_for_targeted_homology_or_assembly_review	current isoforms do not unite sufficient sequence and architecture evidence	False	False	True	False	Bmori|XP_012549839.2	1.33e-48	160.0	55.263	102.013	11.5589	sp|P43245|MDR1_RAT	sp|P43245|MDR1_RAT ATP-dependent translocase ABCB1 OS=Rattus norvegicus OX=10116 GN=Abcb1 PE=2 SV=1	7.46e-07	50.8	45.8	32.214765100671144	3.758809710258418	0	0	ABC_C009	1
ABC	TRINITY_DN16854_c0_g2	yes	3	0.08494499999999999	0.104567	0.086847	0.126491	0.045468	0.07756	0.09045918	0.073523162	-0.016936017999999997	0.999999010765626	TRINITY_DN16854_c0_g2_i2.p1	548	provisional_HQ_domain	NBD_and_TMD_evidence	IPR003439;IPR011527;PF00005;PF00664	ABC transporter;ABC transporter transmembrane region;ABC transporter type 1, transmembrane domain;ABC transporter-like, ATP-binding domain					True	False	True	True	Spodoptera|XP_050558210.1	0.0	812.0	78.532	99.6344	41.2254	sp|Q00748|MDR65_DROME	sp|Q00748|MDR65_DROME Multidrug resistance protein homolog 65 OS=Drosophila melanogaster OX=7227 GN=Mdr65 PE=1 SV=2	2.35e-137	432.0	46.9	97.44058500914076	40.93701996927803	0	0	ABC_C003	6
ABC	TRINITY_DN16854_c0_g4	no	1	0.116129	0.143279	0.208288	0.092049	0.085077	0.10123	0.1324525	0.075551252	-0.056901248	0.766503479052102	TRINITY_DN16854_c0_g4_i1.p1	214	review	TMD_only_or_NBD_not_detected	IPR011527;PF00664	ABC transporter transmembrane region;ABC transporter type 1, transmembrane domain	hold_ABC_fragment_review	partial ABC architecture; requires isoform/homology inspection	hold_for_targeted_homology_or_assembly_review	current isoforms do not unite sufficient sequence and architecture evidence	True	False	True	False	Bmori|XP_012549839.2	2.79e-96	299.0	66.822	100.0	16.2738	sp|Q00449|MDR49_DROME	sp|Q00449|MDR49_DROME Multidrug resistance protein homolog 49 OS=Drosophila melanogaster OX=7227 GN=Mdr49 PE=2 SV=2	3.53e-20	91.7	31.9	86.44859813084112	14.208909370199693	0	0	ABC_C010	1
ABC	TRINITY_DN16854_c0_g5	no	1	0.0	0.193415	0.080681	0.238216	0.108634	0.0	0.08895664	0.1119687	0.02301206		TRINITY_DN16854_c0_g5_i1.p2	101	review	no_family_defining_domain_in_current_core_table	none	none	exclude_from_current_ABC_rough_set	no defining ABC domain in the current core table and no historical support			False	False	True	False	Bmori|XP_012549839.2	1.43e-48	158.0	70.0	99.0099	7.60456	sp|Q00449|MDR49_DROME	sp|Q00449|MDR49_DROME Multidrug resistance protein homolog 49 OS=Drosophila melanogaster OX=7227 GN=Mdr49 PE=2 SV=2	2.45e-10	58.9	34.5	83.16831683168317	6.451612903225806	0	0	ABC_C011	1
ABC	TRINITY_DN18075_c0_g1	yes	1	0.166771	0.556694	0.912225	0.816789	0.476444	0.223954	0.49707159999999995	0.4531648	-0.04390679999999997	0.999999010765626	TRINITY_DN18075_c0_g1_i1.p1	645	review	NBD_only_or_TMD_not_detected	IPR003439;PF00005	ABC transporter;ABC transporter-like, ATP-binding domain	retain_ABC_fragment_or_partial	historical homology plus partial ABC architecture; inspect isoforms before nomenclature	retain_historical_partial_ABC	historical support plus partial sequence-level ABC evidence	True	False	True	True	Spodoptera|XP_050557282.1	0.0	1216.0	92.391	100.0	101.258	sp|Q9H222|ABCG5_HUMAN	sp|Q9H222|ABCG5_HUMAN ATP-binding cassette sub-family G member 5 OS=Homo sapiens OX=9606 GN=ABCG5 PE=1 SV=1	5.77e-57	207.0	29.7	80.59006211180125	79.72350230414746	0	0	ABC_C002	8
ABC	TRINITY_DN18452_c0_g1	yes	4	0.504035	0.771927	0.550454	0.970993	0.472932	0.479729	0.5272185840000001	0.57417614	0.046957555999999845	0.824321486151444	TRINITY_DN18452_c0_g1_i1.p1	1399	provisional_HQ_domain	NBD_and_TMD_evidence	IPR003439;IPR011527;PF00005;PF00664	ABC transporter;ABC transporter transmembrane region;ABC transporter type 1, transmembrane domain;ABC transporter-like, ATP-binding domain					True	False	True	True	Spodoptera|XP_035430840.1	0.0	2598.0	90.701	100.0	100.215	sp|P91660|L259_DROME	sp|P91660|L259_DROME Probable multidrug resistance-associated protein lethal(2)03659 OS=Drosophila melanogaster OX=7227 GN=l(2)03659 PE=2 SV=4	0.0	1155.0	47.5	99.35622317596567	101.09170305676857	0	0	ABC_C001	11
ABC	TRINITY_DN18570_c0_g1	no	2	0.083872	0.060324	0.053054	0.0	0.040639	0.34459700000000004	0.061247359999999994	0.13363622	0.07238886		TRINITY_DN18570_c0_g1_i2.p1	150	review	TMD_only_or_NBD_not_detected	IPR011527;PF00664	ABC transporter transmembrane region;ABC transporter type 1, transmembrane domain	hold_ABC_fragment_review	partial ABC architecture; requires isoform/homology inspection	hold_for_targeted_homology_or_assembly_review	current isoforms do not unite sufficient sequence and architecture evidence	True	False	True	False	Spodoptera|XP_050557326.1	3.22e-83	258.0	82.55	100.0	14.1905	sp|P21447|MDR1A_MOUSE	sp|P21447|MDR1A_MOUSE ATP-dependent translocase ABCB1 OS=Mus musculus OX=10090 GN=Abcb1a PE=1 SV=3	1.21e-18	84.7	29.5	100.0	11.677115987460816	0	0	ABC_C012	1
ABC	TRINITY_DN20355_c0_g1	yes	9	1.144471	1.064304	0.598611	0.48431	0.353588	1.1756790000000001	0.8848545800000001	0.6280025200000001	-0.25685205999999994	0.224621983277316	TRINITY_DN20355_c0_g1_i13.p1	888	provisional_HQ_domain	NBD_and_TMD_evidence	IPR003439;IPR011527;PF00005;PF00664	ABC transporter;ABC transporter transmembrane region;ABC transporter type 1, transmembrane domain;ABC transporter-like, ATP-binding domain					True	False	True	True	Spodoptera|XP_035436877.2	0.0	1570.0	84.667	99.8874	53.3694	sp|Q9VL32|SUR_DROME	sp|Q9VL32|SUR_DROME ATP-binding cassette sub-family C member Sur OS=Drosophila melanogaster OX=7227 GN=Sur PE=1 SV=4	9.69e-106	363.0	32.0	93.69369369369369	38.32335329341317	0	0	ABC_C001	11
ABC	TRINITY_DN21667_c0_g1	yes	1	0.080968	0.058811	0.097957	0.0432	0.049934	0.047224	0.06660178	0.037982106	-0.028619673999999998	0.761439829248961	TRINITY_DN21667_c0_g1_i1.p1	465	review	no_family_defining_domain_in_current_core_table	PF12698	ABC-2 family transporter protein	hold_ABC_historical_review	historical candidate lacks defining domains in the current representative sequence	retain_historical_partial_ABC	historical support plus partial sequence-level ABC evidence	True	False	True	False	Spodoptera|XP_050552858.1	0.0	962.0	97.849	100.0	25.108	sp|Q8K448|ABCA5_MOUSE	sp|Q8K448|ABCA5_MOUSE Cholesterol transporter ABCA5 OS=Mus musculus OX=10090 GN=Abca5 PE=1 SV=2	8.57e-38	150.0	29.9	73.33333333333333	20.767356881851402	0	0	ABC_C013	1
ABC	TRINITY_DN21780_c0_g1	no	1	0.133043	0.128206	0.0	0.094849	0.047797	0.124574	0.08198812	0.07758045999999999	-0.004407660000000008		TRINITY_DN21780_c0_g1_i1.p1	175	review	TMD_only_or_NBD_not_detected	IPR013525;IPR043926;PF01061;PF19055	ABC transporter family G domain;ABC-2 type transporter	hold_ABC_fragment_review	partial ABC architecture; requires isoform/homology inspection	hold_for_targeted_homology_or_assembly_review	current isoforms do not unite sufficient sequence and architecture evidence	True	False	True	False	Spodoptera|XP_050561948.1	4.52e-114	331.0	87.429	100.0	27.9553	sp|D3ZCM3|ABCG4_RAT	sp|D3ZCM3|ABCG4_RAT ATP-binding cassette subfamily G member 4 OS=Rattus norvegicus OX=10116 GN=Abcg4 PE=2 SV=1	9.35e-33	125.0	38.3	104.57142857142857	28.153846153846153	0	0	ABC_C014	1
ABC	TRINITY_DN21780_c0_g2	no	1	0.047744	0.05965	0.0	0.0	0.363663	0.0	0.0337935	0.1312632	0.09746969999999999		TRINITY_DN21780_c0_g2_i1.p1	136	review	TMD_only_or_NBD_not_detected	IPR013525;PF01061	ABC-2 type transporter	hold_ABC_fragment_review	partial ABC architecture; requires isoform/homology inspection	hold_for_targeted_homology_or_assembly_review	current isoforms do not unite sufficient sequence and architecture evidence	True	False	True	False	Spodoptera|XP_050561948.1	3.48e-89	265.0	92.647	100.0	21.7252	sp|Q9H172|ABCG4_HUMAN	sp|Q9H172|ABCG4_HUMAN ATP-binding cassette sub-family G member 4 OS=Homo sapiens OX=9606 GN=ABCG4 PE=1 SV=2	6.6e-23	96.3	37.2	100.73529411764706	21.207430340557277	0	0	ABC_C015	1
ABC	TRINITY_DN2350_c0_g1	yes	8	1.00708	6.212059	8.373244	8.760536	4.265139	0.30161899999999997	5.176414194	4.281127378	-0.8952868160000005	4.93218504714737e-06	TRINITY_DN2350_c0_g1_i14.p1	791	provisional_HQ_domain	NBD_and_TMD_evidence	IPR003439;IPR013525;PF00005;PF01061	ABC transporter;ABC transporter-like, ATP-binding domain;ABC-2 type transporter					True	False	True	True	Spodoptera|XP_050554172.1	0.0	1468.0	92.025	100.0	100.0	sp|Q55EH8|ABCGN_DICDI	sp|Q55EH8|ABCGN_DICDI ABC transporter G family member 23 OS=Dictyostelium discoideum OX=44689 GN=abcG23 PE=3 SV=2	4.74e-84	285.0	29.1	91.0126582278481	102.56776034236805	0	0	ABC_C005	3
ABC	TRINITY_DN254_c0_g1	yes	7	2.6885	3.424195	3.040273	3.957062	4.123938	3.0562560000000003	2.71088302	3.282599874	0.5717168540000004	1.30545838055497e-07	TRINITY_DN254_c0_g1_i11.p1	1595	provisional_HQ_domain	NBD_and_TMD_evidence	IPR003439;IPR011527;PF00005;PF00664	ABC transporter;ABC transporter transmembrane region;ABC transporter type 1, transmembrane domain;ABC transporter-like, ATP-binding domain					True	False	True	True	Spodoptera|XP_035433428.2	0.0	2797.0	88.143	100.0	100.063	sp|Q8R4P9|MRP7_MOUSE	sp|Q8R4P9|MRP7_MOUSE ATP-binding cassette sub-family C member 10 OS=Mus musculus OX=10090 GN=Abcc10 PE=1 SV=1	2.7e-278	843.0	36.4	100.75282308657465	106.99533644237175	0	0	ABC_C001	11
ABC	TRINITY_DN264_c0_g1	yes	11	13.159771000000001	13.638216	16.574191000000003	15.504973	34.12347	65.343603	14.192273	35.96442912	21.77215612	0.000336459877407075	TRINITY_DN264_c0_g1_i11.p1	1744	review	NBD_only_or_TMD_not_detected	IPR003439;PF00005;PF12698	ABC transporter;ABC transporter-like, ATP-binding domain;ABC-2 family transporter protein	retain_ABC_fragment_or_partial	historical homology plus partial ABC architecture; inspect isoforms before nomenclature	retain_sequence_supported_ABC	Walker A, ABC signature, and hydrophobic segments co-occur in one isoform	True	False	True	True	Spodoptera|XP_050560908.1	0.0	2828.0	78.263	99.7705	100.231	sp|Q99758|ABCA3_HUMAN	sp|Q99758|ABCA3_HUMAN Phospholipid-transporting ATPase ABCA3 OS=Homo sapiens OX=9606 GN=ABCA3 PE=1 SV=2	1.05e-283	868.0	34.2	102.122776821572	104.46009389671362	0	0	ABC_C004	3
ABC	TRINITY_DN30_c14_g1	yes	3	10.414166	15.869789	13.090997999999999	14.701672	19.9938	27.261679	11.0628742	17.7328858	6.670011599999999	0.480984121380506	TRINITY_DN30_c14_g1_i4.p1	669	provisional_HQ_domain	NBD_and_TMD_evidence	IPR003439;IPR011527;PF00005;PF06472	ABC transporter;ABC transporter transmembrane region 2;ABC transporter type 1, transmembrane domain;ABC transporter-like, ATP-binding domain					True	False	True	True	Bmori|XP_037874940.1	0.0	1210.0	85.329	100.0	100.15	sp|P55096|ABCD3_MOUSE	sp|P55096|ABCD3_MOUSE ATP-binding cassette sub-family D member 3 OS=Mus musculus OX=10090 GN=Abcd3 PE=1 SV=2	3.56e-267	751.0	60.2	91.46706586826348	92.71623672230652	0	0	ABC_C006	2
ABC	TRINITY_DN332_c0_g1	yes	3	9.644035	13.667025	13.294213	10.368015	10.612119999999999	15.655002	10.197529	10.536648	0.33911900000000017	0.999999010765626	TRINITY_DN332_c0_g1_i5.p1	698	provisional_HQ_domain	NBD_and_TMD_evidence	IPR003439;IPR013525;PF00005;PF01061	ABC transporter;ABC transporter-like, ATP-binding domain;ABC-2 type transporter					True	False	True	True	Spodoptera|XP_035433541.1	0.0	1374.0	95.415	100.143	100.0	sp|P45844|ABCG1_HUMAN	sp|P45844|ABCG1_HUMAN ATP-binding cassette sub-family G member 1 OS=Homo sapiens OX=9606 GN=ABCG1 PE=1 SV=3	1.61e-190	558.0	48.3	96.55667144906744	99.26253687315634	0	0	ABC_C002	8
ABC	TRINITY_DN33353_c0_g1	yes	8	5.329509	9.461519000000001	3.58994	8.473355	10.226851	8.011502	5.40826592	7.4849613	2.0766953800000003	0.0169752893457939	TRINITY_DN33353_c0_g1_i3.p1	849	provisional_HQ_domain	NBD_and_TMD_evidence	IPR003439;IPR011527;IPR032410;PF00005;PF00664;PF16185	ABC transporter;ABC transporter transmembrane region;ABC transporter type 1, transmembrane domain;ABC transporter-like, ATP-binding domain;Mitochondrial ABC-transporter N-terminal five TM region;Mitochondrial ABC-transporter, N-terminal five TM domain					True	False	True	True	Spodoptera|XP_035439505.2	0.0	1526.0	89.988	98.9387	98.9387	sp|Q08D64|ABCB6_XENTR	sp|Q08D64|ABCB6_XENTR ATP-binding cassette sub-family B member 6 OS=Xenopus tropicalis OX=8364 GN=abcb6 PE=2 SV=1	2.71e-291	827.0	53.4	96.4622641509434	96.34864546525324	0	0	ABC_C003	6
ABC	TRINITY_DN33832_c0_g1	yes	6	0.091484	0.207676	0.20251	0.473426	0.166966	0.236956	0.16219754	0.2851126	0.12291505999999999	0.889216884527698	TRINITY_DN33832_c0_g1_i10.p1	1697	review	NBD_only_or_TMD_not_detected	IPR003439;PF00005;PF12698	ABC transporter;ABC transporter-like, ATP-binding domain;ABC-2 family transporter protein	retain_ABC_fragment_or_partial	historical homology plus partial ABC architecture; inspect isoforms before nomenclature	retain_sequence_supported_ABC	Walker A, ABC signature, and hydrophobic segments co-occur in one isoform	True	False	True	True	Spodoptera|XP_035432403.2	0.0	3108.0	87.353	100.236	100.059	sp|Q99758|ABCA3_HUMAN	sp|Q99758|ABCA3_HUMAN Phospholipid-transporting ATPase ABCA3 OS=Homo sapiens OX=9606 GN=ABCA3 PE=1 SV=2	6.3e-310	935.0	35.5	103.24292452830188	102.75821596244131	0	0	ABC_C004	3
ABC	TRINITY_DN35371_c0_g1	no	1	0.0	0.19364	0.11149	0.078711	0.0	0.0	0.09723902	0.02841054	-0.06882848		TRINITY_DN35371_c0_g1_i1.p1	120	review	no_family_defining_domain_in_current_core_table	none	none	exclude_from_current_ABC_rough_set	no defining ABC domain in the current core table and no historical support			False	False	True	False	Spodoptera|XP_050552858.1	4.28e-76	238.0	97.5	100.0	6.47948	sp|Q8K448|ABCA5_MOUSE	sp|Q8K448|ABCA5_MOUSE Cholesterol transporter ABCA5 OS=Mus musculus OX=10090 GN=Abca5 PE=1 SV=2	1.9e-10	60.1	50.8	49.166666666666664	3.5931790499390988	0	0	ABC_C016	1
ABC	TRINITY_DN35371_c0_g2	no	1	0.017645	0.065113	0.149404	0.103997	0.047287	0.066059	0.07280708	0.06267582000000001	-0.01013125999999999	0.999999010765626	TRINITY_DN35371_c0_g2_i1.p1	224	review	NBD_only_or_TMD_not_detected	IPR003439;PF00005	ABC transporter;ABC transporter-like, ATP-binding domain	hold_ABC_fragment_review	partial ABC architecture; requires isoform/homology inspection	hold_for_targeted_homology_or_assembly_review	current isoforms do not unite sufficient sequence and architecture evidence	True	False	True	False	Spodoptera|XP_050552858.1	2.4e-152	458.0	97.778	100.446	12.149	sp|Q8CF82|ABCA5_RAT	sp|Q8CF82|ABCA5_RAT Cholesterol transporter ABCA5 OS=Rattus norvegicus OX=10116 GN=Abca5 PE=2 SV=1	3.21e-55	192.0	46.7	87.05357142857143	11.875761266747869	0	0	ABC_C007	2
ABC	TRINITY_DN37894_c0_g1	no	1	0.049527	0.060996	0.051521	0.0	0.135431	0.0	0.044212384	0.0488835	0.004671116000000003		TRINITY_DN37894_c0_g1_i1.p1	125	review	NBD_only_or_TMD_not_detected	IPR003439;PF00005	ABC transporter;ABC transporter-like, ATP-binding domain	hold_ABC_fragment_review	partial ABC architecture; requires isoform/homology inspection	hold_for_targeted_homology_or_assembly_review	current isoforms do not unite sufficient sequence and architecture evidence	True	False	True	False	Spodoptera|XP_050551669.1	2.71e-68	216.0	80.8	100.0	3.07882	sp|P41234|ABCA2_MOUSE	sp|P41234|ABCA2_MOUSE ATP-binding cassette sub-family A member 2 OS=Mus musculus OX=10090 GN=Abca2 PE=1 SV=4	1.4e-23	97.8	40.2	101.6	5.217748562037798	0	0	ABC_C007	2
ABC	TRINITY_DN4426_c0_g1	yes	5	1.7761449999999999	3.304687	2.145156	2.993249	3.855384	4.456208999999999	2.09575394	3.1564819999999996	1.0607280599999998	0.767141598962275	TRINITY_DN4426_c0_g1_i3.p1	707	provisional_HQ_domain	NBD_and_TMD_evidence	IPR003439;IPR011527;PF00005;PF00664	ABC transporter;ABC transporter transmembrane region;ABC transporter type 1, transmembrane domain;ABC transporter-like, ATP-binding domain					True	False	True	True	Spodoptera|XP_035437183.1	0.0	1267.0	86.827	100.0	100.142	sp|Q9JI39|ABCBA_MOUSE	sp|Q9JI39|ABCBA_MOUSE ATP-binding cassette sub-family B member 10, mitochondrial OS=Mus musculus OX=10090 GN=Abcb10 PE=1 SV=1	8.47e-183	540.0	50.0	84.13597733711048	83.07692307692308	0	0	ABC_C003	6
ABC	TRINITY_DN44328_c0_g1	no	1	8.651382	8.186729	3.778477	6.160405	9.33408	5.376177	5.9369176	5.9077404	-0.029177200000000347	0.999999010765626	TRINITY_DN44328_c0_g1_i1.p1	114	review	TMD_only_or_NBD_not_detected	IPR011527;PF00664	ABC transporter transmembrane region;ABC transporter type 1, transmembrane domain	hold_ABC_fragment_review	partial ABC architecture; requires isoform/homology inspection	hold_for_targeted_homology_or_assembly_review	current isoforms do not unite sufficient sequence and architecture evidence	True	False	True	False	Spodoptera|XP_050549297.1	2.52e-65	207.0	85.841	99.1228	8.2542	sp|P91660|L259_DROME	sp|P91660|L259_DROME Probable multidrug resistance-associated protein lethal(2)03659 OS=Drosophila melanogaster OX=7227 GN=l(2)03659 PE=2 SV=4	1.89e-19	85.5	36.2	92.10526315789474	7.641921397379913	0	0	ABC_C017	1
ABC	TRINITY_DN4518_c0_g1	yes	8	1.530235	4.476188	4.044308	2.9931669999999997	3.127432	4.482114	3.1783826	3.4938423399999996	0.31545973999999966	0.66603070427271	TRINITY_DN4518_c0_g1_i1.p1	1363	provisional_HQ_domain	NBD_and_TMD_evidence	IPR003439;IPR011527;PF00005;PF00664	ABC transporter;ABC transporter transmembrane region;ABC transporter type 1, transmembrane domain;ABC transporter-like, ATP-binding domain					True	False	True	True	Spodoptera|XP_035429631.1	0.0	2513.0	90.682	100.073	100.147	sp|E9Q236|MRP4_MOUSE	sp|E9Q236|MRP4_MOUSE ATP-binding cassette sub-family C member 4 OS=Mus musculus OX=10090 GN=Abcc4 PE=1 SV=1	4.12e-315	925.0	40.8	100.51395007342144	103.32075471698113	0	0	ABC_C001	11
ABC	TRINITY_DN4644_c0_g1	yes	6	1.713609	0.24093	0.959056	0.208825	0.64778	0.107128	0.9215013000000001	0.31440512	-0.6070961800000001	0.000173909623535625	TRINITY_DN4644_c0_g1_i1.p1	638	provisional_HQ_domain	NBD_and_TMD_evidence	IPR003439;IPR013525;PF00005;PF01061	ABC transporter;ABC transporter-like, ATP-binding domain;ABC-2 type transporter					True	False	True	True	Spodoptera|XP_035433730.1	0.0	1235.0	92.936	100.0	100.0	sp|Q64343|ABCG1_MOUSE	sp|Q64343|ABCG1_MOUSE ATP-binding cassette sub-family G member 1 OS=Mus musculus OX=10090 GN=Abcg1 PE=1 SV=1	1.57e-141	430.0	39.5	94.97645211930926	90.84084084084084	0	0	ABC_C002	8
ABC	TRINITY_DN4709_c2_g1	yes	8	0.018241	1.015667	1.954729	1.558943	0.567433	0.038337	0.9668662640000001	0.728725378	-0.23814088600000005	0.11950252392447	TRINITY_DN4709_c2_g1_i1.p1	668	provisional_HQ_domain	NBD_and_TMD_evidence	IPR003439;IPR013525;PF00005;PF01061	ABC transporter;ABC transporter-like, ATP-binding domain;ABC-2 type transporter					True	False	True	True	Spodoptera|XP_050561861.1	0.0	1143.0	83.958	100.0	100.15	sp|Q64343|ABCG1_MOUSE	sp|Q64343|ABCG1_MOUSE ATP-binding cassette sub-family G member 1 OS=Mus musculus OX=10090 GN=Abcg1 PE=1 SV=1	4.41e-130	401.0	39.8	91.1544227886057	91.29129129129129	0	0	ABC_C002	8
ABC	TRINITY_DN4830_c1_g1	yes	4	2.474412	3.0379140000000002	2.4954549999999998	3.342111	3.686238	3.6695070000000003	2.5527144	3.3770490000000004	0.8243346000000003	0.0459966632980332	TRINITY_DN4830_c1_g1_i1.p1	879	review	NBD_only_or_TMD_not_detected	IPR003439;PF00005	ABC transporter;ABC transporter-like, ATP-binding domain	retain_ABC_nontransporter	ABCF proteins are soluble ABC-family ATPases and legitimately lack a TMD	retain_ABC_nontransporter	ABCF homology; soluble ABC ATPase architecture	True	False	True	True	Spodoptera|XP_050553786.1	0.0	1353.0	89.432	100.228	95.5483	sp|Q6P542|ABCF1_MOUSE	sp|Q6P542|ABCF1_MOUSE ATP-binding cassette sub-family F member 1 OS=Mus musculus OX=10090 GN=Abcf1 PE=1 SV=1	1.93e-251	726.0	65.0	66.62870159453303	69.89247311827957	0	0	ABC_C018	1
ABC	TRINITY_DN48819_c0_g1	no	1	0.086747	0.106673	0.0	0.0	0.055947	0.053874	0.06084058	0.034465380000000004	-0.026375199999999994		TRINITY_DN48819_c0_g1_i1.p1	138	review	no_family_defining_domain_in_current_core_table	none	none	exclude_from_current_ABC_rough_set	no defining ABC domain in the current core table and no historical support			False	False	True	False	Spodoptera|XP_050551669.1	6.04e-70	221.0	70.504	100.725	3.42365	sp|Q86UQ4|ABCAD_HUMAN	sp|Q86UQ4|ABCAD_HUMAN ATP-binding cassette sub-family A member 13 OS=Homo sapiens OX=9606 GN=ABCA13 PE=1 SV=4	2.1e-13	69.3	53.8	37.68115942028985	1.0280743376828787	0	0	ABC_C019	1
ABC	TRINITY_DN49408_c0_g1	no	2	0.0	0.133642	0.076863	0.210079	0.045363	0.0	0.07598126000000001	0.09220115999999999	0.01621989999999998		TRINITY_DN49408_c0_g1_i1.p1	151	review	NBD_only_or_TMD_not_detected	IPR003439;PF00005	ABC transporter;ABC transporter-like, ATP-binding domain	hold_ABC_fragment_review	partial ABC architecture; requires isoform/homology inspection	hold_for_targeted_homology_or_assembly_review	current isoforms do not unite sufficient sequence and architecture evidence	True	False	True	False	Spodoptera|XP_050561948.1	3.22e-93	276.0	90.066	100.0	24.1214	sp|P45844|ABCG1_HUMAN	sp|P45844|ABCG1_HUMAN ATP-binding cassette sub-family G member 1 OS=Homo sapiens OX=9606 GN=ABCG1 PE=1 SV=3	2.84e-22	95.1	46.8	82.11920529801324	18.289085545722713	0	0	ABC_C020	1
ABC	TRINITY_DN5175_c0_g1	yes	5	1.78144	0.436737	1.065753	1.572031	0.928906	0.48626199999999997	1.0019722999999998	0.981251894	-0.020720405999999802	0.913728592747405	TRINITY_DN5175_c0_g1_i3.p1	722	review	NBD_only_or_TMD_not_detected	IPR003439;PF00005;PF12698	ABC transporter;ABC transporter-like, ATP-binding domain;ABC-2 family transporter protein	retain_ABC_fragment_or_partial	historical homology plus partial ABC architecture; inspect isoforms before nomenclature	retain_sequence_supported_ABC	Walker A, ABC signature, and hydrophobic segments co-occur in one isoform	True	False	True	True	Spodoptera|XP_050554087.1	0.0	1360.0	90.707	100.0	100.139	sp|Q55EH8|ABCGN_DICDI	sp|Q55EH8|ABCGN_DICDI ABC transporter G family member 23 OS=Dictyostelium discoideum OX=44689 GN=abcG23 PE=3 SV=2	3.08e-78	268.0	28.1	97.36477115117891	100.14265335235378	0	0	ABC_C005	3
ABC	TRINITY_DN5424_c0_g1	yes	1	4.162274	7.924821	3.777871	9.915191	8.201632	8.247986	4.6048332	7.1900314	2.5851982	0.999999010765626	TRINITY_DN5424_c0_g1_i1.p1	1366	provisional_HQ_domain	NBD_and_TMD_evidence	IPR003439;IPR011527;PF00005;PF00664	ABC transporter;ABC transporter transmembrane region;ABC transporter type 1, transmembrane domain;ABC transporter-like, ATP-binding domain					True	False	True	True	Spodoptera|XP_050553760.1	0.0	2450.0	86.716	98.1685	98.6019	sp|F1M3J4|MRP4_RAT	sp|F1M3J4|MRP4_RAT ATP-binding cassette subfamily C member 4 OS=Rattus norvegicus OX=10116 GN=Abcc4 PE=1 SV=3	1.73e-308	908.0	39.8	99.04761904761905	102.0377358490566	0	0	ABC_C001	11
ABC	TRINITY_DN54_c0_g1	yes	7	7.144372	9.320689999999999	6.780251	8.252545	9.891909	6.133763	6.91348794	6.8413791	-0.07210884000000028	1.54628797476497e-08	TRINITY_DN54_c0_g1_i1.p1	1379	provisional_HQ_domain	NBD_and_TMD_evidence	IPR003439;IPR011527;PF00005;PF00664	ABC transporter;ABC transporter transmembrane region;ABC transporter type 1, transmembrane domain;ABC transporter-like, ATP-binding domain					True	False	True	True	Spodoptera|XP_050549297.1	0.0	2277.0	82.455	100.508	101.169	sp|E9Q236|MRP4_MOUSE	sp|E9Q236|MRP4_MOUSE ATP-binding cassette sub-family C member 4 OS=Mus musculus OX=10090 GN=Abcc4 PE=1 SV=1	1.03e-307	906.0	38.8	100.36284470246734	104.37735849056604	0	0	ABC_C001	11
ABC	TRINITY_DN58313_c0_g1	no	1	0.0	0.222164	0.0	0.0	0.0	0.0	0.08018954	0.0	-0.08018954		TRINITY_DN58313_c0_g1_i1.p1	104	review	no_family_defining_domain_in_current_core_table	none	none	exclude_from_current_ABC_rough_set	no defining ABC domain in the current core table and no historical support			True	False	True	False	Spodoptera|XP_050551669.1	1.34e-53	173.0	75.0	100.0	2.56158	sp|Q7TNJ2|ABCA7_RAT	sp|Q7TNJ2|ABCA7_RAT ATP-binding cassette sub-family A member 7 OS=Rattus norvegicus OX=10116 GN=Abca7 PE=1 SV=1	9.65e-10	57.4	36.0	85.57692307692308	4.1013824884792625	0	0	ABC_C021	1
ABC	TRINITY_DN662_c0_g1	yes	4	1.957451	2.6105840000000002	2.646461	3.196561	3.785438	2.860192	2.11595156	2.7368449999999998	0.6208934399999997	0.999999010765626	TRINITY_DN662_c0_g1_i2.p1	1516	provisional_HQ_domain	NBD_and_TMD_evidence	IPR003439;IPR011527;PF00005;PF00664	ABC transporter;ABC transporter transmembrane region;ABC transporter type 1, transmembrane domain;ABC transporter-like, ATP-binding domain					True	False	True	True	Spodoptera|XP_050561843.1	0.0	2869.0	93.267	100.0	100.0	sp|Q5F364|MRP1_CHICK	sp|Q5F364|MRP1_CHICK Multidrug resistance-associated protein 1 OS=Gallus gallus OX=9031 GN=ABCC1 PE=2 SV=1	0.0	1428.0	50.3	101.71617161716172	101.04918032786885	0	0	ABC_C001	11
ABC	TRINITY_DN662_c0_g4	yes	2	9.493530999999999	30.415137	28.211461	28.329359999999998	37.536121	33.499821	20.04278428	27.282617199999997	7.239832919999998	0.999999010765626	TRINITY_DN662_c0_g4_i1.p1	1345	provisional_HQ_domain	NBD_and_TMD_evidence	IPR003439;IPR011527;PF00005;PF00664	ABC transporter;ABC transporter transmembrane region;ABC transporter type 1, transmembrane domain;ABC transporter-like, ATP-binding domain					True	False	True	True	Spodoptera|XP_035429361.2	0.0	2293.0	81.143	100.223	42.0412	sp|F1M3J4|MRP4_RAT	sp|F1M3J4|MRP4_RAT ATP-binding cassette subfamily C member 4 OS=Rattus norvegicus OX=10116 GN=Abcc4 PE=1 SV=3	1.99e-307	904.0	41.2	100.29761904761905	101.73584905660377	0	0	ABC_C001	11
ABC	TRINITY_DN7214_c0_g1	yes	6	9.089773	21.401363	7.333459	18.557253	16.381285000000002	21.20481	11.8840978	16.395334	4.511236199999999	5.06639058387115e-09	TRINITY_DN7214_c0_g1_i11.p1	655	provisional_HQ_domain	NBD_and_TMD_evidence	IPR003439;IPR013525;IPR043926;PF00005;PF01061;PF19055	ABC transporter;ABC transporter family G domain;ABC transporter-like, ATP-binding domain;ABC-2 type transporter					True	False	True	True	Spodoptera|XP_035433786.2	0.0	1254.0	91.59	100.0	100.0	sp|Q64343|ABCG1_MOUSE	sp|Q64343|ABCG1_MOUSE ATP-binding cassette sub-family G member 1 OS=Mus musculus OX=10090 GN=Abcg1 PE=1 SV=1	3.89e-168	499.0	44.7	93.42507645259938	91.74174174174175	0	0	ABC_C002	8
ABC	TRINITY_DN9037_c0_g1	yes	6	1.276958	0.476406	0.405211	0.43401	0.515723	0.354954	0.68884788	0.418266428	-0.27058145199999994	0.0692335907310939	TRINITY_DN9037_c0_g1_i11.p1	851	provisional_HQ_domain	NBD_and_TMD_evidence	IPR003439;IPR011527;PF00005;PF00664	ABC transporter;ABC transporter transmembrane region;ABC transporter type 1, transmembrane domain;ABC transporter-like, ATP-binding domain					True	False	True	False	Spodoptera|XP_035436877.2	0.0	765.0	80.961	63.6471	32.5511	sp|P82451|ABCC9_RABIT	sp|P82451|ABCC9_RABIT ATP-binding cassette sub-family C member 9 OS=Oryctolagus cuniculus OX=9986 GN=ABCC9 PE=2 SV=1	2.97e-46	183.0	27.0	73.52941176470588	40.34861200774694	0	0	ABC_C003	6
ABC	TRINITY_DN9474_c0_g1	yes	4	0.235903	0.367467	0.184306	0.42238699999999996	0.21613600000000002	0.132467	0.24790958000000002	0.25401622	0.0061066399999999965	0.242386329328687	TRINITY_DN9474_c0_g1_i1.p1	1452	provisional_HQ_domain	NBD_and_TMD_evidence	IPR003439;IPR011527;PF00005;PF00664	ABC transporter;ABC transporter transmembrane region;ABC transporter type 1, transmembrane domain;ABC transporter-like, ATP-binding domain					True	False	True	True	Spodoptera|XP_050557763.1	0.0	2662.0	89.401	100.138	100.138	sp|P91660|L259_DROME	sp|P91660|L259_DROME Probable multidrug resistance-associated protein lethal(2)03659 OS=Drosophila melanogaster OX=7227 GN=l(2)03659 PE=2 SV=4	1.2e-288	861.0	39.2	92.55685733976568	97.74381368267831	0	0	ABC_C001	11
ABC	TRINITY_DN9946_c0_g2	yes	5	2.44002	3.152135	1.3118239999999999	4.111879	4.969614	6.191727	2.05250778	4.4028974	2.3503896199999996	0.970767865124101	TRINITY_DN9946_c0_g2_i2.p1	621	provisional_HQ_domain	NBD_and_TMD_evidence	IPR003439;IPR013525;PF00005;PF01061	ABC transporter;ABC transporter-like, ATP-binding domain;ABC-2 type transporter					True	False	True	True	Spodoptera|XP_035433785.2	0.0	1118.0	87.742	100.0	100.0	sp|Q91WA9|ABCG4_MOUSE	sp|Q91WA9|ABCG4_MOUSE ATP-binding cassette subfamily G member 4 OS=Mus musculus OX=10090 GN=Abcg4 PE=1 SV=2	1.73e-136	416.0	41.1	97.25806451612904	93.343653250774	0	0	ABC_C002	8
ABC	TRINITY_DN9986_c0_g1	yes	1	0.628551	0.6244	1.365656	1.210124	1.501003	1.134659	0.7679866	1.0571318	0.2891452000000001	0.999999010765626	TRINITY_DN9986_c0_g1_i1.p1	564	review	TMD_only_or_NBD_not_detected	IPR011527;PF00664	ABC transporter transmembrane region;ABC transporter type 1, transmembrane domain	retain_ABC_fragment_or_partial	historical homology plus partial ABC architecture; inspect isoforms before nomenclature	retain_historical_partial_ABC	historical support plus partial sequence-level ABC evidence	True	False	True	True	Spodoptera|XP_035434176.2	0.0	950.0	81.802	100.355	37.3844	sp|Q5F364|MRP1_CHICK	sp|Q5F364|MRP1_CHICK Multidrug resistance-associated protein 1 OS=Gallus gallus OX=9031 GN=ABCC1 PE=2 SV=1	4.74e-155	484.0	47.1	102.30496453900709	37.83606557377049	0	0	ABC_C003	6
