TRINITY_DN12830_c0_g1_i4.p1	XP_035453189.2	50.820	366	174	4	27	387	26	390	1.98e-135	392	388	390	93	XP_035453189.2 uncharacterized protein LOC118278189 [Spodoptera frugiperda]
TRINITY_DN12830_c0_g1_i4.p1	XP_035442818.1	50.820	366	174	4	27	387	26	390	3.27e-135	392	388	390	93	XP_035442818.1 uncharacterized protein LOC118271051 [Spodoptera frugiperda]
TRINITY_DN12830_c0_g1_i4.p1	XP_050552273.1	45.524	391	198	8	6	383	7	395	8.54e-117	345	388	400	97	XP_050552273.1 uncharacterized protein LOC118271408 isoform X1 [Spodoptera frugiperda]
TRINITY_DN12830_c0_g1_i4.p1	XP_035442648.1	45.524	391	198	8	6	383	7	395	8.54e-117	345	388	400	97	XP_035442648.1 uncharacterized protein LOC118278185 [Spodoptera frugiperda]
TRINITY_DN12830_c0_g1_i4.p1	XP_035432587.1	45.524	391	198	8	6	383	7	395	8.54e-117	345	388	400	97	XP_035432587.1 uncharacterized protein LOC118264249 isoform X1 [Spodoptera frugiperda]
TRINITY_DN12830_c0_g1_i4.p1	XP_050563587.1	45.269	391	199	8	6	383	7	395	4.46e-116	344	388	400	97	XP_050563587.1 uncharacterized protein LOC118278186 isoform X1 [Spodoptera frugiperda]
TRINITY_DN12830_c0_g1_i4.p1	XP_050558028.1	45.628	366	193	5	24	384	44	408	2.85e-112	334	388	409	93	XP_050558028.1 uncharacterized protein LOC126912015 [Spodoptera frugiperda]
TRINITY_DN12830_c0_g1_i4.p1	XP_035456264.2	45.628	366	193	5	24	384	44	408	3.01e-112	334	388	409	93	XP_035456264.2 uncharacterized protein LOC118280373 [Spodoptera frugiperda]
TRINITY_DN12830_c0_g1_i4.p1	XP_035432548.2	45.918	294	157	2	96	387	18	311	1.17e-100	301	388	311	75	XP_035432548.2 uncharacterized protein LOC118264214 [Spodoptera frugiperda]
TRINITY_DN12830_c0_g1_i4.p1	XP_035443389.2	41.432	391	186	9	6	383	7	367	1.28e-96	293	388	372	97	XP_035443389.2 uncharacterized protein LOC118271408 isoform X2 [Spodoptera frugiperda]
TRINITY_DN8230_c0_g1_i5.p1	XP_050558028.1	56.633	392	163	2	1	385	17	408	9.20e-167	473	390	409	99	XP_050558028.1 uncharacterized protein LOC126912015 [Spodoptera frugiperda]
TRINITY_DN8230_c0_g1_i5.p1	XP_035456264.2	56.633	392	163	2	1	385	17	408	1.49e-166	473	390	409	99	XP_035456264.2 uncharacterized protein LOC118280373 [Spodoptera frugiperda]
TRINITY_DN8230_c0_g1_i5.p1	XP_035442818.1	55.556	387	170	2	1	385	1	387	3.74e-161	458	390	390	99	XP_035442818.1 uncharacterized protein LOC118271051 [Spodoptera frugiperda]
TRINITY_DN8230_c0_g1_i5.p1	XP_035453189.2	55.297	387	171	2	1	385	1	387	6.18e-161	457	390	390	99	XP_035453189.2 uncharacterized protein LOC118278189 [Spodoptera frugiperda]
TRINITY_DN8230_c0_g1_i5.p1	XP_050552237.1	57.233	318	130	2	1	312	17	334	1.26e-135	392	390	361	80	XP_050552237.1 uncharacterized protein LOC126911109 [Spodoptera frugiperda]
TRINITY_DN8230_c0_g1_i5.p1	XP_050552273.1	49.495	396	187	8	1	384	1	395	1.46e-134	391	390	400	98	XP_050552273.1 uncharacterized protein LOC118271408 isoform X1 [Spodoptera frugiperda]
TRINITY_DN8230_c0_g1_i5.p1	XP_035442648.1	49.495	396	187	8	1	384	1	395	1.46e-134	391	390	400	98	XP_035442648.1 uncharacterized protein LOC118278185 [Spodoptera frugiperda]
TRINITY_DN8230_c0_g1_i5.p1	XP_035432587.1	49.495	396	187	8	1	384	1	395	1.46e-134	391	390	400	98	XP_035432587.1 uncharacterized protein LOC118264249 isoform X1 [Spodoptera frugiperda]
TRINITY_DN8230_c0_g1_i5.p1	XP_050563587.1	49.242	396	188	8	1	384	1	395	6.58e-134	389	390	400	98	XP_050563587.1 uncharacterized protein LOC118278186 isoform X1 [Spodoptera frugiperda]
TRINITY_DN8230_c0_g1_i5.p1	XP_035443389.2	44.444	396	179	9	1	384	1	367	2.41e-111	331	390	372	98	XP_035443389.2 uncharacterized protein LOC118271408 isoform X2 [Spodoptera frugiperda]
TRINITY_DN12897_c1_g1_i5.p1	XP_035432548.2	68.548	248	78	0	1	248	21	268	9.14e-135	383	273	311	91	XP_035432548.2 uncharacterized protein LOC118264214 [Spodoptera frugiperda]
TRINITY_DN12897_c1_g1_i5.p1	XP_050552273.1	64.463	242	86	0	2	243	103	344	1.29e-117	343	273	400	89	XP_050552273.1 uncharacterized protein LOC118271408 isoform X1 [Spodoptera frugiperda]
TRINITY_DN12897_c1_g1_i5.p1	XP_035442648.1	64.463	242	86	0	2	243	103	344	1.29e-117	343	273	400	89	XP_035442648.1 uncharacterized protein LOC118278185 [Spodoptera frugiperda]
TRINITY_DN12897_c1_g1_i5.p1	XP_035432587.1	64.463	242	86	0	2	243	103	344	1.29e-117	343	273	400	89	XP_035432587.1 uncharacterized protein LOC118264249 isoform X1 [Spodoptera frugiperda]
TRINITY_DN12897_c1_g1_i5.p1	XP_050563587.1	64.050	242	87	0	2	243	103	344	5.49e-117	341	273	400	89	XP_050563587.1 uncharacterized protein LOC118278186 isoform X1 [Spodoptera frugiperda]
TRINITY_DN12897_c1_g1_i5.p1	XP_035453185.2	55.785	242	105	2	1	242	18	257	1.79e-102	302	273	336	89	XP_035453185.2 uncharacterized protein LOC118278187 [Spodoptera frugiperda]
TRINITY_DN12897_c1_g1_i5.p1	XP_035442818.1	53.279	244	113	1	1	244	99	341	2.95e-95	286	273	390	89	XP_035442818.1 uncharacterized protein LOC118271051 [Spodoptera frugiperda]
TRINITY_DN12897_c1_g1_i5.p1	XP_035453189.2	52.869	244	114	1	1	244	99	341	7.03e-95	285	273	390	89	XP_035453189.2 uncharacterized protein LOC118278189 [Spodoptera frugiperda]
TRINITY_DN12897_c1_g1_i5.p1	XP_035443405.2	57.477	214	89	2	1	214	104	315	1.92e-94	281	273	316	78	XP_035443405.2 uncharacterized protein LOC118271420 [Spodoptera frugiperda]
TRINITY_DN12897_c1_g1_i5.p1	XP_035443389.2	55.785	242	79	1	2	243	103	316	3.75e-94	282	273	372	89	XP_035443389.2 uncharacterized protein LOC118271408 isoform X2 [Spodoptera frugiperda]
TRINITY_DN25524_c2_g1_i1.p1	XP_035442818.1	57.477	214	91	0	2	215	177	390	1.08e-86	261	215	390	99	XP_035442818.1 uncharacterized protein LOC118271051 [Spodoptera frugiperda]
TRINITY_DN25524_c2_g1_i1.p1	XP_035453189.2	57.477	214	91	0	2	215	177	390	1.39e-86	261	215	390	99	XP_035453189.2 uncharacterized protein LOC118278189 [Spodoptera frugiperda]
TRINITY_DN25524_c2_g1_i1.p1	XP_050558028.1	53.774	212	96	2	2	212	198	408	1.33e-76	236	215	409	98	XP_050558028.1 uncharacterized protein LOC126912015 [Spodoptera frugiperda]
TRINITY_DN25524_c2_g1_i1.p1	XP_035456264.2	53.774	212	96	2	2	212	198	408	1.42e-76	236	215	409	98	XP_035456264.2 uncharacterized protein LOC118280373 [Spodoptera frugiperda]
TRINITY_DN25524_c2_g1_i1.p1	XP_050552273.1	48.372	215	106	3	2	211	181	395	1.98e-68	215	215	400	98	XP_050552273.1 uncharacterized protein LOC118271408 isoform X1 [Spodoptera frugiperda]
TRINITY_DN25524_c2_g1_i1.p1	XP_035442648.1	48.372	215	106	3	2	211	181	395	1.98e-68	215	215	400	98	XP_035442648.1 uncharacterized protein LOC118278185 [Spodoptera frugiperda]
TRINITY_DN25524_c2_g1_i1.p1	XP_035432587.1	48.372	215	106	3	2	211	181	395	1.98e-68	215	215	400	98	XP_035432587.1 uncharacterized protein LOC118264249 isoform X1 [Spodoptera frugiperda]
TRINITY_DN25524_c2_g1_i1.p1	XP_050563587.1	48.372	215	106	3	2	211	181	395	2.23e-68	215	215	400	98	XP_050563587.1 uncharacterized protein LOC118278186 isoform X1 [Spodoptera frugiperda]
TRINITY_DN25524_c2_g1_i1.p1	XP_035432548.2	46.047	215	112	2	2	215	100	311	1.30e-65	205	215	311	99	XP_035432548.2 uncharacterized protein LOC118264214 [Spodoptera frugiperda]
TRINITY_DN25524_c2_g1_i1.p1	XP_035453185.2	46.789	218	103	4	2	214	96	305	8.54e-64	201	215	336	99	XP_035453185.2 uncharacterized protein LOC118278187 [Spodoptera frugiperda]
TRINITY_DN13606_c1_g2_i3.p1	XP_035432552.2	42.607	399	211	8	25	416	7	394	1.22e-103	313	418	398	94	XP_035432552.2 uncharacterized protein LOC118264220 [Spodoptera frugiperda]
TRINITY_DN13606_c1_g2_i3.p1	XP_035439097.2	42.356	399	212	8	25	416	24	411	4.37e-103	312	418	415	94	XP_035439097.2 uncharacterized protein LOC118268641 [Spodoptera frugiperda]
TRINITY_DN13606_c1_g2_i3.p1	XP_050552275.1	36.658	371	208	8	51	415	32	381	1.99e-76	243	418	386	87	XP_050552275.1 putative nuclease HARBI1 [Spodoptera frugiperda]
TRINITY_DN13606_c1_g2_i3.p1	XP_050552274.1	36.658	371	208	8	51	415	32	381	1.99e-76	243	418	386	87	XP_050552274.1 putative nuclease HARBI1 [Spodoptera frugiperda]
TRINITY_DN13606_c1_g2_i3.p1	XP_050552273.1	35.025	394	230	7	25	415	25	395	4.17e-76	242	418	400	94	XP_050552273.1 uncharacterized protein LOC118271408 isoform X1 [Spodoptera frugiperda]
TRINITY_DN13606_c1_g2_i3.p1	XP_035442648.1	35.025	394	230	7	25	415	25	395	4.17e-76	242	418	400	94	XP_035442648.1 uncharacterized protein LOC118278185 [Spodoptera frugiperda]
TRINITY_DN13606_c1_g2_i3.p1	XP_035432587.1	35.025	394	230	7	25	415	25	395	4.17e-76	242	418	400	94	XP_035432587.1 uncharacterized protein LOC118264249 isoform X1 [Spodoptera frugiperda]
TRINITY_DN13606_c1_g2_i3.p1	XP_050563587.1	34.772	394	231	7	25	415	25	395	1.83e-75	241	418	400	94	XP_050563587.1 uncharacterized protein LOC118278186 isoform X1 [Spodoptera frugiperda]
TRINITY_DN13606_c1_g2_i3.p1	XP_035453181.2	39.590	293	175	2	52	343	137	428	1.19e-73	238	418	486	70	XP_035453181.2 uncharacterized protein LOC118278184 [Spodoptera frugiperda]
TRINITY_DN13606_c1_g2_i3.p1	XP_050552272.1	39.649	285	170	2	72	355	88	371	1.55e-71	231	418	418	68	XP_050552272.1 uncharacterized protein LOC118277418 [Spodoptera frugiperda]
TRINITY_DN13606_c1_g3_i1.p1	XP_035432552.2	42.607	399	211	8	25	416	7	394	1.22e-103	313	418	398	94	XP_035432552.2 uncharacterized protein LOC118264220 [Spodoptera frugiperda]
TRINITY_DN13606_c1_g3_i1.p1	XP_035439097.2	42.356	399	212	8	25	416	24	411	4.37e-103	312	418	415	94	XP_035439097.2 uncharacterized protein LOC118268641 [Spodoptera frugiperda]
TRINITY_DN13606_c1_g3_i1.p1	XP_050552275.1	36.658	371	208	8	51	415	32	381	1.99e-76	243	418	386	87	XP_050552275.1 putative nuclease HARBI1 [Spodoptera frugiperda]
TRINITY_DN13606_c1_g3_i1.p1	XP_050552274.1	36.658	371	208	8	51	415	32	381	1.99e-76	243	418	386	87	XP_050552274.1 putative nuclease HARBI1 [Spodoptera frugiperda]
TRINITY_DN13606_c1_g3_i1.p1	XP_050552273.1	35.025	394	230	7	25	415	25	395	4.17e-76	242	418	400	94	XP_050552273.1 uncharacterized protein LOC118271408 isoform X1 [Spodoptera frugiperda]
TRINITY_DN13606_c1_g3_i1.p1	XP_035442648.1	35.025	394	230	7	25	415	25	395	4.17e-76	242	418	400	94	XP_035442648.1 uncharacterized protein LOC118278185 [Spodoptera frugiperda]
TRINITY_DN13606_c1_g3_i1.p1	XP_035432587.1	35.025	394	230	7	25	415	25	395	4.17e-76	242	418	400	94	XP_035432587.1 uncharacterized protein LOC118264249 isoform X1 [Spodoptera frugiperda]
TRINITY_DN13606_c1_g3_i1.p1	XP_050563587.1	34.772	394	231	7	25	415	25	395	1.83e-75	241	418	400	94	XP_050563587.1 uncharacterized protein LOC118278186 isoform X1 [Spodoptera frugiperda]
TRINITY_DN13606_c1_g3_i1.p1	XP_035453181.2	39.590	293	175	2	52	343	137	428	1.19e-73	238	418	486	70	XP_035453181.2 uncharacterized protein LOC118278184 [Spodoptera frugiperda]
TRINITY_DN13606_c1_g3_i1.p1	XP_050552272.1	39.649	285	170	2	72	355	88	371	1.55e-71	231	418	418	68	XP_050552272.1 uncharacterized protein LOC118277418 [Spodoptera frugiperda]
TRINITY_DN29460_c1_g1_i1.p1	XP_050559196.1	85.714	28	4	0	1	28	227	254	9.38e-11	57.8	117	304	24	XP_050559196.1 luciferin sulfotransferase isoform X5 [Spodoptera frugiperda]
TRINITY_DN29460_c1_g1_i1.p1	XP_035436318.2	85.714	28	4	0	1	28	227	254	1.05e-10	57.8	117	351	24	XP_035436318.2 sulfotransferase 1C4 isoform X1 [Spodoptera frugiperda]
TRINITY_DN29460_c1_g1_i1.p1	XP_035442077.2	56.000	50	22	0	1	50	225	274	1.24e-10	57.4	117	349	43	XP_035442077.2 sulfotransferase 1B1-like [Spodoptera frugiperda]
TRINITY_DN29460_c1_g1_i1.p1	XP_050559195.1	85.714	28	4	0	1	28	225	252	1.25e-10	57.4	117	349	24	XP_050559195.1 sulfotransferase 1C4 isoform X4 [Spodoptera frugiperda]
TRINITY_DN29460_c1_g1_i1.p1	XP_050559193.1	56.000	50	22	0	1	50	225	274	1.25e-10	57.4	117	349	43	XP_050559193.1 sulfotransferase 1C4 isoform X2 [Spodoptera frugiperda]
TRINITY_DN29460_c1_g1_i1.p1	XP_050559194.1	85.714	28	4	0	1	28	225	252	1.39e-10	57.4	117	349	24	XP_050559194.1 sulfotransferase 1C4 isoform X3 [Spodoptera frugiperda]
TRINITY_DN29460_c1_g1_i1.p1	XP_050559191.1	64.286	42	14	1	1	41	229	270	2.19e-10	57.0	117	352	35	XP_050559191.1 luciferin sulfotransferase-like [Spodoptera frugiperda]
TRINITY_DN29460_c1_g1_i1.p1	XP_050559197.1	82.143	28	5	0	1	28	217	244	1.02e-08	52.0	117	343	24	XP_050559197.1 sulfotransferase 1C4 [Spodoptera frugiperda]
TRINITY_DN29460_c1_g1_i1.p1	XP_050559192.1	75.000	28	7	0	1	28	226	253	6.19e-08	49.7	117	351	24	XP_050559192.1 luciferin sulfotransferase-like [Spodoptera frugiperda]
TRINITY_DN29460_c1_g1_i1.p1	XP_035435946.2	75.000	28	7	0	1	28	220	247	6.84e-07	47.0	117	344	24	XP_035435946.2 sulfotransferase 1E1 [Spodoptera frugiperda]
TRINITY_DN1894_c5_g1_i2.p1	XP_035442818.1	59.375	128	50	2	1	127	264	390	2.95e-46	154	127	390	100	XP_035442818.1 uncharacterized protein LOC118271051 [Spodoptera frugiperda]
TRINITY_DN1894_c5_g1_i2.p1	XP_035453189.2	58.594	128	51	2	1	127	264	390	8.39e-46	152	127	390	100	XP_035453189.2 uncharacterized protein LOC118278189 [Spodoptera frugiperda]
TRINITY_DN1894_c5_g1_i2.p1	XP_035456264.2	54.839	124	55	1	1	123	284	407	1.10e-38	134	127	409	97	XP_035456264.2 uncharacterized protein LOC118280373 [Spodoptera frugiperda]
TRINITY_DN1894_c5_g1_i2.p1	XP_050558028.1	54.839	124	55	1	1	123	284	407	1.11e-38	134	127	409	97	XP_050558028.1 uncharacterized protein LOC126912015 [Spodoptera frugiperda]
TRINITY_DN1894_c5_g1_i2.p1	XP_035453184.2	50.000	128	59	3	1	123	240	367	2.90e-38	132	127	372	97	XP_035453184.2 uncharacterized protein LOC118278186 isoform X2 [Spodoptera frugiperda]
TRINITY_DN1894_c5_g1_i2.p1	XP_035443389.2	50.000	128	59	3	1	123	240	367	3.12e-38	132	127	372	97	XP_035443389.2 uncharacterized protein LOC118271408 isoform X2 [Spodoptera frugiperda]
TRINITY_DN1894_c5_g1_i2.p1	XP_035432588.1	50.000	128	59	3	1	123	240	367	3.12e-38	132	127	372	97	XP_035432588.1 uncharacterized protein LOC118264249 isoform X2 [Spodoptera frugiperda]
TRINITY_DN1894_c5_g1_i2.p1	XP_050563587.1	50.000	128	59	3	1	123	268	395	4.30e-38	132	127	400	97	XP_050563587.1 uncharacterized protein LOC118278186 isoform X1 [Spodoptera frugiperda]
TRINITY_DN1894_c5_g1_i2.p1	XP_050552273.1	50.000	128	59	3	1	123	268	395	4.59e-38	132	127	400	97	XP_050552273.1 uncharacterized protein LOC118271408 isoform X1 [Spodoptera frugiperda]
TRINITY_DN1894_c5_g1_i2.p1	XP_035442648.1	50.000	128	59	3	1	123	268	395	4.59e-38	132	127	400	97	XP_035442648.1 uncharacterized protein LOC118278185 [Spodoptera frugiperda]
TRINITY_DN61287_c0_g1_i1.p1	XP_035453189.2	39.262	298	175	1	23	320	92	383	3.03e-78	244	322	390	93	XP_035453189.2 uncharacterized protein LOC118278189 [Spodoptera frugiperda]
TRINITY_DN61287_c0_g1_i1.p1	XP_035442818.1	38.926	298	176	1	23	320	92	383	5.03e-78	243	322	390	93	XP_035442818.1 uncharacterized protein LOC118271051 [Spodoptera frugiperda]
TRINITY_DN61287_c0_g1_i1.p1	XP_050552272.1	40.728	302	162	4	26	321	119	409	6.46e-78	244	322	418	92	XP_050552272.1 uncharacterized protein LOC118277418 [Spodoptera frugiperda]
TRINITY_DN61287_c0_g1_i1.p1	XP_050552271.1	40.728	302	162	4	26	321	119	409	6.46e-78	244	322	418	92	XP_050552271.1 uncharacterized protein LOC118277418 [Spodoptera frugiperda]
TRINITY_DN61287_c0_g1_i1.p1	XP_035453181.2	41.391	302	160	4	26	321	187	477	9.38e-78	246	322	486	92	XP_035453181.2 uncharacterized protein LOC118278184 [Spodoptera frugiperda]
TRINITY_DN61287_c0_g1_i1.p1	XP_050558028.1	40.000	300	170	3	23	320	113	404	9.77e-75	236	322	409	93	XP_050558028.1 uncharacterized protein LOC126912015 [Spodoptera frugiperda]
TRINITY_DN61287_c0_g1_i1.p1	XP_035456264.2	40.000	300	170	3	23	320	113	404	9.87e-75	236	322	409	93	XP_035456264.2 uncharacterized protein LOC118280373 [Spodoptera frugiperda]
TRINITY_DN61287_c0_g1_i1.p1	XP_035432552.2	41.042	307	165	6	23	314	78	383	2.65e-74	234	322	398	91	XP_035432552.2 uncharacterized protein LOC118264220 [Spodoptera frugiperda]
TRINITY_DN61287_c0_g1_i1.p1	XP_035439097.2	40.717	307	166	6	23	314	95	400	5.91e-74	234	322	415	91	XP_035439097.2 uncharacterized protein LOC118268641 [Spodoptera frugiperda]
TRINITY_DN61287_c0_g1_i1.p1	XP_035432548.2	43.798	258	141	2	9	265	3	257	2.46e-72	226	322	311	80	XP_035432548.2 uncharacterized protein LOC118264214 [Spodoptera frugiperda]
TRINITY_DN6848_c3_g1_i1.p1	XP_035442818.1	53.957	278	124	4	1	276	115	390	9.82e-105	310	276	390	100	XP_035442818.1 uncharacterized protein LOC118271051 [Spodoptera frugiperda]
TRINITY_DN6848_c3_g1_i1.p1	XP_035453189.2	53.597	278	125	4	1	276	115	390	2.79e-104	309	276	390	100	XP_035453189.2 uncharacterized protein LOC118278189 [Spodoptera frugiperda]
TRINITY_DN6848_c3_g1_i1.p1	XP_035432548.2	50.534	281	128	5	1	276	37	311	2.05e-103	304	276	311	100	XP_035432548.2 uncharacterized protein LOC118264214 [Spodoptera frugiperda]
TRINITY_DN6848_c3_g1_i1.p1	XP_050563587.1	51.579	285	118	5	1	272	118	395	1.77e-98	294	276	400	99	XP_050563587.1 uncharacterized protein LOC118278186 isoform X1 [Spodoptera frugiperda]
TRINITY_DN6848_c3_g1_i1.p1	XP_050552273.1	51.579	285	118	5	1	272	118	395	3.25e-98	294	276	400	99	XP_050552273.1 uncharacterized protein LOC118271408 isoform X1 [Spodoptera frugiperda]
TRINITY_DN6848_c3_g1_i1.p1	XP_035442648.1	51.579	285	118	5	1	272	118	395	3.25e-98	294	276	400	99	XP_035442648.1 uncharacterized protein LOC118278185 [Spodoptera frugiperda]
TRINITY_DN6848_c3_g1_i1.p1	XP_035432587.1	51.579	285	118	5	1	272	118	395	3.25e-98	294	276	400	99	XP_035432587.1 uncharacterized protein LOC118264249 isoform X1 [Spodoptera frugiperda]
TRINITY_DN6848_c3_g1_i1.p1	XP_035453185.2	50.368	272	132	1	1	272	34	302	3.34e-98	291	276	336	99	XP_035453185.2 uncharacterized protein LOC118278187 [Spodoptera frugiperda]
TRINITY_DN6848_c3_g1_i1.p1	XP_035456264.2	50.365	274	132	3	1	272	136	407	1.12e-93	282	276	409	99	XP_035456264.2 uncharacterized protein LOC118280373 [Spodoptera frugiperda]
TRINITY_DN6848_c3_g1_i1.p1	XP_050558028.1	50.365	274	132	3	1	272	136	407	1.16e-93	282	276	409	99	XP_050558028.1 uncharacterized protein LOC126912015 [Spodoptera frugiperda]
TRINITY_DN31601_c0_g1_i3.p1	XP_035442818.1	46.296	378	190	5	22	399	26	390	6.31e-114	338	400	390	95	XP_035442818.1 uncharacterized protein LOC118271051 [Spodoptera frugiperda]
TRINITY_DN31601_c0_g1_i3.p1	XP_035453189.2	46.032	378	191	5	22	399	26	390	2.83e-113	337	400	390	95	XP_035453189.2 uncharacterized protein LOC118278189 [Spodoptera frugiperda]
TRINITY_DN31601_c0_g1_i3.p1	XP_035456264.2	44.149	376	195	6	22	396	47	408	5.22e-106	319	400	409	94	XP_035456264.2 uncharacterized protein LOC118280373 [Spodoptera frugiperda]
TRINITY_DN31601_c0_g1_i3.p1	XP_050558028.1	44.149	376	195	6	22	396	47	408	7.71e-106	318	400	409	94	XP_050558028.1 uncharacterized protein LOC126912015 [Spodoptera frugiperda]
TRINITY_DN31601_c0_g1_i3.p1	XP_050552273.1	41.500	400	213	8	4	395	9	395	1.48e-101	307	400	400	98	XP_050552273.1 uncharacterized protein LOC118271408 isoform X1 [Spodoptera frugiperda]
TRINITY_DN31601_c0_g1_i3.p1	XP_035442648.1	41.500	400	213	8	4	395	9	395	1.48e-101	307	400	400	98	XP_035442648.1 uncharacterized protein LOC118278185 [Spodoptera frugiperda]
TRINITY_DN31601_c0_g1_i3.p1	XP_035432587.1	41.500	400	213	8	4	395	9	395	1.48e-101	307	400	400	98	XP_035432587.1 uncharacterized protein LOC118264249 isoform X1 [Spodoptera frugiperda]
TRINITY_DN31601_c0_g1_i3.p1	XP_050563587.1	41.250	400	214	8	4	395	9	395	8.37e-101	305	400	400	98	XP_050563587.1 uncharacterized protein LOC118278186 isoform X1 [Spodoptera frugiperda]
TRINITY_DN31601_c0_g1_i3.p1	XP_035453181.2	38.010	392	229	4	9	399	105	483	1.65e-87	274	400	486	98	XP_035453181.2 uncharacterized protein LOC118278184 [Spodoptera frugiperda]
TRINITY_DN31601_c0_g1_i3.p1	XP_035432548.2	44.089	313	149	8	94	399	18	311	6.69e-87	266	400	311	77	XP_035432548.2 uncharacterized protein LOC118264214 [Spodoptera frugiperda]
TRINITY_DN974_c0_g1_i6.p1	XP_035432552.2	41.117	394	213	5	28	403	1	393	2.59e-99	301	409	398	92	XP_035432552.2 uncharacterized protein LOC118264220 [Spodoptera frugiperda]
TRINITY_DN974_c0_g1_i6.p1	XP_035439097.2	40.759	395	215	5	27	403	17	410	3.84e-99	302	409	415	92	XP_035439097.2 uncharacterized protein LOC118268641 [Spodoptera frugiperda]
TRINITY_DN974_c0_g1_i6.p1	XP_050552273.1	41.837	392	202	11	28	403	14	395	1.31e-91	282	409	400	92	XP_050552273.1 uncharacterized protein LOC118271408 isoform X1 [Spodoptera frugiperda]
TRINITY_DN974_c0_g1_i6.p1	XP_035442648.1	41.837	392	202	11	28	403	14	395	1.31e-91	282	409	400	92	XP_035442648.1 uncharacterized protein LOC118278185 [Spodoptera frugiperda]
TRINITY_DN974_c0_g1_i6.p1	XP_035432587.1	41.837	392	202	11	28	403	14	395	1.31e-91	282	409	400	92	XP_035432587.1 uncharacterized protein LOC118264249 isoform X1 [Spodoptera frugiperda]
TRINITY_DN974_c0_g1_i6.p1	XP_050563587.1	41.582	392	203	11	28	403	14	395	5.80e-91	280	409	400	92	XP_050563587.1 uncharacterized protein LOC118278186 isoform X1 [Spodoptera frugiperda]
TRINITY_DN974_c0_g1_i6.p1	XP_035453181.2	37.958	382	225	5	31	408	111	484	1.21e-89	280	409	486	92	XP_035453181.2 uncharacterized protein LOC118278184 [Spodoptera frugiperda]
TRINITY_DN974_c0_g1_i6.p1	XP_050558028.1	38.606	373	218	6	35	404	44	408	2.40e-85	266	409	409	90	XP_050558028.1 uncharacterized protein LOC126912015 [Spodoptera frugiperda]
TRINITY_DN974_c0_g1_i6.p1	XP_035456264.2	38.606	373	218	6	35	404	44	408	3.18e-85	266	409	409	90	XP_035456264.2 uncharacterized protein LOC118280373 [Spodoptera frugiperda]
TRINITY_DN974_c0_g1_i6.p1	XP_035442818.1	38.462	377	219	8	35	407	23	390	1.06e-84	264	409	390	91	XP_035442818.1 uncharacterized protein LOC118271051 [Spodoptera frugiperda]
TRINITY_DN5256_c0_g1_i10.p1	XP_050553098.1	73.723	411	105	2	3	412	1	409	0.0	654	412	409	99	XP_050553098.1 carbohydrate sulfotransferase 4 [Spodoptera frugiperda]
TRINITY_DN5256_c0_g1_i10.p1	XP_050553097.1	73.723	411	105	2	3	412	1	409	0.0	654	412	409	99	XP_050553097.1 carbohydrate sulfotransferase 4 [Spodoptera frugiperda]
TRINITY_DN5256_c0_g1_i10.p1	XP_050553096.1	73.723	411	105	2	3	412	1	409	0.0	654	412	409	99	XP_050553096.1 carbohydrate sulfotransferase 4 [Spodoptera frugiperda]
TRINITY_DN5256_c0_g1_i10.p1	XP_050553095.1	73.723	411	105	2	3	412	1	409	0.0	654	412	409	99	XP_050553095.1 carbohydrate sulfotransferase 4 [Spodoptera frugiperda]
TRINITY_DN5256_c0_g1_i10.p1	XP_035431943.2	51.778	450	176	3	4	412	1	450	1.79e-173	493	412	450	99	XP_035431943.2 carbohydrate sulfotransferase 4 [Spodoptera frugiperda]
TRINITY_DN8098_c0_g3_i3.p1	XP_035442818.1	82.540	252	44	0	1	252	139	390	1.17e-159	448	252	390	100	XP_035442818.1 uncharacterized protein LOC118271051 [Spodoptera frugiperda]
TRINITY_DN8098_c0_g3_i3.p1	XP_035453189.2	82.540	252	44	0	1	252	139	390	1.32e-159	448	252	390	100	XP_035453189.2 uncharacterized protein LOC118278189 [Spodoptera frugiperda]
TRINITY_DN8098_c0_g3_i3.p1	XP_035456264.2	61.753	251	92	3	1	249	160	408	1.28e-103	307	252	409	99	XP_035456264.2 uncharacterized protein LOC118280373 [Spodoptera frugiperda]
TRINITY_DN8098_c0_g3_i3.p1	XP_050558028.1	61.753	251	92	3	1	249	160	408	1.54e-103	306	252	409	99	XP_050558028.1 uncharacterized protein LOC126912015 [Spodoptera frugiperda]
TRINITY_DN8098_c0_g3_i3.p1	XP_050552273.1	55.645	248	105	3	6	248	148	395	2.18e-93	280	252	400	96	XP_050552273.1 uncharacterized protein LOC118271408 isoform X1 [Spodoptera frugiperda]
TRINITY_DN8098_c0_g3_i3.p1	XP_035442648.1	55.645	248	105	3	6	248	148	395	2.18e-93	280	252	400	96	XP_035442648.1 uncharacterized protein LOC118278185 [Spodoptera frugiperda]
TRINITY_DN8098_c0_g3_i3.p1	XP_035432587.1	55.645	248	105	3	6	248	148	395	2.18e-93	280	252	400	96	XP_035432587.1 uncharacterized protein LOC118264249 isoform X1 [Spodoptera frugiperda]
TRINITY_DN8098_c0_g3_i3.p1	XP_050563587.1	55.645	248	105	3	6	248	148	395	2.35e-93	280	252	400	96	XP_050563587.1 uncharacterized protein LOC118278186 isoform X1 [Spodoptera frugiperda]
TRINITY_DN8098_c0_g3_i3.p1	XP_035453185.2	48.425	254	118	5	1	249	58	303	3.31e-86	260	252	336	99	XP_035453185.2 uncharacterized protein LOC118278187 [Spodoptera frugiperda]
TRINITY_DN8098_c0_g3_i3.p1	XP_035432548.2	51.210	248	117	3	6	252	67	311	4.85e-86	259	252	311	98	XP_035432548.2 uncharacterized protein LOC118264214 [Spodoptera frugiperda]
TRINITY_DN6100_c0_g3_i3.p1	XP_035442818.1	52.632	323	145	4	12	333	75	390	2.00e-119	350	333	390	97	XP_035442818.1 uncharacterized protein LOC118271051 [Spodoptera frugiperda]
TRINITY_DN6100_c0_g3_i3.p1	XP_035453189.2	52.322	323	146	4	12	333	75	390	6.13e-119	348	333	390	97	XP_035453189.2 uncharacterized protein LOC118278189 [Spodoptera frugiperda]
TRINITY_DN6100_c0_g3_i3.p1	XP_035456264.2	51.090	321	151	3	10	330	94	408	6.50e-115	339	333	409	96	XP_035456264.2 uncharacterized protein LOC118280373 [Spodoptera frugiperda]
TRINITY_DN6100_c0_g3_i3.p1	XP_050558028.1	51.090	321	151	3	10	330	94	408	6.79e-115	339	333	409	96	XP_050558028.1 uncharacterized protein LOC126912015 [Spodoptera frugiperda]
TRINITY_DN6100_c0_g3_i3.p1	XP_050552273.1	47.664	321	164	4	11	329	77	395	1.39e-105	315	333	400	96	XP_050552273.1 uncharacterized protein LOC118271408 isoform X1 [Spodoptera frugiperda]
TRINITY_DN6100_c0_g3_i3.p1	XP_035442648.1	47.664	321	164	4	11	329	77	395	1.39e-105	315	333	400	96	XP_035442648.1 uncharacterized protein LOC118278185 [Spodoptera frugiperda]
TRINITY_DN6100_c0_g3_i3.p1	XP_035432587.1	47.664	321	164	4	11	329	77	395	1.39e-105	315	333	400	96	XP_035432587.1 uncharacterized protein LOC118264249 isoform X1 [Spodoptera frugiperda]
TRINITY_DN6100_c0_g3_i3.p1	XP_050563587.1	47.664	321	164	4	11	329	77	395	3.27e-105	314	333	400	96	XP_050563587.1 uncharacterized protein LOC118278186 isoform X1 [Spodoptera frugiperda]
TRINITY_DN6100_c0_g3_i3.p1	XP_035453185.2	45.833	312	160	2	19	330	1	303	7.90e-101	300	333	336	94	XP_035453185.2 uncharacterized protein LOC118278187 [Spodoptera frugiperda]
TRINITY_DN6100_c0_g3_i3.p1	XP_035432548.2	46.865	303	150	4	33	333	18	311	2.35e-98	293	333	311	90	XP_035432548.2 uncharacterized protein LOC118264214 [Spodoptera frugiperda]
TRINITY_DN18406_c0_g1_i1.p1	XP_035453189.2	52.980	302	136	6	2	300	92	390	2.26e-107	318	300	390	99	XP_035453189.2 uncharacterized protein LOC118278189 [Spodoptera frugiperda]
TRINITY_DN18406_c0_g1_i1.p1	XP_035442818.1	52.980	302	136	6	2	300	92	390	4.90e-107	317	300	390	99	XP_035442818.1 uncharacterized protein LOC118271051 [Spodoptera frugiperda]
TRINITY_DN18406_c0_g1_i1.p1	XP_050563587.1	47.855	303	148	6	2	296	95	395	2.08e-101	303	300	400	98	XP_050563587.1 uncharacterized protein LOC118278186 isoform X1 [Spodoptera frugiperda]
TRINITY_DN18406_c0_g1_i1.p1	XP_050552273.1	47.855	303	148	6	2	296	95	395	2.32e-101	303	300	400	98	XP_050552273.1 uncharacterized protein LOC118271408 isoform X1 [Spodoptera frugiperda]
TRINITY_DN18406_c0_g1_i1.p1	XP_035442648.1	47.855	303	148	6	2	296	95	395	2.32e-101	303	300	400	98	XP_035442648.1 uncharacterized protein LOC118278185 [Spodoptera frugiperda]
TRINITY_DN18406_c0_g1_i1.p1	XP_035432587.1	47.855	303	148	6	2	296	95	395	2.32e-101	303	300	400	98	XP_035432587.1 uncharacterized protein LOC118264249 isoform X1 [Spodoptera frugiperda]
TRINITY_DN18406_c0_g1_i1.p1	XP_035432548.2	46.465	297	152	4	7	300	19	311	5.30e-98	291	300	311	98	XP_035432548.2 uncharacterized protein LOC118264214 [Spodoptera frugiperda]
TRINITY_DN18406_c0_g1_i1.p1	XP_050558028.1	47.635	296	153	2	2	296	113	407	1.08e-93	283	300	409	98	XP_050558028.1 uncharacterized protein LOC126912015 [Spodoptera frugiperda]
TRINITY_DN18406_c0_g1_i1.p1	XP_035456264.2	47.635	296	153	2	2	296	113	407	1.16e-93	283	300	409	98	XP_035456264.2 uncharacterized protein LOC118280373 [Spodoptera frugiperda]
TRINITY_DN18406_c0_g1_i1.p1	XP_035453185.2	46.622	296	153	3	2	296	11	302	2.04e-93	280	300	336	98	XP_035453185.2 uncharacterized protein LOC118278187 [Spodoptera frugiperda]
TRINITY_DN18406_c0_g3_i1.p1	XP_035453189.2	50.269	372	177	8	24	391	23	390	5.52e-123	361	391	390	94	XP_035453189.2 uncharacterized protein LOC118278189 [Spodoptera frugiperda]
TRINITY_DN18406_c0_g3_i1.p1	XP_035442818.1	50.269	372	177	8	24	391	23	390	1.06e-122	360	391	390	94	XP_035442818.1 uncharacterized protein LOC118271051 [Spodoptera frugiperda]
TRINITY_DN18406_c0_g3_i1.p1	XP_050563587.1	46.056	393	199	9	5	387	6	395	1.15e-119	353	391	400	98	XP_050563587.1 uncharacterized protein LOC118278186 isoform X1 [Spodoptera frugiperda]
TRINITY_DN18406_c0_g3_i1.p1	XP_050552273.1	46.056	393	199	9	5	387	6	395	1.16e-119	353	391	400	98	XP_050552273.1 uncharacterized protein LOC118271408 isoform X1 [Spodoptera frugiperda]
TRINITY_DN18406_c0_g3_i1.p1	XP_035442648.1	46.056	393	199	9	5	387	6	395	1.16e-119	353	391	400	98	XP_035442648.1 uncharacterized protein LOC118278185 [Spodoptera frugiperda]
TRINITY_DN18406_c0_g3_i1.p1	XP_035432587.1	46.056	393	199	9	5	387	6	395	1.16e-119	353	391	400	98	XP_035432587.1 uncharacterized protein LOC118264249 isoform X1 [Spodoptera frugiperda]
TRINITY_DN18406_c0_g3_i1.p1	XP_035456264.2	45.337	386	207	4	4	387	24	407	1.26e-106	320	391	409	98	XP_035456264.2 uncharacterized protein LOC118280373 [Spodoptera frugiperda]
TRINITY_DN18406_c0_g3_i1.p1	XP_050558028.1	45.337	386	207	4	4	387	24	407	1.49e-106	320	391	409	98	XP_050558028.1 uncharacterized protein LOC126912015 [Spodoptera frugiperda]
TRINITY_DN18406_c0_g3_i1.p1	XP_035443389.2	41.730	393	188	10	5	387	6	367	4.37e-99	300	391	372	98	XP_035443389.2 uncharacterized protein LOC118271408 isoform X2 [Spodoptera frugiperda]
TRINITY_DN18406_c0_g3_i1.p1	XP_035432588.1	41.730	393	188	10	5	387	6	367	4.37e-99	300	391	372	98	XP_035432588.1 uncharacterized protein LOC118264249 isoform X2 [Spodoptera frugiperda]
TRINITY_DN22635_c0_g1_i1.p1	XP_035442818.1	57.718	298	121	2	5	299	91	386	6.44e-128	370	302	390	98	XP_035442818.1 uncharacterized protein LOC118271051 [Spodoptera frugiperda]
TRINITY_DN22635_c0_g1_i1.p1	XP_035453189.2	57.718	298	121	2	5	299	91	386	9.86e-128	370	302	390	98	XP_035453189.2 uncharacterized protein LOC118278189 [Spodoptera frugiperda]
TRINITY_DN22635_c0_g1_i1.p1	XP_050558028.1	54.209	297	133	3	5	299	112	407	7.26e-121	353	302	409	98	XP_050558028.1 uncharacterized protein LOC126912015 [Spodoptera frugiperda]
TRINITY_DN22635_c0_g1_i1.p1	XP_035456264.2	54.209	297	133	3	5	299	112	407	7.42e-121	353	302	409	98	XP_035456264.2 uncharacterized protein LOC118280373 [Spodoptera frugiperda]
TRINITY_DN22635_c0_g1_i1.p1	XP_050552273.1	52.349	298	131	5	11	299	100	395	7.34e-109	322	302	400	96	XP_050552273.1 uncharacterized protein LOC118271408 isoform X1 [Spodoptera frugiperda]
TRINITY_DN22635_c0_g1_i1.p1	XP_035442648.1	52.349	298	131	5	11	299	100	395	7.34e-109	322	302	400	96	XP_035442648.1 uncharacterized protein LOC118278185 [Spodoptera frugiperda]
TRINITY_DN22635_c0_g1_i1.p1	XP_035432587.1	52.349	298	131	5	11	299	100	395	7.34e-109	322	302	400	96	XP_035432587.1 uncharacterized protein LOC118264249 isoform X1 [Spodoptera frugiperda]
TRINITY_DN22635_c0_g1_i1.p1	XP_050563587.1	52.013	298	132	5	11	299	100	395	3.88e-108	320	302	400	96	XP_050563587.1 uncharacterized protein LOC118278186 isoform X1 [Spodoptera frugiperda]
TRINITY_DN22635_c0_g1_i1.p1	XP_035432548.2	48.837	301	148	4	1	299	11	307	6.64e-107	314	302	311	99	XP_035432548.2 uncharacterized protein LOC118264214 [Spodoptera frugiperda]
TRINITY_DN22635_c0_g1_i1.p1	XP_035453185.2	46.382	304	143	4	5	299	10	302	2.20e-101	301	302	336	98	XP_035453185.2 uncharacterized protein LOC118278187 [Spodoptera frugiperda]
TRINITY_DN14195_c0_g1_i3.p1	XP_035444243.2	33.878	245	124	7	3	237	84	300	4.48e-31	119	317	330	74	XP_035444243.2 uncharacterized protein LOC118272046 [Spodoptera frugiperda]
TRINITY_DN14195_c0_g1_i3.p1	XP_035433921.2	33.333	252	139	7	3	234	2	244	8.19e-29	112	317	274	73	XP_035433921.2 uncharacterized protein LOC118265227 [Spodoptera frugiperda]
TRINITY_DN14195_c0_g1_i3.p1	XP_035439127.2	33.051	236	138	6	3	235	2	220	1.14e-24	100	317	231	74	XP_035439127.2 uncharacterized protein LOC118268662 [Spodoptera frugiperda]
TRINITY_DN14195_c0_g1_i3.p1	XP_035449392.2	28.800	250	157	6	3	237	14	257	4.13e-24	99.8	317	269	74	XP_035449392.2 uncharacterized protein LOC118275511 [Spodoptera frugiperda]
TRINITY_DN14195_c0_g1_i3.p1	XP_035430417.2	29.412	272	141	7	3	269	2	227	5.16e-24	98.2	317	227	84	XP_035430417.2 uncharacterized protein LOC118262877 [Spodoptera frugiperda]
TRINITY_DN14195_c0_g1_i3.p1	XP_050552282.1	32.821	195	119	8	43	234	17	202	1.69e-16	79.0	317	283	61	XP_050552282.1 uncharacterized protein LOC118277070, partial [Spodoptera frugiperda]
TRINITY_DN14195_c0_g1_i3.p1	XP_035444006.2	37.895	95	58	1	3	97	8	101	4.40e-12	64.7	317	194	30	XP_035444006.2 uncharacterized protein LOC118271863 [Spodoptera frugiperda]
TRINITY_DN14195_c0_g1_i3.p1	XP_035444005.2	37.895	95	58	1	3	97	8	101	4.40e-12	64.7	317	194	30	XP_035444005.2 uncharacterized protein LOC118271863 [Spodoptera frugiperda]
TRINITY_DN14195_c0_g1_i3.p1	XP_050563577.1	32.593	135	67	3	3	126	219	340	1.44e-08	56.2	317	451	39	XP_050563577.1 uncharacterized protein LOC118264398 [Spodoptera frugiperda]
TRINITY_DN14195_c0_g1_i3.p1	XP_050551660.1	28.261	184	91	7	52	233	32	176	2.77e-08	55.1	317	327	57	XP_050551660.1 uncharacterized protein LOC126910996, partial [Spodoptera frugiperda]
TRINITY_DN26494_c0_g1_i1.p1	XP_050552272.1	47.210	233	120	2	1	231	129	360	5.42e-74	232	262	418	88	XP_050552272.1 uncharacterized protein LOC118277418 [Spodoptera frugiperda]
TRINITY_DN26494_c0_g1_i1.p1	XP_050552271.1	47.210	233	120	2	1	231	129	360	5.42e-74	232	262	418	88	XP_050552271.1 uncharacterized protein LOC118277418 [Spodoptera frugiperda]
TRINITY_DN26494_c0_g1_i1.p1	XP_035453181.2	47.639	233	119	2	1	231	197	428	2.84e-73	232	262	486	88	XP_035453181.2 uncharacterized protein LOC118278184 [Spodoptera frugiperda]
TRINITY_DN26494_c0_g1_i1.p1	XP_035432548.2	39.831	236	141	1	1	235	27	262	4.31e-65	206	262	311	90	XP_035432548.2 uncharacterized protein LOC118264214 [Spodoptera frugiperda]
TRINITY_DN26494_c0_g1_i1.p1	XP_035442818.1	44.492	236	129	2	1	235	105	339	5.51e-64	205	262	390	90	XP_035442818.1 uncharacterized protein LOC118271051 [Spodoptera frugiperda]
TRINITY_DN26494_c0_g1_i1.p1	XP_035453189.2	44.068	236	130	2	1	235	105	339	1.56e-63	204	262	390	90	XP_035453189.2 uncharacterized protein LOC118278189 [Spodoptera frugiperda]
TRINITY_DN26494_c0_g1_i1.p1	XP_050552273.1	42.194	237	134	2	1	235	108	343	1.98e-63	204	262	400	90	XP_050552273.1 uncharacterized protein LOC118271408 isoform X1 [Spodoptera frugiperda]
TRINITY_DN26494_c0_g1_i1.p1	XP_035442648.1	42.194	237	134	2	1	235	108	343	1.98e-63	204	262	400	90	XP_035442648.1 uncharacterized protein LOC118278185 [Spodoptera frugiperda]
TRINITY_DN26494_c0_g1_i1.p1	XP_035432587.1	42.194	237	134	2	1	235	108	343	1.98e-63	204	262	400	90	XP_035432587.1 uncharacterized protein LOC118264249 isoform X1 [Spodoptera frugiperda]
TRINITY_DN26494_c0_g1_i1.p1	XP_050563587.1	42.194	237	134	2	1	235	108	343	2.91e-63	204	262	400	90	XP_050563587.1 uncharacterized protein LOC118278186 isoform X1 [Spodoptera frugiperda]
TRINITY_DN26494_c0_g2_i1.p1	XP_050552272.1	43.416	281	150	3	1	279	129	402	1.55e-75	236	282	418	99	XP_050552272.1 uncharacterized protein LOC118277418 [Spodoptera frugiperda]
TRINITY_DN26494_c0_g2_i1.p1	XP_050552271.1	43.416	281	150	3	1	279	129	402	1.55e-75	236	282	418	99	XP_050552271.1 uncharacterized protein LOC118277418 [Spodoptera frugiperda]
TRINITY_DN26494_c0_g2_i1.p1	XP_035453181.2	43.772	281	149	3	1	279	197	470	4.11e-74	235	282	486	99	XP_035453181.2 uncharacterized protein LOC118278184 [Spodoptera frugiperda]
TRINITY_DN26494_c0_g2_i1.p1	XP_035442818.1	40.569	281	159	4	1	280	105	378	5.21e-67	214	282	390	99	XP_035442818.1 uncharacterized protein LOC118271051 [Spodoptera frugiperda]
TRINITY_DN26494_c0_g2_i1.p1	XP_050552273.1	40.071	282	166	3	1	281	108	387	9.07e-67	213	282	400	99	XP_050552273.1 uncharacterized protein LOC118271408 isoform X1 [Spodoptera frugiperda]
TRINITY_DN26494_c0_g2_i1.p1	XP_035442648.1	40.071	282	166	3	1	281	108	387	9.07e-67	213	282	400	99	XP_035442648.1 uncharacterized protein LOC118278185 [Spodoptera frugiperda]
TRINITY_DN26494_c0_g2_i1.p1	XP_035432587.1	40.071	282	166	3	1	281	108	387	9.07e-67	213	282	400	99	XP_035432587.1 uncharacterized protein LOC118264249 isoform X1 [Spodoptera frugiperda]
TRINITY_DN26494_c0_g2_i1.p1	XP_050563587.1	40.071	282	166	3	1	281	108	387	1.21e-66	213	282	400	99	XP_050563587.1 uncharacterized protein LOC118278186 isoform X1 [Spodoptera frugiperda]
TRINITY_DN26494_c0_g2_i1.p1	XP_035453189.2	40.214	281	160	4	1	280	105	378	1.59e-66	213	282	390	99	XP_035453189.2 uncharacterized protein LOC118278189 [Spodoptera frugiperda]
TRINITY_DN26494_c0_g2_i1.p1	XP_035432548.2	37.546	269	164	2	1	265	27	295	1.49e-65	207	282	311	94	XP_035432548.2 uncharacterized protein LOC118264214 [Spodoptera frugiperda]
TRINITY_DN9381_c0_g2_i1.p1	XP_035448914.1	93.266	297	20	0	3	299	6	302	0.0	587	306	310	97	XP_035448914.1 WSCD family member AAEL009094 [Spodoptera frugiperda]
