TRINITY_DN4842_c0_g1_i1.p1	sp|O93308|SMC1A_XENLA	50.6	1231	1221	1232	3	1221	2	1225	0.0	1014	sp|O93308|SMC1A_XENLA Structural maintenance of chromosomes protein 1A OS=Xenopus laevis OX=8355 GN=smc1a PE=1 SV=1
TRINITY_DN4842_c0_g1_i1.p1	sp|Q9Z1M9|SMC1A_RAT	49.6	1231	1221	1233	3	1221	2	1225	0.0	996	sp|Q9Z1M9|SMC1A_RAT Structural maintenance of chromosomes protein 1A OS=Rattus norvegicus OX=10116 GN=Smc1a PE=1 SV=1
TRINITY_DN4842_c0_g1_i1.p1	sp|O97593|SMC1A_BOVIN	49.3	1231	1221	1233	3	1221	2	1225	0.0	968	sp|O97593|SMC1A_BOVIN Structural maintenance of chromosomes protein 1A OS=Bos taurus OX=9913 GN=SMC1A PE=1 SV=1
TRINITY_DN4842_c0_g1_i1.p1	sp|Q9CU62|SMC1A_MOUSE	49.3	1231	1221	1233	3	1221	2	1225	0.0	968	sp|Q9CU62|SMC1A_MOUSE Structural maintenance of chromosomes protein 1A OS=Mus musculus OX=10090 GN=Smc1a PE=1 SV=4
TRINITY_DN4842_c0_g1_i1.p1	sp|Q14683|SMC1A_HUMAN	49.2	1231	1221	1233	3	1221	2	1225	0.0	966	sp|Q14683|SMC1A_HUMAN Structural maintenance of chromosomes protein 1A OS=Homo sapiens OX=9606 GN=SMC1A PE=1 SV=2
TRINITY_DN4842_c0_g1_i1.p1	sp|Q920F6|SMC1B_MOUSE	40.4	1224	1221	1248	5	1221	4	1220	2.99e-254	760	sp|Q920F6|SMC1B_MOUSE Structural maintenance of chromosomes protein 1B OS=Mus musculus OX=10090 GN=Smc1b PE=1 SV=1
TRINITY_DN4842_c0_g1_i1.p1	sp|Q8NDV3|SMC1B_HUMAN	40.4	1227	1221	1235	3	1221	2	1221	8.04e-254	759	sp|Q8NDV3|SMC1B_HUMAN Structural maintenance of chromosomes protein 1B OS=Homo sapiens OX=9606 GN=SMC1B PE=1 SV=3
TRINITY_DN4842_c0_g1_i1.p1	sp|O01789|SMC1_CAEEL	37.5	1238	1221	1262	5	1219	16	1243	5.87e-244	734	sp|O01789|SMC1_CAEEL Structural maintenance of chromosomes protein 1 OS=Caenorhabditis elegans OX=6239 GN=him-1 PE=1 SV=4
TRINITY_DN4842_c0_g1_i1.p1	sp|O94383|SMC1_SCHPO	30.3	1259	1221	1228	8	1219	7	1226	6.63e-142	464	sp|O94383|SMC1_SCHPO Structural maintenance of chromosomes protein 1 OS=Schizosaccharomyces pombe (strain 972 / ATCC 24843) OX=284812 GN=psm1 PE=1 SV=2
TRINITY_DN4842_c0_g1_i1.p1	sp|Q6Q1P4|SMC1_ARATH	33.3	1251	1221	1218	8	1221	14	1217	7.48e-141	461	sp|Q6Q1P4|SMC1_ARATH Structural maintenance of chromosomes protein 1 OS=Arabidopsis thaliana OX=3702 GN=SMC1 PE=2 SV=2
TRINITY_DN17911_c0_g1_i1.p1	sp|P10090|WHITE_DROME	60.2	636	687	687	61	685	66	685	3.64e-254	720	sp|P10090|WHITE_DROME Protein white OS=Drosophila melanogaster OX=7227 GN=w PE=1 SV=2
TRINITY_DN17911_c0_g1_i1.p1	sp|Q17320|WHITE_CERCA	57.5	652	687	679	52	685	42	677	1.19e-245	698	sp|Q17320|WHITE_CERCA Protein white OS=Ceratitis capitata OX=7213 GN=W PE=2 SV=1
TRINITY_DN17911_c0_g1_i1.p1	sp|Q27256|WHITE_ANOGA	54.6	658	687	695	42	684	45	692	1.00e-235	674	sp|Q27256|WHITE_ANOGA Protein white OS=Anopheles gambiae OX=7165 GN=w PE=2 SV=1
TRINITY_DN17911_c0_g1_i1.p1	sp|Q05360|WHITE_LUCCU	56.6	636	687	677	61	685	55	675	2.18e-235	672	sp|Q05360|WHITE_LUCCU Protein white OS=Lucilia cuprina OX=7375 GN=W PE=2 SV=2
TRINITY_DN17911_c0_g1_i1.p1	sp|Q16928|WHITE_ANOAL	54.4	663	687	709	42	684	46	706	3.44e-232	665	sp|Q16928|WHITE_ANOAL Protein white OS=Anopheles albimanus OX=7167 GN=W PE=3 SV=1
TRINITY_DN17911_c0_g1_i1.p1	sp|Q11180|WHT1_CAEEL	40.3	626	687	671	67	683	51	667	1.32e-149	452	sp|Q11180|WHT1_CAEEL ABC transporter ATP-binding protein/permease wht-1 OS=Caenorhabditis elegans OX=6239 GN=wht-1 PE=2 SV=3
TRINITY_DN17911_c0_g1_i1.p1	sp|P45843|SCRT_DROME	38.0	598	687	666	91	685	79	665	8.30e-126	391	sp|P45843|SCRT_DROME Protein scarlet OS=Drosophila melanogaster OX=7227 GN=st PE=1 SV=3
TRINITY_DN17911_c0_g1_i1.p1	sp|Q09466|WHT3_CAEEL	34.8	630	687	610	60	687	30	610	6.99e-114	358	sp|Q09466|WHT3_CAEEL ABC transporter ATP-binding protein/permease wht-3 OS=Caenorhabditis elegans OX=6239 GN=wht-3 PE=3 SV=1
TRINITY_DN17911_c0_g1_i1.p1	sp|Q91WA9|ABCG4_MOUSE	34.5	588	687	646	100	684	82	643	2.70e-93	305	sp|Q91WA9|ABCG4_MOUSE ATP-binding cassette subfamily G member 4 OS=Mus musculus OX=10090 GN=Abcg4 PE=1 SV=2
TRINITY_DN17911_c0_g1_i1.p1	sp|Q9H172|ABCG4_HUMAN	34.4	588	687	646	100	684	82	643	1.03e-92	304	sp|Q9H172|ABCG4_HUMAN ATP-binding cassette sub-family G member 4 OS=Homo sapiens OX=9606 GN=ABCG4 PE=1 SV=2
TRINITY_DN24143_c0_g1_i1.p1	sp|Q9NU22|MDN1_HUMAN	28.1	3817	3481	5596	13	3475	1969	5589	3.21e-260	886	sp|Q9NU22|MDN1_HUMAN Midasin OS=Homo sapiens OX=9606 GN=MDN1 PE=1 SV=2
TRINITY_DN24143_c0_g1_i1.p1	sp|Q869L3|MDN1_DICDI	21.6	4079	3481	5900	4	3479	2054	5899	5.36e-75	285	sp|Q869L3|MDN1_DICDI Midasin OS=Dictyostelium discoideum OX=44689 GN=mdn1 PE=3 SV=2
TRINITY_DN24143_c0_g1_i1.p1	sp|A0A1P8AUY4|MDN1_ARATH	21.0	3739	3481	5400	16	3475	2002	5394	6.85e-63	244	sp|A0A1P8AUY4|MDN1_ARATH Midasin OS=Arabidopsis thaliana OX=3702 GN=MDN1 PE=1 SV=1
TRINITY_DN24143_c0_g1_i1.p1	sp|O94248|MDN1_SCHPO	41.1	302	3481	4717	3190	3479	4419	4717	4.61e-59	232	sp|O94248|MDN1_SCHPO Midasin OS=Schizosaccharomyces pombe (strain 972 / ATCC 24843) OX=284812 GN=mdn1 PE=1 SV=1
TRINITY_DN24143_c0_g1_i1.p1	sp|Q12019|MDN1_YEAST	41.0	324	3481	4910	3165	3473	4584	4904	2.61e-57	226	sp|Q12019|MDN1_YEAST Midasin OS=Saccharomyces cerevisiae (strain ATCC 204508 / S288c) OX=559292 GN=MDN1 PE=1 SV=1
TRINITY_DN24143_c0_g1_i1.p1	sp|Q8T5T1|MDN1_GIAIN	38.3	274	3481	4835	3204	3474	4561	4827	3.62e-42	176	sp|Q8T5T1|MDN1_GIAIN Midasin OS=Giardia intestinalis OX=5741 GN=MDN1 PE=3 SV=1
TRINITY_DN24143_c0_g2_i1.p1	sp|Q9NU22|MDN1_HUMAN	38.1	674	734	5596	108	734	102	765	9.96e-139	455	sp|Q9NU22|MDN1_HUMAN Midasin OS=Homo sapiens OX=9606 GN=MDN1 PE=1 SV=2
TRINITY_DN24143_c0_g2_i1.p1	sp|Q869L3|MDN1_DICDI	30.9	687	734	5900	161	734	103	777	1.02e-84	297	sp|Q869L3|MDN1_DICDI Midasin OS=Dictyostelium discoideum OX=44689 GN=mdn1 PE=3 SV=2
TRINITY_DN24143_c0_g2_i1.p1	sp|Q12019|MDN1_YEAST	32.0	497	734	4910	251	730	259	737	1.09e-67	247	sp|Q12019|MDN1_YEAST Midasin OS=Saccharomyces cerevisiae (strain ATCC 204508 / S288c) OX=559292 GN=MDN1 PE=1 SV=1
TRINITY_DN24143_c0_g2_i1.p1	sp|A0A1P8AUY4|MDN1_ARATH	35.5	445	734	5400	290	734	346	761	1.34e-60	226	sp|A0A1P8AUY4|MDN1_ARATH Midasin OS=Arabidopsis thaliana OX=3702 GN=MDN1 PE=1 SV=1
TRINITY_DN24143_c0_g2_i1.p1	sp|O94248|MDN1_SCHPO	30.7	469	734	4717	276	734	131	562	7.75e-54	205	sp|O94248|MDN1_SCHPO Midasin OS=Schizosaccharomyces pombe (strain 972 / ATCC 24843) OX=284812 GN=mdn1 PE=1 SV=1
TRINITY_DN24143_c0_g2_i1.p1	sp|Q8T5T1|MDN1_GIAIN	27.5	462	734	4835	287	734	14	444	1.23e-32	140	sp|Q8T5T1|MDN1_GIAIN Midasin OS=Giardia intestinalis OX=5741 GN=MDN1 PE=3 SV=1
TRINITY_DN24143_c0_g2_i1.p1	sp|Q51664|NORQ_PARDP	33.3	123	734	270	293	414	31	148	3.86e-06	52.8	sp|Q51664|NORQ_PARDP Protein NorQ OS=Paracoccus denitrificans (strain Pd 1222) OX=318586 GN=norQ PE=3 SV=2
TRINITY_DN24143_c0_g2_i1.p1	sp|Q02441|NIRQ_STUST	32.0	122	734	275	297	417	40	156	2.27e-05	50.4	sp|Q02441|NIRQ_STUST Denitrification regulatory protein NirQ OS=Stutzerimonas stutzeri OX=316 GN=nirQ PE=2 SV=1
TRINITY_DN24143_c0_g2_i1.p1	sp|Q8CP85|Y1092_STAES	29.9	117	734	263	302	414	29	142	3.72e-05	49.7	sp|Q8CP85|Y1092_STAES Uncharacterized protein SE_1092 OS=Staphylococcus epidermidis (strain ATCC 12228 / FDA PCI 1200) OX=176280 GN=SE_1092 PE=3 SV=1
TRINITY_DN24143_c0_g2_i1.p1	sp|Q5HPD3|Y979_STAEQ	30.8	117	734	263	302	414	29	142	6.65e-05	48.9	sp|Q5HPD3|Y979_STAEQ Uncharacterized protein SERP0979 OS=Staphylococcus epidermidis (strain ATCC 35984 / DSM 28319 / BCRC 17069 / CCUG 31568 / BM 3577 / RP62A) OX=176279 GN=SERP0979 PE=3 SV=1
TRINITY_DN25139_c0_g1_i1.p1	sp|Q8R420|ABCA3_MOUSE	36.7	90	308	1704	219	308	1357	1425	5.55e-05	48.5	sp|Q8R420|ABCA3_MOUSE Phospholipid-transporting ATPase ABCA3 OS=Mus musculus OX=10090 GN=Abca3 PE=1 SV=3
TRINITY_DN25139_c0_g1_i1.p1	sp|A0A0G2K1Q8|ABCA3_RAT	37.8	90	308	1704	219	308	1357	1425	7.36e-05	48.1	sp|A0A0G2K1Q8|ABCA3_RAT Phospholipid-transporting ATPase ABCA3 OS=Rattus norvegicus OX=10116 GN=Abca3 PE=1 SV=1
TRINITY_DN25139_c0_g1_i1.p1	sp|Q8IZY2|ABCA7_HUMAN	40.0	90	308	2146	219	308	1772	1836	2.33e-04	46.6	sp|Q8IZY2|ABCA7_HUMAN Phospholipid-transporting ATPase ABCA7 OS=Homo sapiens OX=9606 GN=ABCA7 PE=1 SV=3
TRINITY_DN25139_c0_g1_i1.p1	sp|Q99758|ABCA3_HUMAN	38.7	93	308	1704	219	308	1357	1425	3.02e-04	46.2	sp|Q99758|ABCA3_HUMAN Phospholipid-transporting ATPase ABCA3 OS=Homo sapiens OX=9606 GN=ABCA3 PE=1 SV=2
TRINITY_DN25139_c0_g1_i1.p1	sp|E9Q876|ABCAC_MOUSE	34.8	89	308	2595	219	307	2233	2298	7.27e-04	45.1	sp|E9Q876|ABCAC_MOUSE Glucosylceramide transporter ABCA12 OS=Mus musculus OX=10090 GN=Abca12 PE=1 SV=1
TRINITY_DN2043_c0_g1_i2.p1	sp|Q9VSS1|ABCE1_DROME	86.8	608	608	611	1	608	1	607	0.0	1062	sp|Q9VSS1|ABCE1_DROME Protein Pixie OS=Drosophila melanogaster OX=7227 GN=pix PE=1 SV=1
TRINITY_DN2043_c0_g1_i2.p1	sp|P61221|ABCE1_HUMAN	79.8	598	608	599	11	608	3	599	0.0	988	sp|P61221|ABCE1_HUMAN ATP-binding cassette sub-family E member 1 OS=Homo sapiens OX=9606 GN=ABCE1 PE=1 SV=1
TRINITY_DN2043_c0_g1_i2.p1	sp|P61222|ABCE1_MOUSE	79.8	598	608	599	11	608	3	599	0.0	988	sp|P61222|ABCE1_MOUSE ATP-binding cassette sub-family E member 1 OS=Mus musculus OX=10090 GN=Abce1 PE=1 SV=1
TRINITY_DN2043_c0_g1_i2.p1	sp|Q8LPJ4|AB2E_ARATH	74.5	603	608	605	11	608	3	605	0.0	919	sp|Q8LPJ4|AB2E_ARATH ABC transporter E family member 2 OS=Arabidopsis thaliana OX=3702 GN=ABCE2 PE=2 SV=1
TRINITY_DN2043_c0_g1_i2.p1	sp|Q9LID6|AB1E_ARATH	67.8	602	608	603	10	608	2	603	2.45e-305	843	sp|Q9LID6|AB1E_ARATH ABC transporter E family member 1 OS=Arabidopsis thaliana OX=3702 GN=ABCE1 PE=2 SV=1
TRINITY_DN2043_c0_g1_i2.p1	sp|G0SEV9|RLI1_CHATD	67.7	601	608	611	11	608	3	602	6.62e-305	843	sp|G0SEV9|RLI1_CHATD Translation initiation factor RLI1 OS=Chaetomium thermophilum (strain DSM 1495 / CBS 144.50 / IMI 039719) OX=759272 GN=RLI1 PE=3 SV=2
TRINITY_DN2043_c0_g1_i2.p1	sp|Q03195|RLI1_YEAST	68.2	606	608	608	10	608	2	605	6.88e-304	840	sp|Q03195|RLI1_YEAST Translation initiation factor RLI1 OS=Saccharomyces cerevisiae (strain ATCC 204508 / S288c) OX=559292 GN=RLI1 PE=1 SV=1
TRINITY_DN2043_c0_g1_i2.p1	sp|O60102|RLI1_SCHPO	64.5	602	608	593	10	608	2	593	1.08e-282	786	sp|O60102|RLI1_SCHPO Translation initiation factor rli1 OS=Schizosaccharomyces pombe (strain 972 / ATCC 24843) OX=284812 GN=rli1 PE=3 SV=1
TRINITY_DN2043_c0_g1_i2.p1	sp|Q58129|Y719_METJA	49.2	597	608	600	15	608	14	600	6.98e-194	560	sp|Q58129|Y719_METJA Uncharacterized ABC transporter ATP-binding protein MJ0719 OS=Methanocaldococcus jannaschii (strain ATCC 43067 / DSM 2661 / JAL-1 / JCM 10045 / NBRC 100440) OX=243232 GN=MJ0719 PE=3 SV=1
TRINITY_DN2043_c0_g1_i2.p1	sp|Q9M0D0|AB3E_ARATH	57.7	175	608	181	361	530	1	175	5.76e-58	195	sp|Q9M0D0|AB3E_ARATH ABC transporter E family member 3 OS=Arabidopsis thaliana OX=3702 GN=ABCE3 PE=2 SV=1
