Name_x	SRR14535554	SRR14535555	SRR14535556	SRR14535564	SRR14535565	SRR14535566	Mean_TPM	Max_TPM	seqid	start	end	strand	ID	Name_y	transcript_id	gene	product	gbkey	raw_attr	match_id	match_source	cyp_symbol_guess
XM_038016615.2	52.336371	129.832364	66.476187	60.701333	143.051926	57.648825	85.00783433333334	143.051926	NC_085123.1	16141164	16153678	+	rna-XM_038016615.2	XM_038016615.2	XM_038016615.2	Cyp9a22	cytochrome P450 CYP9A22, transcript variant X1	mRNA	ID=rna-XM_038016615.2;Parent=gene-Cyp9a22;Dbxref=GeneID:100124424,GenBank:XM_038016615.2;Name=XM_038016615.2;experiment=COORDINATES: polyA evidence [ECO:0006239];gbkey=mRNA;gene=Cyp9a22;model_evidence=Supporting evidence includes similarity to: 5 mRNAs%2C 1 EST%2C 364 Proteins%2C 969 long SRA reads;product=cytochrome P450 CYP9A22%2C transcript variant X1;transcript_id=XM_038016615.2	XM_038016615.2	Name	CYP9A22
XM_062676255.1	41.883347	97.923969	10.886004	44.076127	14.044585	58.716282	44.588385666666674	97.923969	NC_085132.1	11309176	11323508	-	rna-XM_062676255.1	XM_062676255.1	XM_062676255.1	LOC101742342	cytochrome P450 4V2	mRNA	ID=rna-XM_062676255.1;Parent=gene-LOC101742342;Dbxref=GeneID:101742342,GenBank:XM_062676255.1;Name=XM_062676255.1;experiment=COORDINATES: polyA evidence [ECO:0006239];gbkey=mRNA;gene=LOC101742342;model_evidence=Supporting evidence includes similarity to: 7 Proteins%2C 179 long SRA reads;product=cytochrome P450 4V2;transcript_id=XM_062676255.1	XM_062676255.1	Name	CYP4V2
NM_001109934.1	25.180718	31.053778	24.233906	34.253864	52.993461	18.436353	31.025346666666664	52.993461	NC_085123.1	16017879	16032151	-	rna-NM_001109934.1	NM_001109934.1	NM_001109934.1	Cyp9a19	cytochrome P450	mRNA	ID=rna-NM_001109934.1;Parent=gene-Cyp9a19;Dbxref=GeneID:100126178,GenBank:NM_001109934.1;Name=NM_001109934.1;Note=The RefSeq transcript has 3 substitutions compared to this genomic sequence;exception=annotated by transcript or proteomic data;gbkey=mRNA;gene=Cyp9a19;inference=similar to RNA sequence%2C mRNA (same species):RefSeq:NM_001109934.1;product=cytochrome P450;transcript_id=NM_001109934.1	NM_001109934.1	Name	CYP9A19
XM_004927911.5	22.358205	25.874217	27.362429	29.258947	25.840739	22.006765	25.45021700000001	29.258947	NC_085119.1	4524920	4542443	-	rna-XM_004927911.5	XM_004927911.5	XM_004927911.5	LOC101744617	cytochrome P450 CYP12A2, transcript variant X1	mRNA	ID=rna-XM_004927911.5;Parent=gene-LOC101744617;Dbxref=GeneID:101744617,GenBank:XM_004927911.5;Name=XM_004927911.5;experiment=COORDINATES: polyA evidence [ECO:0006239];gbkey=mRNA;gene=LOC101744617;model_evidence=Supporting evidence includes similarity to: 4 mRNAs%2C 1 EST%2C 44 Proteins%2C 3948 long SRA reads;product=cytochrome P450 CYP12A2%2C transcript variant X1;transcript_id=XM_004927911.5	XM_004927911.5	Name	CYP12A2
NM_001102464.2	20.101042	28.415252	18.319273	20.862796	21.907778	12.477493	20.347272333333333	28.415252	NC_085123.1	16141213	16153678	+	rna-NM_001102464.2	NM_001102464.2	NM_001102464.2	Cyp9a22	cytochrome P450 CYP9A22	mRNA	ID=rna-NM_001102464.2;Parent=gene-Cyp9a22;Dbxref=GeneID:100124424,GenBank:NM_001102464.2;Name=NM_001102464.2;Note=The RefSeq transcript has 2 substitutions compared to this genomic sequence;exception=annotated by transcript or proteomic data;gbkey=mRNA;gene=Cyp9a22;inference=similar to RNA sequence%2C mRNA (same species):RefSeq:NM_001102464.2;product=cytochrome P450 CYP9A22;transcript_id=NM_001102464.2	NM_001102464.2	Name	CYP9A22
NM_001114868.1	24.371073	17.226615	21.0801	15.814404	18.937477	12.30717	18.289473166666667	24.371073	NC_085121.1	6654152	6666752	+	rna-NM_001114868.1	NM_001114868.1	NM_001114868.1	Cyp332a1	cytochrome P450 CYP332A1	mRNA	ID=rna-NM_001114868.1;Parent=gene-Cyp332a1;Dbxref=GeneID:100141432,GenBank:NM_001114868.1;Name=NM_001114868.1;Note=The RefSeq transcript has 2 substitutions compared to this genomic sequence;exception=annotated by transcript or proteomic data;gbkey=mRNA;gene=Cyp332a1;inference=similar to RNA sequence%2C mRNA (same species):RefSeq:NM_001114868.1;product=cytochrome P450 CYP332A1;transcript_id=NM_001114868.1	NM_001114868.1	Name	CYP332A1
XM_062671730.1	5.06247	13.826153	10.301213	8.993991	19.55704	10.322487	11.343892333333336	19.55704	NC_085119.1	4524920	4542202	-	rna-XM_062671730.1	XM_062671730.1	XM_062671730.1	LOC101744617	cytochrome P450 CYP12A2, transcript variant X2	mRNA	ID=rna-XM_062671730.1;Parent=gene-LOC101744617;Dbxref=GeneID:101744617,GenBank:XM_062671730.1;Name=XM_062671730.1;experiment=COORDINATES: polyA evidence [ECO:0006239];gbkey=mRNA;gene=LOC101744617;model_evidence=Supporting evidence includes similarity to: 1 mRNA%2C 1 EST%2C 23 Proteins%2C 1984 long SRA reads;product=cytochrome P450 CYP12A2%2C transcript variant X2;transcript_id=XM_062671730.1	XM_062671730.1	Name	CYP12A2
NM_001079666.1	7.999583	8.368858	10.447218	11.128687	11.388581	6.599606	9.322088833333334	11.388581	NC_085111.1	11910795	11925723	-	rna-NM_001079666.1	NM_001079666.1	NM_001079666.1	Cyp4m9	cytochrome P450 CYP4M9	mRNA	ID=rna-NM_001079666.1;Parent=gene-Cyp4m9;Dbxref=GeneID:780857,GenBank:NM_001079666.1;Name=NM_001079666.1;Note=The RefSeq transcript has 4 substitutions compared to this genomic sequence;exception=annotated by transcript or proteomic data;gbkey=mRNA;gene=Cyp4m9;inference=similar to RNA sequence%2C mRNA (same species):RefSeq:NM_001079666.1;product=cytochrome P450 CYP4M9;transcript_id=NM_001079666.1	NM_001079666.1	Name	CYP4M9
NM_001110537.1	10.20451	4.319253	9.906762	7.717755	4.434576	2.07564	6.443082666666666	10.20451	NC_085117.1	17992125	17996776	-	rna-NM_001110537.1	NM_001110537.1	NM_001110537.1	Cyp6ab5	cytochrome P450	mRNA	ID=rna-NM_001110537.1;Parent=gene-Cyp6ab5;Dbxref=GeneID:100126559,GenBank:NM_001110537.1;Name=NM_001110537.1;Note=The RefSeq transcript has 14 substitutions compared to this genomic sequence;exception=annotated by transcript or proteomic data;gbkey=mRNA;gene=Cyp6ab5;inference=similar to RNA sequence%2C mRNA (same species):RefSeq:NM_001110537.1;product=cytochrome P450;transcript_id=NM_001110537.1	NM_001110537.1	Name	CYP6AB5
XM_062671298.1	5.519382	4.902319	4.938925	5.887971	4.418991	6.007537	5.2791875	6.007537	NC_085118.1	8847953	8860210	-	rna-XM_062671298.1	XM_062671298.1	XM_062671298.1	Cyp6ae9	cytochrome P450 CYP6AE9, transcript variant X1	mRNA	ID=rna-XM_062671298.1;Parent=gene-Cyp6ae9;Dbxref=GeneID:100126548,GenBank:XM_062671298.1;Name=XM_062671298.1;experiment=COORDINATES: polyA evidence [ECO:0006239];gbkey=mRNA;gene=Cyp6ae9;model_evidence=Supporting evidence includes similarity to: 3 mRNAs%2C 84 Proteins%2C 299 long SRA reads;product=cytochrome P450 CYP6AE9%2C transcript variant X1;transcript_id=XM_062671298.1	XM_062671298.1	Name	CYP6AE9
NM_001110534.1	6.312863	4.091026	3.86108	6.234018	4.617555	5.368511	5.080842166666667	6.312863	NC_085118.1	8852957	8860165	-	rna-NM_001110534.1	NM_001110534.1	NM_001110534.1	Cyp6ae9	cytochrome P450 CYP6AE9	mRNA	ID=rna-NM_001110534.1;Parent=gene-Cyp6ae9;Dbxref=GeneID:100126548,GenBank:NM_001110534.1;Name=NM_001110534.1;Note=The RefSeq transcript has 3 substitutions compared to this genomic sequence;exception=annotated by transcript or proteomic data;gbkey=mRNA;gene=Cyp6ae9;inference=similar to RNA sequence%2C mRNA (same species):RefSeq:NM_001110534.1;product=cytochrome P450 CYP6AE9;transcript_id=NM_001110534.1	NM_001110534.1	Name	CYP6AE9
NM_001279498.1	2.898235	0.385764	9.970764	11.582939	3.298691	1.999971	5.022727333333333	11.582939	NC_085128.1	16422391	16424733	+	rna-NM_001279498.1	NM_001279498.1	NM_001279498.1	CYP6AN2	cytochrome P450 6B7-like	mRNA	ID=rna-NM_001279498.1;Parent=gene-CYP6AN2;Dbxref=GeneID:101743305,GenBank:NM_001279498.1;Name=NM_001279498.1;gbkey=mRNA;gene=CYP6AN2;product=cytochrome P450 6B7-like;transcript_id=NM_001279498.1	NM_001279498.1	Name	CYP6AN2
NM_001112751.2	4.804678	4.849542	5.544414	4.497336	3.352366	3.65849	4.451137666666667	5.544414	NC_085116.1	10401872	10409287	+	rna-NM_001112751.2	NM_001112751.2	NM_001112751.2	Cyp306a1	cytochrome P450 monooxygenase	mRNA	ID=rna-NM_001112751.2;Parent=gene-Cyp306a1;Dbxref=GeneID:100127116,GenBank:NM_001112751.2;Name=NM_001112751.2;Note=The RefSeq transcript has 2 substitutions%2C 2 non-frameshifting indels compared to this genomic sequence;exception=annotated by transcript or proteomic data;gbkey=mRNA;gene=Cyp306a1;inference=similar to RNA sequence%2C mRNA (same species):RefSeq:NM_001112751.2;product=cytochrome P450 monooxygenase;transcript_id=NM_001112751.2	NM_001112751.2	Name	CYP306A1
NM_001281896.1	3.518933	5.228003	2.367711	3.577827	1.855281	7.606709	4.025744	7.606709	NC_085132.1	11351641	11382052	-	rna-NM_001281896.1	NM_001281896.1	NM_001281896.1	CYP340C1	cytochrome P450 4C1-like	mRNA	ID=rna-NM_001281896.1;Parent=gene-CYP340C1;Dbxref=GeneID:101742493,GenBank:NM_001281896.1;Name=NM_001281896.1;gbkey=mRNA;gene=CYP340C1;product=cytochrome P450 4C1-like;transcript_id=NM_001281896.1	NM_001281896.1	Name	CYP340C1
NM_001083610.1	2.022477	1.344008	2.208138	5.600209	9.447135	2.258332	3.813383166666666	9.447135	NC_085123.1	16001075	16013164	-	rna-NM_001083610.1	NM_001083610.1	NM_001083610.1	Cyp9a20	cytochrome P450 9a20	mRNA	ID=rna-NM_001083610.1;Parent=gene-Cyp9a20;Dbxref=GeneID:100036579,GenBank:NM_001083610.1;Name=NM_001083610.1;Note=The RefSeq transcript has 1 substitution compared to this genomic sequence;exception=annotated by transcript or proteomic data;gbkey=mRNA;gene=Cyp9a20;inference=similar to RNA sequence%2C mRNA (same species):RefSeq:NM_001083610.1;product=cytochrome P450 9a20;transcript_id=NM_001083610.1	NM_001083610.1	Name	CYP9A20
NM_001079667.1	6.109186	2.672987	3.751703	7.702711	0.253891	2.112947	3.7672375	7.702711	NC_085127.1	544572	546613	+	rna-NM_001079667.1	NM_001079667.1	NM_001079667.1	Cyp6ab4	cytochrome P450 6AB4	mRNA	ID=rna-NM_001079667.1;Parent=gene-Cyp6ab4;Dbxref=GeneID:780858,GenBank:NM_001079667.1;Name=NM_001079667.1;Note=The RefSeq transcript has 2 substitutions compared to this genomic sequence;exception=annotated by transcript or proteomic data;gbkey=mRNA;gene=Cyp6ab4;inference=similar to RNA sequence%2C mRNA (same species):RefSeq:NM_001079667.1;product=cytochrome P450 6AB4;transcript_id=NM_001079667.1	NM_001079667.1	Name	CYP6AB4
XM_012690569.4	2.423779	0.732261	2.045836	6.038713	6.058974	2.188941	3.248084	6.058974	NC_085123.1	16035294	16047429	-	rna-XM_012690569.4	XM_012690569.4	XM_012690569.4	Cyp9a21	cytochrome P450 CYP9A21, transcript variant X3	mRNA	ID=rna-XM_012690569.4;Parent=gene-Cyp9a21;Dbxref=GeneID:100126160,GenBank:XM_012690569.4;Name=XM_012690569.4;experiment=COORDINATES: polyA evidence [ECO:0006239];gbkey=mRNA;gene=Cyp9a21;model_evidence=Supporting evidence includes similarity to: 8 mRNAs%2C 33 ESTs%2C 269 Proteins%2C 1212 long SRA reads;product=cytochrome P450 CYP9A21%2C transcript variant X3;transcript_id=XM_012690569.4	XM_012690569.4	Name	CYP9A21
NM_001279366.1	3.703377	1.690963	2.84866	3.713376	2.953455	2.626817	2.9227746666666667	3.713376	NC_085114.1	9335928	9350035	-	rna-NM_001279366.1	NM_001279366.1	NM_001279366.1	CYP354A1	cytochrome P450 9e2-like	mRNA	ID=rna-NM_001279366.1;Parent=gene-CYP354A1;Dbxref=GeneID:101745924,GenBank:NM_001279366.1;Name=NM_001279366.1;Note=The RefSeq transcript has 41 substitutions%2C 5 non-frameshifting indels compared to this genomic sequence;exception=annotated by transcript or proteomic data;gbkey=mRNA;gene=CYP354A1;inference=similar to RNA sequence%2C mRNA (same species):RefSeq:NM_001279366.1;product=cytochrome P450 9e2-like;transcript_id=NM_001279366.1	NM_001279366.1	Name	CYP354A1
XM_062669538.1	5.154315	2.186576	3.521864	3.419156	0.801177	1.689073	2.7953601666666668	5.154315	NC_085114.1	9335928	9348272	-	rna-XM_062669538.1	XM_062669538.1	XM_062669538.1	CYP354A1	cytochrome P450 9e2-like, transcript variant X1	mRNA	ID=rna-XM_062669538.1;Parent=gene-CYP354A1;Dbxref=GeneID:101745924,GenBank:XM_062669538.1;Name=XM_062669538.1;experiment=COORDINATES: polyA evidence [ECO:0006239];gbkey=mRNA;gene=CYP354A1;model_evidence=Supporting evidence includes similarity to: 67 Proteins%2C 322 long SRA reads;product=cytochrome P450 9e2-like%2C transcript variant X1;transcript_id=XM_062669538.1	XM_062669538.1	Name	CYP354A1
XM_021351855.2	2.180982	1.400426	3.854971	2.602509	2.209799	2.270263	2.419825	3.854971	NC_085114.1	10695389	10713937	+	rna-XM_021351855.2	XM_021351855.2	XM_021351855.2	Cyp315a1	cytochrome P450, transcript variant X4	mRNA	ID=rna-XM_021351855.2;Parent=gene-Cyp315a1;Dbxref=GeneID:100127120,GenBank:XM_021351855.2;Name=XM_021351855.2;experiment=COORDINATES: polyA evidence [ECO:0006239];gbkey=mRNA;gene=Cyp315a1;model_evidence=Supporting evidence includes similarity to: 2 mRNAs%2C 14 ESTs%2C 60 Proteins%2C 323 long SRA reads;product=cytochrome P450%2C transcript variant X4;transcript_id=XM_021351855.2	XM_021351855.2	Name	CYP315A1
NM_001279490.1	5.023572	0.304722	4.591297	1.977553	0.543517	1.008665	2.2415543333333336	5.023572	NC_085114.1	3705773	3738435	-	rna-NM_001279490.1	NM_001279490.1	NM_001279490.1	LOC101736880	probable cytochrome P450 49a1-like	mRNA	ID=rna-NM_001279490.1;Parent=gene-LOC101736880;Dbxref=GeneID:101736880,GenBank:NM_001279490.1;Name=NM_001279490.1;gbkey=mRNA;gene=LOC101736880;product=probable cytochrome P450 49a1-like;transcript_id=NM_001279490.1	NM_001279490.1	Name	CYP49A1-LIKE
XM_012689784.4	2.213834	1.824813	2.359781	3.769522	0.575464	2.666006	2.234903333333333	3.769522	NC_085127.1	570645	573089	+	rna-XM_012689784.4	XM_012689784.4	XM_012689784.4	LOC101745954	cytochrome P450 6B2	mRNA	ID=rna-XM_012689784.4;Parent=gene-LOC101745954;Dbxref=GeneID:101745954,GenBank:XM_012689784.4;Name=XM_012689784.4;experiment=COORDINATES: polyA evidence [ECO:0006239];gbkey=mRNA;gene=LOC101745954;model_evidence=Supporting evidence includes similarity to: 119 Proteins%2C 1359 long SRA reads;product=cytochrome P450 6B2;transcript_id=XM_012689784.4	XM_012689784.4	Name	CYP6B2
XM_021353186.3	3.559492	2.022664	2.034132	2.226543	1.231947	1.377956	2.075455666666666	3.559492	NC_085120.1	2887100	2927678	+	rna-XM_021353186.3	XM_021353186.3	XM_021353186.3	LOC101737332	probable cytochrome P450 301a1, mitochondrial	mRNA	ID=rna-XM_021353186.3;Parent=gene-LOC101737332;Dbxref=GeneID:101737332,GenBank:XM_021353186.3;Name=XM_021353186.3;experiment=COORDINATES: polyA evidence [ECO:0006239];gbkey=mRNA;gene=LOC101737332;model_evidence=Supporting evidence includes similarity to: 1 mRNA%2C 1 EST%2C 40 Proteins%2C 18 long SRA reads;product=probable cytochrome P450 301a1%2C mitochondrial;transcript_id=XM_021353186.3	XM_021353186.3	Name	CYP301A1
XM_012689198.4	0.0	2.031592	2.77696	1.622975	1.725287	2.502361	1.776529166666667	2.77696	NC_085116.1	8009579	8024108	-	rna-XM_012689198.4	XM_012689198.4	XM_012689198.4	Cpr	NADPH cytochrome P450 reductase, transcript variant X1	mRNA	ID=rna-XM_012689198.4;Parent=gene-Cpr;Dbxref=GeneID:100127056,GenBank:XM_012689198.4;Name=XM_012689198.4;experiment=COORDINATES: polyA evidence [ECO:0006239];gbkey=mRNA;gene=Cpr;model_evidence=Supporting evidence includes similarity to: 1 mRNA%2C 7 Proteins%2C 1351 long SRA reads;product=NADPH cytochrome P450 reductase%2C transcript variant X1;transcript_id=XM_012689198.4	XM_012689198.4	Name	
XM_004928048.5	2.669235	1.509792	1.863821	3.203866	0.974952	0.384551	1.7677028333333331	3.203866	NC_085119.1	4507480	4521715	-	rna-XM_004928048.5	XM_004928048.5	XM_004928048.5	LOC101742941	cytochrome P450 CYP12A2, transcript variant X1	mRNA	ID=rna-XM_004928048.5;Parent=gene-LOC101742941;Dbxref=GeneID:101742941,GenBank:XM_004928048.5;Name=XM_004928048.5;experiment=COORDINATES: polyA evidence [ECO:0006239];gbkey=mRNA;gene=LOC101742941;model_evidence=Supporting evidence includes similarity to: 1 mRNA%2C 44 Proteins%2C 631 long SRA reads;product=cytochrome P450 CYP12A2%2C transcript variant X1;transcript_id=XM_004928048.5	XM_004928048.5	Name	CYP12A2
NM_001309591.1	2.749397	1.388536	1.790958	1.366993	0.681299	1.111114	1.5147161666666669	2.749397	NC_085116.1	7221684	7223425	+	rna-NM_001309591.1	NM_001309591.1	NM_001309591.1	LOC100127130	cytochrome P450	mRNA	ID=rna-NM_001309591.1;Parent=gene-LOC100127130;Dbxref=GeneID:100127130,GenBank:NM_001309591.1;Name=NM_001309591.1;Note=The RefSeq transcript has 5 substitutions compared to this genomic sequence;exception=annotated by transcript or proteomic data;gbkey=mRNA;gene=LOC100127130;inference=similar to RNA sequence%2C mRNA (same species):RefSeq:NM_001309591.1;product=cytochrome P450;transcript_id=NM_001309591.1	NM_001309591.1	Name	
XM_038015060.2	0.128721	1.341147	1.719175	0.0	3.572768	1.499134	1.3768241666666663	3.572768	NC_085119.1	4507480	4520933	-	rna-XM_038015060.2	XM_038015060.2	XM_038015060.2	LOC101742941	cytochrome P450 CYP12A2, transcript variant X2	mRNA	ID=rna-XM_038015060.2;Parent=gene-LOC101742941;Dbxref=GeneID:101742941,GenBank:XM_038015060.2;Name=XM_038015060.2;experiment=COORDINATES: polyA evidence [ECO:0006239];gbkey=mRNA;gene=LOC101742941;model_evidence=Supporting evidence includes similarity to: 1 mRNA%2C 44 Proteins%2C 574 long SRA reads;product=cytochrome P450 CYP12A2%2C transcript variant X2;transcript_id=XM_038015060.2	XM_038015060.2	Name	CYP12A2
XM_012695536.4	1.389273	2.48894	0.0	2.511576	1.110605	0.540218	1.340102	2.511576	NC_085114.1	8579562	8585730	-	rna-XM_012695536.4	XM_012695536.4	XM_012695536.4	LOC101736730	cytochrome P450 CYP12A2, transcript variant X2	mRNA	ID=rna-XM_012695536.4;Parent=gene-LOC101736730;Dbxref=GeneID:101736730,GenBank:XM_012695536.4;Name=XM_012695536.4;experiment=COORDINATES: polyA evidence [ECO:0006239];gbkey=mRNA;gene=LOC101736730;model_evidence=Supporting evidence includes similarity to: 1 EST%2C 14 Proteins%2C 243 long SRA reads;product=cytochrome P450 CYP12A2%2C transcript variant X2;transcript_id=XM_012695536.4	XM_012695536.4	Name	CYP12A2
XM_062669729.1	2.465381	1.060578	0.992503	1.70042	0.892113	0.577191	1.281364333333333	2.465381	NC_085114.1	8579562	8585877	-	rna-XM_062669729.1	XM_062669729.1	XM_062669729.1	LOC101736730	cytochrome P450 CYP12A2, transcript variant X4	mRNA	ID=rna-XM_062669729.1;Parent=gene-LOC101736730;Dbxref=GeneID:101736730,GenBank:XM_062669729.1;Name=XM_062669729.1;experiment=COORDINATES: polyA evidence [ECO:0006239];gbkey=mRNA;gene=LOC101736730;model_evidence=Supporting evidence includes similarity to: 1 EST%2C 9 Proteins%2C 44 long SRA reads;product=cytochrome P450 CYP12A2%2C transcript variant X4;transcript_id=XM_062669729.1	XM_062669729.1	Name	CYP12A2
XM_062673182.1	0.269518	1.398193	0.915236	0.0	4.752852	0.0	1.2226331666666663	4.752852	NC_085123.1	16035294	16045875	-	rna-XM_062673182.1	XM_062673182.1	XM_062673182.1	Cyp9a21	cytochrome P450 CYP9A21, transcript variant X4	mRNA	ID=rna-XM_062673182.1;Parent=gene-Cyp9a21;Dbxref=GeneID:100126160,GenBank:XM_062673182.1;Name=XM_062673182.1;experiment=COORDINATES: polyA evidence [ECO:0006239];gbkey=mRNA;gene=Cyp9a21;model_evidence=Supporting evidence includes similarity to: 5 mRNAs%2C 2 ESTs%2C 269 Proteins%2C 581 long SRA reads;product=cytochrome P450 CYP9A21%2C transcript variant X4;transcript_id=XM_062673182.1	XM_062673182.1	Name	CYP9A21
XM_062670286.1	4.754164	0.0	0.0	2.1227	0.0	0.0	1.146144	4.754164	NC_085116.1	8009579	8024093	-	rna-XM_062670286.1	XM_062670286.1	XM_062670286.1	Cpr	NADPH cytochrome P450 reductase, transcript variant X2	mRNA	ID=rna-XM_062670286.1;Parent=gene-Cpr;Dbxref=GeneID:100127056,GenBank:XM_062670286.1;Name=XM_062670286.1;experiment=COORDINATES: polyA evidence [ECO:0006239];gbkey=mRNA;gene=Cpr;model_evidence=Supporting evidence includes similarity to: 1 mRNA%2C 7 Proteins%2C 1308 long SRA reads;product=NADPH cytochrome P450 reductase%2C transcript variant X2;transcript_id=XM_062670286.1	XM_062670286.1	Name	
XM_062672840.1	0.0	0.912984	1.405489	1.9252	0.649311	1.638306	1.0885483333333337	1.9252	NC_085122.1	9471009	9494376	-	rna-XM_062672840.1	XM_062672840.1	XM_062672840.1	CYP367A1	cytochrome P450 4V2-like, transcript variant X1	mRNA	ID=rna-XM_062672840.1;Parent=gene-CYP367A1;Dbxref=GeneID:101741325,GenBank:XM_062672840.1;Name=XM_062672840.1;experiment=COORDINATES: polyA evidence [ECO:0006239];gbkey=mRNA;gene=CYP367A1;model_evidence=Supporting evidence includes similarity to: 29 Proteins%2C 551 long SRA reads;product=cytochrome P450 4V2-like%2C transcript variant X1;transcript_id=XM_062672840.1	XM_062672840.1	Name	CYP367A1
NM_001112753.1	1.342109	0.821461	1.869102	1.722225	0.217406	0.196537	1.02814	1.869102	NC_085114.1	10695017	10713713	+	rna-NM_001112753.1	NM_001112753.1	NM_001112753.1	Cyp315a1	cytochrome P450	mRNA	ID=rna-NM_001112753.1;Parent=gene-Cyp315a1;Dbxref=GeneID:100127120,GenBank:NM_001112753.1;Name=NM_001112753.1;Note=The RefSeq transcript has 4 substitutions compared to this genomic sequence;exception=annotated by transcript or proteomic data;gbkey=mRNA;gene=Cyp315a1;inference=similar to RNA sequence%2C mRNA (same species):RefSeq:NM_001112753.1;product=cytochrome P450;transcript_id=NM_001112753.1	NM_001112753.1	Name	CYP315A1
NM_001083611.1	0.393601	0.50283	1.294872	1.910206	0.424416	1.513202	1.0065211666666667	1.910206	NC_085122.1	12750088	12752537	-	rna-NM_001083611.1	NM_001083611.1	NM_001083611.1	Cyp6ae2	cytochrome P450 6ae2	mRNA	ID=rna-NM_001083611.1;Parent=gene-Cyp6ae2;Dbxref=GeneID:100036580,GenBank:NM_001083611.1;Name=NM_001083611.1;Note=The RefSeq transcript has 1 substitution compared to this genomic sequence;exception=annotated by transcript or proteomic data;gbkey=mRNA;gene=Cyp6ae2;inference=similar to RNA sequence%2C mRNA (same species):RefSeq:NM_001083611.1;product=cytochrome P450 6ae2;transcript_id=NM_001083611.1	NM_001083611.1	Name	CYP6AE2
NM_001111364.1	2.678381	0.244108	0.833955	1.475566	0.134138	0.385022	0.9585283333333332	2.678381	NC_085116.1	8009581	8040136	-	rna-NM_001111364.1	NM_001111364.1	NM_001111364.1	Cpr	NADPH cytochrome P450 reductase	mRNA	ID=rna-NM_001111364.1;Parent=gene-Cpr;Dbxref=GeneID:100127056,GenBank:NM_001111364.1;Name=NM_001111364.1;Note=The RefSeq transcript has 9 substitutions%2C 22 non-frameshifting indels compared to this genomic sequence;exception=annotated by transcript or proteomic data;gbkey=mRNA;gene=Cpr;inference=similar to RNA sequence%2C mRNA (same species):RefSeq:NM_001111364.1;product=NADPH cytochrome P450 reductase;transcript_id=NM_001111364.1	NM_001111364.1	Name	
NM_001111356.1	1.422296	0.626032	0.799621	1.873417	0.29254	0.387327	0.9002055000000001	1.873417	NC_085127.1	10355834	10360951	+	rna-NM_001111356.1	NM_001111356.1	NM_001111356.1	Cyp6au1	cytochrome P450 Cyp6AU1	mRNA	ID=rna-NM_001111356.1;Parent=gene-Cyp6au1;Dbxref=GeneID:100127026,GenBank:NM_001111356.1;Name=NM_001111356.1;Note=The RefSeq transcript has 1 substitution compared to this genomic sequence;exception=annotated by transcript or proteomic data;gbkey=mRNA;gene=Cyp6au1;inference=similar to RNA sequence%2C mRNA (same species):RefSeq:NM_001111356.1;product=cytochrome P450 Cyp6AU1;transcript_id=NM_001111356.1	NM_001111356.1	Name	CYP6AU1
XM_062676238.1	0.625154	1.229927	0.46648	0.775576	0.221983	1.942107	0.8768711666666666	1.942107	NC_085132.1	11350260	11377982	-	rna-XM_062676238.1	XM_062676238.1	XM_062676238.1	CYP340C1	cytochrome P450 4C1-like, transcript variant X1	mRNA	ID=rna-XM_062676238.1;Parent=gene-CYP340C1;Dbxref=GeneID:101742493,GenBank:XM_062676238.1;Name=XM_062676238.1;experiment=COORDINATES: polyA evidence [ECO:0006239];gbkey=mRNA;gene=CYP340C1;model_evidence=Supporting evidence includes similarity to: 11 Proteins%2C 178 long SRA reads;product=cytochrome P450 4C1-like%2C transcript variant X1;transcript_id=XM_062676238.1	XM_062676238.1	Name	CYP340C1
NM_001110363.1	0.92142	0.937665	1.190973	0.785261	0.488821	0.72979	0.8423216666666667	1.190973	NC_085111.1	11927547	11939846	-	rna-NM_001110363.1	NM_001110363.1	NM_001110363.1	Cyp4m5	cytochrome P450 monooxygenase Cyp4M5	mRNA	ID=rna-NM_001110363.1;Parent=gene-Cyp4m5;Dbxref=GeneID:100126560,GenBank:NM_001110363.1;Name=NM_001110363.1;Note=The RefSeq transcript has 2 substitutions compared to this genomic sequence;exception=annotated by transcript or proteomic data;gbkey=mRNA;gene=Cyp4m5;inference=similar to RNA sequence%2C mRNA (same species):RefSeq:NM_001110363.1;product=cytochrome P450 monooxygenase Cyp4M5;transcript_id=NM_001110363.1	NM_001110363.1	Name	CYP4M5
NM_001112752.1	0.343475	0.429867	0.515598	0.689309	1.331921	0.883394	0.6989273333333333	1.331921	NC_085119.1	10749376	10760868	-	rna-NM_001112752.1	NM_001112752.1	NM_001112752.1	Cyp4g25	cytochrome P450 CYP4G25	mRNA	ID=rna-NM_001112752.1;Parent=gene-Cyp4g25;Dbxref=GeneID:100127117,GenBank:NM_001112752.1;Name=NM_001112752.1;Note=The RefSeq transcript has 1 substitution and aligns at 98%25 coverage compared to this genomic sequence;end_range=10760868,.;exception=annotated by transcript or proteomic data;gbkey=mRNA;gene=Cyp4g25;inference=similar to RNA sequence%2C mRNA (same species):RefSeq:NM_001112752.1;partial=true;product=cytochrome P450 CYP4G25;transcript_id=NM_001112752.1	NM_001112752.1	Name	CYP4G25
XM_038013450.2	0.504895	0.516336	0.719931	0.758397	0.824522	0.495578	0.6366098333333333	0.824522	NC_085116.1	2579419	2587320	+	rna-XM_038013450.2	XM_038013450.2	XM_038013450.2	LOC134198643	cytochrome P450 6B2-like	mRNA	ID=rna-XM_038013450.2;Parent=gene-LOC134198643;Dbxref=GeneID:134198643,GenBank:XM_038013450.2;Name=XM_038013450.2;experiment=COORDINATES: polyA evidence [ECO:0006239];gbkey=mRNA;gene=LOC134198643;model_evidence=Supporting evidence includes similarity to: 40 Proteins%2C 524 long SRA reads;product=cytochrome P450 6B2-like;transcript_id=XM_038013450.2	XM_038013450.2	Name	CYP6B2-LIKE
XM_004932069.5	0.384616	0.693794	1.679989	0.195439	0.458412	0.0	0.5687083333333333	1.679989	NC_085114.1	8579562	8586020	-	rna-XM_004932069.5	XM_004932069.5	XM_004932069.5	LOC101736730	cytochrome P450 CYP12A2, transcript variant X1	mRNA	ID=rna-XM_004932069.5;Parent=gene-LOC101736730;Dbxref=GeneID:101736730,GenBank:XM_004932069.5;Name=XM_004932069.5;experiment=COORDINATES: polyA evidence [ECO:0006239];gbkey=mRNA;gene=LOC101736730;model_evidence=Supporting evidence includes similarity to: 2 mRNAs%2C 1 EST%2C 30 Proteins%2C 399 long SRA reads;product=cytochrome P450 CYP12A2%2C transcript variant X1;transcript_id=XM_004932069.5	XM_004932069.5	Name	CYP12A2
XM_012695537.4	0.0	0.0	0.456943	0.0	1.7923	0.972385	0.536938	1.7923	NC_085114.1	8579562	8585650	-	rna-XM_012695537.4	XM_012695537.4	XM_012695537.4	LOC101736730	cytochrome P450 CYP12A2, transcript variant X3	mRNA	ID=rna-XM_012695537.4;Parent=gene-LOC101736730;Dbxref=GeneID:101736730,GenBank:XM_012695537.4;Name=XM_012695537.4;experiment=COORDINATES: polyA evidence [ECO:0006239];gbkey=mRNA;gene=LOC101736730;model_evidence=Supporting evidence includes similarity to: 1 EST%2C 14 Proteins%2C 210 long SRA reads;product=cytochrome P450 CYP12A2%2C transcript variant X3;transcript_id=XM_012695537.4	XM_012695537.4	Name	CYP12A2
XM_062670670.1	1.286636	0.428691	0.105734	0.52374	0.576989	0.086769	0.5014264999999999	1.286636	NC_085116.1	10472435	10489037	-	rna-XM_062670670.1	XM_062670670.1	XM_062670670.1	LOC101740852	cytochrome P450 18a1, transcript variant X2	mRNA	ID=rna-XM_062670670.1;Parent=gene-LOC101740852;Dbxref=GeneID:101740852,GenBank:XM_062670670.1;Name=XM_062670670.1;experiment=COORDINATES: polyA evidence [ECO:0006239];gbkey=mRNA;gene=LOC101740852;model_evidence=Supporting evidence includes similarity to: 2 mRNAs%2C 3 ESTs%2C 8 Proteins%2C 84 long SRA reads;product=cytochrome P450 18a1%2C transcript variant X2;transcript_id=XM_062670670.1	XM_062670670.1	Name	CYP18A1
NM_001279415.2	0.899486	0.20023	0.790681	0.634336	0.056138	0.402736	0.4972678333333333	0.899486	NC_085125.1	6228409	6231590	+	rna-NM_001279415.2	NM_001279415.2	NM_001279415.2	CYP340	uncharacterized LOC101745204	mRNA	ID=rna-NM_001279415.2;Parent=gene-CYP340;Dbxref=GeneID:101745204,GenBank:NM_001279415.2;Name=NM_001279415.2;exception=annotated by transcript or proteomic data;gbkey=mRNA;gene=CYP340;inference=similar to RNA sequence%2C mRNA (same species):RefSeq:NM_001279415.2;product=uncharacterized LOC101745204;transcript_id=NM_001279415.2	NM_001279415.2	Name	
XM_038015061.2	0.20717	0.616018	1.16264	0.171457	0.247247	0.436096	0.4734379999999999	1.16264	NC_085119.1	4507480	4522476	-	rna-XM_038015061.2	XM_038015061.2	XM_038015061.2	LOC101742941	cytochrome P450 CYP12A2, transcript variant X3	mRNA	ID=rna-XM_038015061.2;Parent=gene-LOC101742941;Dbxref=GeneID:101742941,GenBank:XM_038015061.2;Name=XM_038015061.2;experiment=COORDINATES: polyA evidence [ECO:0006239];gbkey=mRNA;gene=LOC101742941;model_evidence=Supporting evidence includes similarity to: 1 mRNA%2C 44 Proteins%2C 584 long SRA reads;product=cytochrome P450 CYP12A2%2C transcript variant X3;transcript_id=XM_038015061.2	XM_038015061.2	Name	CYP12A2
NM_001146725.1	0.537049	0.422493	0.338356	0.442787	0.723234	0.205495	0.4449023333333333	0.723234	NC_085117.1	12664877	12678923	+	rna-NM_001146725.1	NM_001146725.1	NM_001146725.1	P450	cytochrome P450	mRNA	ID=rna-NM_001146725.1;Parent=gene-P450;Dbxref=GeneID:100286798,GenBank:NM_001146725.1;Name=NM_001146725.1;Note=The RefSeq transcript has 35 substitutions%2C 2 non-frameshifting indels compared to this genomic sequence;exception=annotated by transcript or proteomic data;gbkey=mRNA;gene=P450;inference=similar to RNA sequence%2C mRNA (same species):RefSeq:NM_001146725.1;product=cytochrome P450;transcript_id=NM_001146725.1	NM_001146725.1	Name	
NM_001141942.1	0.727335	0.530915	0.272619	0.413018	0.452895	0.272376	0.4448596666666666	0.727335	NC_085122.1	12759903	12763047	-	rna-NM_001141942.1	NM_001141942.1	NM_001141942.1	cyp6a8	cytochrome P450 Cyp6ae21	mRNA	ID=rna-NM_001141942.1;Parent=gene-cyp6a8;Dbxref=GeneID:100196930,GenBank:NM_001141942.1;Name=NM_001141942.1;Note=The RefSeq transcript has 5 substitutions compared to this genomic sequence;exception=annotated by transcript or proteomic data;gbkey=mRNA;gene=cyp6a8;inference=similar to RNA sequence%2C mRNA (same species):RefSeq:NM_001141942.1;product=cytochrome P450 Cyp6ae21;transcript_id=NM_001141942.1	NM_001141942.1	Name	CYP6A8
XM_062674537.1	0.516801	0.0	0.083363	1.079621	0.207081	0.526751	0.4022695	1.079621	NC_085127.1	9531214	9539497	-	rna-XM_062674537.1	XM_062674537.1	XM_062674537.1	Cyp6b29	cytochrome P450 Cyp6b29, transcript variant X3	mRNA	ID=rna-XM_062674537.1;Parent=gene-Cyp6b29;Dbxref=GeneID:100127122,GenBank:XM_062674537.1;Name=XM_062674537.1;experiment=COORDINATES: polyA evidence [ECO:0006239];gbkey=mRNA;gene=Cyp6b29;model_evidence=Supporting evidence includes similarity to: 1 EST%2C 192 Proteins%2C 333 long SRA reads;product=cytochrome P450 Cyp6b29%2C transcript variant X3;transcript_id=XM_062674537.1	XM_062674537.1	Name	CYP6B29
XM_038012242.2	0.442038	0.0	1.060981	0.447163	0.0	0.0	0.3250303333333333	1.060981	NC_085114.1	3705773	3738443	-	rna-XM_038012242.2	XM_038012242.2	XM_038012242.2	LOC101736880	probable cytochrome P450 49a1-like, transcript variant X1	mRNA	ID=rna-XM_038012242.2;Parent=gene-LOC101736880;Dbxref=GeneID:101736880,GenBank:XM_038012242.2;Name=XM_038012242.2;experiment=COORDINATES: polyA evidence [ECO:0006239];gbkey=mRNA;gene=LOC101736880;model_evidence=Supporting evidence includes similarity to: 1 mRNA%2C 2 ESTs%2C 2 Proteins%2C 355 long SRA reads;product=probable cytochrome P450 49a1-like%2C transcript variant X1;transcript_id=XM_038012242.2	XM_038012242.2	Name	CYP49A1-LIKE
XM_062674536.1	0.295987	0.334218	0.0	0.726544	0.068362	0.345698	0.2951348333333333	0.726544	NC_085127.1	9531214	9539508	-	rna-XM_062674536.1	XM_062674536.1	XM_062674536.1	Cyp6b29	cytochrome P450 Cyp6b29, transcript variant X2	mRNA	ID=rna-XM_062674536.1;Parent=gene-Cyp6b29;Dbxref=GeneID:100127122,GenBank:XM_062674536.1;Name=XM_062674536.1;experiment=COORDINATES: polyA evidence [ECO:0006239];gbkey=mRNA;gene=Cyp6b29;model_evidence=Supporting evidence includes similarity to: 1 EST%2C 192 Proteins%2C 337 long SRA reads;product=cytochrome P450 Cyp6b29%2C transcript variant X2;transcript_id=XM_062674536.1	XM_062674536.1	Name	CYP6B29
XM_012696609.4	0.386179	0.324818	0.177931	0.127519	0.148813	0.108143	0.2122338333333333	0.386179	NC_085122.1	12735070	12742157	-	rna-XM_012696609.4	XM_012696609.4	XM_012696609.4	LOC101738834	cytochrome P450 6B2	mRNA	ID=rna-XM_012696609.4;Parent=gene-LOC101738834;Dbxref=GeneID:101738834,GenBank:XM_012696609.4;Name=XM_012696609.4;Note=The sequence of the model RefSeq transcript was modified relative to this genomic sequence to represent the inferred CDS: deleted 2 bases in 1 codon;exception=unclassified transcription discrepancy;experiment=COORDINATES: polyA evidence [ECO:0006239];gbkey=mRNA;gene=LOC101738834;model_evidence=Supporting evidence includes similarity to: 70 Proteins%2C 16 long SRA reads;product=cytochrome P450 6B2;transcript_id=XM_012696609.4	XM_012696609.4	Name	CYP6B2
NM_001043488.1	0.261185	0.284649	0.19606	0.323416	0.085934	0.071258	0.2037503333333333	0.323416	NC_085128.1	9453773	9462922	-	rna-NM_001043488.1	NM_001043488.1	NM_001043488.1	Cyp302a1	cytochrome P450 302A1	mRNA	ID=rna-NM_001043488.1;Parent=gene-Cyp302a1;Dbxref=GeneID:692499,GenBank:NM_001043488.1;Name=NM_001043488.1;Note=The RefSeq transcript has 3 substitutions%2C 1 non-frameshifting indel and aligns at 99%25 coverage compared to this genomic sequence;end_range=9462922,.;exception=annotated by transcript or proteomic data;gbkey=mRNA;gene=Cyp302a1;inference=similar to RNA sequence%2C mRNA (same species):RefSeq:NM_001043488.1;partial=true;product=cytochrome P450 302A1;transcript_id=NM_001043488.1	NM_001043488.1	Name	CYP302A1
XM_038012512.2	0.170389	0.0	0.0	0.438148	0.256133	0.35582	0.203415	0.438148	NC_085114.1	8580747	8585877	-	rna-XM_038012512.2	XM_038012512.2	XM_038012512.2	LOC101736730	cytochrome P450 CYP12A2, transcript variant X5	mRNA	ID=rna-XM_038012512.2;Parent=gene-LOC101736730;Dbxref=GeneID:101736730,GenBank:XM_038012512.2;Name=XM_038012512.2;experiment=COORDINATES: polyA evidence [ECO:0006239];gbkey=mRNA;gene=LOC101736730;model_evidence=Supporting evidence includes similarity to: 9 Proteins%2C 14 long SRA reads;product=cytochrome P450 CYP12A2%2C transcript variant X5;transcript_id=XM_038012512.2	XM_038012512.2	Name	CYP12A2
NM_001279508.1	0.394196	0.0	0.042242	0.191875	0.050958	0.450248	0.1882531666666666	0.450248	NC_085128.1	13767523	13776781	+	rna-NM_001279508.1	NM_001279508.1	NM_001279508.1	CYP341B1	cytochrome P450 4C1-like	mRNA	ID=rna-NM_001279508.1;Parent=gene-CYP341B1;Dbxref=GeneID:101743078,GenBank:NM_001279508.1;Name=NM_001279508.1;Note=The RefSeq transcript aligns at 99%25 coverage compared to this genomic sequence;exception=annotated by transcript or proteomic data;gbkey=mRNA;gene=CYP341B1;inference=similar to RNA sequence%2C mRNA (same species):RefSeq:NM_001279508.1;partial=true;product=cytochrome P450 4C1-like;start_range=.,13767523;transcript_id=NM_001279508.1	NM_001279508.1	Name	CYP341B1
XM_062674538.1	0.0	0.0	0.682022	0.0	0.382782	0.0	0.1774673333333333	0.682022	NC_085127.1	9531214	9539483	-	rna-XM_062674538.1	XM_062674538.1	XM_062674538.1	Cyp6b29	cytochrome P450 Cyp6b29, transcript variant X4	mRNA	ID=rna-XM_062674538.1;Parent=gene-Cyp6b29;Dbxref=GeneID:100127122,GenBank:XM_062674538.1;Name=XM_062674538.1;experiment=COORDINATES: polyA evidence [ECO:0006239];gbkey=mRNA;gene=Cyp6b29;model_evidence=Supporting evidence includes similarity to: 1 EST%2C 192 Proteins%2C 340 long SRA reads;product=cytochrome P450 Cyp6b29%2C transcript variant X4;transcript_id=XM_062674538.1	XM_062674538.1	Name	CYP6B29
NM_001111357.1	0.098689	0.0	0.147941	0.476668	0.0	0.197062	0.1533933333333333	0.476668	NC_085121.1	16235845	16239216	-	rna-NM_001111357.1	NM_001111357.1	NM_001111357.1	Cyp337a1	cytochrome P450	mRNA	ID=rna-NM_001111357.1;Parent=gene-Cyp337a1;Dbxref=GeneID:100127027,GenBank:NM_001111357.1;Name=NM_001111357.1;Note=The RefSeq transcript has 4 substitutions compared to this genomic sequence;exception=annotated by transcript or proteomic data;gbkey=mRNA;gene=Cyp337a1;inference=similar to RNA sequence%2C mRNA (same species):RefSeq:NM_001111357.1;product=cytochrome P450;transcript_id=NM_001111357.1	NM_001111357.1	Name	CYP337A1
XM_062674535.1	0.47831	0.0	0.382662	0.059248	0.0	0.0	0.15337	0.47831	NC_085127.1	9531214	9539475	-	rna-XM_062674535.1	XM_062674535.1	XM_062674535.1	Cyp6b29	cytochrome P450 Cyp6b29, transcript variant X1	mRNA	ID=rna-XM_062674535.1;Parent=gene-Cyp6b29;Dbxref=GeneID:100127122,GenBank:XM_062674535.1;Name=XM_062674535.1;experiment=COORDINATES: polyA evidence [ECO:0006239];gbkey=mRNA;gene=Cyp6b29;model_evidence=Supporting evidence includes similarity to: 1 EST%2C 192 Proteins%2C 331 long SRA reads;product=cytochrome P450 Cyp6b29%2C transcript variant X1;transcript_id=XM_062674535.1	XM_062674535.1	Name	CYP6B29
XM_038018410.2	0.222228	0.0	0.0	0.384913	0.0	0.279551	0.147782	0.384913	NC_085127.1	13657774	13678900	-	rna-XM_038018410.2	XM_038018410.2	XM_038018410.2	LOC101737728	cytochrome P450 4C1, transcript variant X1	mRNA	ID=rna-XM_038018410.2;Parent=gene-LOC101737728;Dbxref=GeneID:101737728,GenBank:XM_038018410.2;Name=XM_038018410.2;experiment=COORDINATES: polyA evidence [ECO:0006239];gbkey=mRNA;gene=LOC101737728;model_evidence=Supporting evidence includes similarity to: 1 mRNA%2C 83 Proteins%2C 594 long SRA reads;product=cytochrome P450 4C1%2C transcript variant X1;transcript_id=XM_038018410.2	XM_038018410.2	Name	CYP4C1
XM_004922021.5	0.0	0.0	0.0	0.176037	0.587502	0.058984	0.1370871666666666	0.587502	NC_085132.1	6972391	6982502	-	rna-XM_004922021.5	XM_004922021.5	XM_004922021.5	LOC101738194	cytochrome P450 4c21, transcript variant X1	mRNA	ID=rna-XM_004922021.5;Parent=gene-LOC101738194;Dbxref=GeneID:101738194,GenBank:XM_004922021.5;Name=XM_004922021.5;experiment=COORDINATES: polyA evidence [ECO:0006239];gbkey=mRNA;gene=LOC101738194;model_evidence=Supporting evidence includes similarity to: 3 mRNAs%2C 2 ESTs%2C 6 Proteins%2C 44 long SRA reads;product=cytochrome P450 4c21%2C transcript variant X1;transcript_id=XM_004922021.5	XM_004922021.5	Name	CYP4C21
XM_021352365.3	0.138797	0.141438	0.117962	0.239807	0.05812	0.091857	0.1313301666666666	0.239807	NC_085107.1	1056040	1071182	+	rna-XM_021352365.3	XM_021352365.3	XM_021352365.3	LOC101743283	probable cytochrome P450 303a1, transcript variant X2	mRNA	ID=rna-XM_021352365.3;Parent=gene-LOC101743283;Dbxref=GeneID:101743283,GenBank:XM_021352365.3;Name=XM_021352365.3;experiment=COORDINATES: polyA evidence [ECO:0006239];gbkey=mRNA;gene=LOC101743283;model_evidence=Supporting evidence includes similarity to: 46 Proteins%2C 10 long SRA reads;product=probable cytochrome P450 303a1%2C transcript variant X2;transcript_id=XM_021352365.3	XM_021352365.3	Name	CYP303A1
XM_038013596.2	0.129444	0.139267	0.190945	0.0	0.169783	0.0	0.1049065	0.190945	NC_085117.1	12664174	12678927	+	rna-XM_038013596.2	XM_038013596.2	XM_038013596.2	P450	cytochrome P450, transcript variant X1	mRNA	ID=rna-XM_038013596.2;Parent=gene-P450;Dbxref=GeneID:100286798,GenBank:XM_038013596.2;Name=XM_038013596.2;experiment=COORDINATES: polyA evidence [ECO:0006239];gbkey=mRNA;gene=P450;model_evidence=Supporting evidence includes similarity to: 3 mRNAs%2C 4 ESTs%2C 61 Proteins%2C 117 long SRA reads;product=cytochrome P450%2C transcript variant X1;transcript_id=XM_038013596.2	XM_038013596.2	Name	
XM_038018324.2	0.134862	0.110173	0.067591	0.089466	0.05404	0.160639	0.1027951666666666	0.160639	NC_085127.1	13691782	13704946	-	rna-XM_038018324.2	XM_038018324.2	XM_038018324.2	LOC101743022	cytochrome P450 4C1-like, transcript variant X1	mRNA	ID=rna-XM_038018324.2;Parent=gene-LOC101743022;Dbxref=GeneID:101743022,GenBank:XM_038018324.2;Name=XM_038018324.2;experiment=COORDINATES: polyA evidence [ECO:0006239];gbkey=mRNA;gene=LOC101743022;model_evidence=Supporting evidence includes similarity to: 32 Proteins%2C 67 long SRA reads;product=cytochrome P450 4C1-like%2C transcript variant X1;transcript_id=XM_038018324.2	XM_038018324.2	Name	CYP4C1-LIKE
XM_062674539.1	0.127364	0.473338	0.0	0.0	0.0	0.0	0.100117	0.473338	NC_085127.1	9531214	9539466	-	rna-XM_062674539.1	XM_062674539.1	XM_062674539.1	Cyp6b29	cytochrome P450 Cyp6b29, transcript variant X5	mRNA	ID=rna-XM_062674539.1;Parent=gene-Cyp6b29;Dbxref=GeneID:100127122,GenBank:XM_062674539.1;Name=XM_062674539.1;experiment=COORDINATES: polyA evidence [ECO:0006239];gbkey=mRNA;gene=Cyp6b29;model_evidence=Supporting evidence includes similarity to: 1 EST%2C 192 Proteins%2C 330 long SRA reads;product=cytochrome P450 Cyp6b29%2C transcript variant X5;transcript_id=XM_062674539.1	XM_062674539.1	Name	CYP6B29
NM_001083609.2	0.134303	0.123853	0.060458	0.228762	0.024305	0.026852	0.0997555	0.228762	NC_085116.1	10410242	10412803	-	rna-NM_001083609.2	NM_001083609.2	NM_001083609.2	Cyp18a1	cytochrome P450 18a1	mRNA	ID=rna-NM_001083609.2;Parent=gene-Cyp18a1;Dbxref=GeneID:100036578,GenBank:NM_001083609.2;Name=NM_001083609.2;Note=The RefSeq transcript has 1 substitution compared to this genomic sequence;exception=annotated by transcript or proteomic data;gbkey=mRNA;gene=Cyp18a1;inference=similar to RNA sequence%2C mRNA (same species):RefSeq:NM_001083609.2;product=cytochrome P450 18a1;transcript_id=NM_001083609.2	NM_001083609.2	Name	CYP18A1
NM_001287830.1	0.024472	0.293383	0.055105	0.041671	0.066429	0.09791	0.096495	0.293383	NC_085120.1	2941300	2964598	+	rna-NM_001287830.1	NM_001287830.1	NM_001287830.1	CYP49A1	probable cytochrome P450 49a1-like	mRNA	ID=rna-NM_001287830.1;Parent=gene-CYP49A1;Dbxref=GeneID:101737184,GenBank:NM_001287830.1;Name=NM_001287830.1;gbkey=mRNA;gene=CYP49A1;product=probable cytochrome P450 49a1-like;transcript_id=NM_001287830.1	NM_001287830.1	Name	CYP49A1
NM_001112755.1	0.094876	0.087486	0.237068	0.081818	0.028615	0.031591	0.0935756666666666	0.237068	NC_085127.1	9531712	9535320	-	rna-NM_001112755.1	NM_001112755.1	NM_001112755.1	Cyp6b29	cytochrome P450 Cyp6b29	mRNA	ID=rna-NM_001112755.1;Parent=gene-Cyp6b29;Dbxref=GeneID:100127122,GenBank:NM_001112755.1;Name=NM_001112755.1;Note=The RefSeq transcript has 18 substitutions compared to this genomic sequence;exception=annotated by transcript or proteomic data;gbkey=mRNA;gene=Cyp6b29;inference=similar to RNA sequence%2C mRNA (same species):RefSeq:NM_001112755.1;product=cytochrome P450 Cyp6b29;transcript_id=NM_001112755.1	NM_001112755.1	Name	CYP6B29
XR_009973579.1	0.230575	0.0	0.154424	0.094262	0.014776	0.0	0.0823395	0.230575	NC_085114.1	10705719	10712801	+	rna-XR_009973579.1	XR_009973579.1	XR_009973579.1	Cyp315a1	cytochrome P450, transcript variant X2	misc_RNA	ID=rna-XR_009973579.1;Parent=gene-Cyp315a1;Dbxref=GeneID:100127120,GenBank:XR_009973579.1;Name=XR_009973579.1;gbkey=misc_RNA;gene=Cyp315a1;model_evidence=Supporting evidence includes similarity to: 1 long SRA read;product=cytochrome P450%2C transcript variant X2;transcript_id=XR_009973579.1	XR_009973579.1	Name	CYP315A1
XM_062670805.1	0.0	0.0	0.0	0.291602	0.0	0.18506	0.0794436666666666	0.291602	NC_085117.1	12665038	12678927	+	rna-XM_062670805.1	XM_062670805.1	XM_062670805.1	P450	cytochrome P450, transcript variant X2	mRNA	ID=rna-XM_062670805.1;Parent=gene-P450;Dbxref=GeneID:100286798,GenBank:XM_062670805.1;Name=XM_062670805.1;experiment=COORDINATES: polyA evidence [ECO:0006239];gbkey=mRNA;gene=P450;model_evidence=Supporting evidence includes similarity to: 2 mRNAs%2C 4 ESTs%2C 61 Proteins%2C 117 long SRA reads;product=cytochrome P450%2C transcript variant X2;transcript_id=XM_062670805.1	XM_062670805.1	Name	
XM_038020566.2	0.0	0.0	0.022406	0.0	0.397243	0.02985	0.0749165	0.397243	NC_085132.1	6926706	6937079	-	rna-XM_038020566.2	XM_038020566.2	XM_038020566.2	LOC101745062	cytochrome P450 4c21	mRNA	ID=rna-XM_038020566.2;Parent=gene-LOC101745062;Dbxref=GeneID:101745062,GenBank:XM_038020566.2;Name=XM_038020566.2;experiment=COORDINATES: polyA evidence [ECO:0006239];gbkey=mRNA;gene=LOC101745062;model_evidence=Supporting evidence includes similarity to: 1 mRNA%2C 11 Proteins%2C 50 long SRA reads;product=cytochrome P450 4c21;transcript_id=XM_038020566.2	XM_038020566.2	Name	CYP4C21
XM_038016273.2	0.0	0.095297	0.0	0.158183	0.167882	0.0	0.070227	0.167882	NC_085122.1	12719390	12734705	-	rna-XM_038016273.2	XM_038016273.2	XM_038016273.2	LOC119629670	cytochrome P450 6B5-like	mRNA	ID=rna-XM_038016273.2;Parent=gene-LOC119629670;Dbxref=GeneID:119629670,GenBank:XM_038016273.2;Name=XM_038016273.2;experiment=COORDINATES: polyA evidence [ECO:0006239];gbkey=mRNA;gene=LOC119629670;model_evidence=Supporting evidence includes similarity to: 12 Proteins%2C 24 long SRA reads;product=cytochrome P450 6B5-like;transcript_id=XM_038016273.2	XM_038016273.2	Name	CYP6B5-LIKE
XM_062674774.1	0.0	0.233637	0.0364	0.0	0.102588	0.0	0.0621041666666666	0.233637	NC_085127.1	13657774	13690963	-	rna-XM_062674774.1	XM_062674774.1	XM_062674774.1	LOC101737728	cytochrome P450 4C1, transcript variant X6	mRNA	ID=rna-XM_062674774.1;Parent=gene-LOC101737728;Dbxref=GeneID:101737728,GenBank:XM_062674774.1;Name=XM_062674774.1;experiment=COORDINATES: polyA evidence [ECO:0006239];gbkey=mRNA;gene=LOC101737728;model_evidence=Supporting evidence includes similarity to: 46 Proteins%2C 372 long SRA reads;product=cytochrome P450 4C1%2C transcript variant X6;transcript_id=XM_062674774.1	XM_062674774.1	Name	CYP4C1
NM_001111363.1	0.125104	0.02848	0.036126	0.114378	0.034808	0.022036	0.0601553333333333	0.125104	NC_085117.1	1331665	1342671	+	rna-NM_001111363.1	NM_001111363.1	NM_001111363.1	Cyp307a1	cytochrome P450	mRNA	ID=rna-NM_001111363.1;Parent=gene-Cyp307a1;Dbxref=GeneID:100127052,GenBank:NM_001111363.1;Name=NM_001111363.1;Note=The RefSeq transcript has 145 substitutions%2C 28 non-frameshifting indels and aligns at 79%25 coverage compared to this genomic sequence;exception=annotated by transcript or proteomic data;gbkey=mRNA;gene=Cyp307a1;inference=similar to RNA sequence%2C mRNA (same species):RefSeq:NM_001111363.1;partial=true;product=cytochrome P450;start_range=.,1331665;transcript_id=NM_001111363.1	NM_001111363.1	Name	CYP307A1
XM_062673181.1	0.094567	0.023703	0.149865	0.021829	0.023227	0.02577	0.0564935	0.149865	NC_085123.1	16141215	16153678	+	rna-XM_062673181.1	XM_062673181.1	XM_062673181.1	Cyp9a22	cytochrome P450 CYP9A22, transcript variant X2	mRNA	ID=rna-XM_062673181.1;Parent=gene-Cyp9a22;Dbxref=GeneID:100124424,GenBank:XM_062673181.1;Name=XM_062673181.1;experiment=COORDINATES: polyA evidence [ECO:0006239];gbkey=mRNA;gene=Cyp9a22;model_evidence=Supporting evidence includes similarity to: 5 mRNAs%2C 1 EST%2C 364 Proteins%2C 890 long SRA reads;product=cytochrome P450 CYP9A22%2C transcript variant X2;transcript_id=XM_062673181.1	XM_062673181.1	Name	CYP9A22
XM_038020564.2	0.0	0.026677	0.0	0.098575	0.191458	0.0	0.052785	0.191458	NC_085132.1	6901694	6911145	-	rna-XM_038020564.2	XM_038020564.2	XM_038020564.2	LOC101741697	cytochrome P450 4c21	mRNA	ID=rna-XM_038020564.2;Parent=gene-LOC101741697;Dbxref=GeneID:101741697,GenBank:XM_038020564.2;Name=XM_038020564.2;experiment=COORDINATES: polyA evidence [ECO:0006239];gbkey=mRNA;gene=LOC101741697;model_evidence=Supporting evidence includes similarity to: 11 Proteins%2C 184 long SRA reads;product=cytochrome P450 4c21;transcript_id=XM_038020564.2	XM_038020564.2	Name	CYP4C21
NM_001287834.1	0.098746	0.054635	0.014835	0.050411	0.089336	0.0	0.0513271666666666	0.098746	NC_085132.1	7049147	7061429	+	rna-NM_001287834.1	NM_001287834.1	NM_001287834.1	CYP340A3	cytochrome P450 4c21-like	mRNA	ID=rna-NM_001287834.1;Parent=gene-CYP340A3;Dbxref=GeneID:101738465,GenBank:NM_001287834.1;Name=NM_001287834.1;gbkey=mRNA;gene=CYP340A3;product=cytochrome P450 4c21-like;transcript_id=NM_001287834.1	NM_001287834.1	Name	CYP340A3
XM_062674771.1	0.0	0.0	0.0	0.0	0.306106	0.0	0.0510176666666666	0.306106	NC_085127.1	13323729	13344209	-	rna-XM_062674771.1	XM_062674771.1	XM_062674771.1	LOC101736314	cytochrome P450 6B1, transcript variant X5	mRNA	ID=rna-XM_062674771.1;Parent=gene-LOC101736314;Dbxref=GeneID:101736314,GenBank:XM_062674771.1;Name=XM_062674771.1;experiment=COORDINATES: polyA evidence [ECO:0006239];gbkey=mRNA;gene=LOC101736314;model_evidence=Supporting evidence includes similarity to: 44 Proteins%2C 564 long SRA reads;product=cytochrome P450 6B1%2C transcript variant X5;transcript_id=XM_062674771.1	XM_062674771.1	Name	CYP6B1
NM_001309538.1	0.0	0.0	0.018874	0.171313	0.045512	0.050302	0.0476668333333333	0.171313	NC_085119.1	11909499	11917916	+	rna-NM_001309538.1	NM_001309538.1	NM_001309538.1	LOC101745427	cytochrome P450 4g15-like	mRNA	ID=rna-NM_001309538.1;Parent=gene-LOC101745427;Dbxref=GeneID:101745427,GenBank:NM_001309538.1;Name=NM_001309538.1;gbkey=mRNA;gene=LOC101745427;product=cytochrome P450 4g15-like;transcript_id=NM_001309538.1	NM_001309538.1	Name	CYP4G15-LIKE
XM_062673459.1	0.037177	0.011427	0.055918	0.0	0.179348	0.0	0.0473116666666666	0.179348	NC_085123.1	15018608	15040521	-	rna-XM_062673459.1	XM_062673459.1	XM_062673459.1	LOC101742830	cytochrome P450 9e2, transcript variant X3	mRNA	ID=rna-XM_062673459.1;Parent=gene-LOC101742830;Dbxref=GeneID:101742830,GenBank:XM_062673459.1;Name=XM_062673459.1;experiment=COORDINATES: polyA evidence [ECO:0006239];gbkey=mRNA;gene=LOC101742830;model_evidence=Supporting evidence includes similarity to: 54 Proteins%2C 10 long SRA reads;product=cytochrome P450 9e2%2C transcript variant X3;transcript_id=XM_062673459.1	XM_062673459.1	Name	CYP9E2
NM_001114984.1	0.102511	0.0709	0.0	0.109113	0.0	0.0	0.0470873333333333	0.109113	NC_085123.1	15438576	15446526	+	rna-NM_001114984.1	NM_001114984.1	NM_001114984.1	Cyp9g3	cytochrome P450 9G3	mRNA	ID=rna-NM_001114984.1;Parent=gene-Cyp9g3;Dbxref=GeneID:100141326,GenBank:NM_001114984.1;Name=NM_001114984.1;Note=The RefSeq transcript has 1 substitution%2C 1 non-frameshifting indel compared to this genomic sequence;exception=annotated by transcript or proteomic data;gbkey=mRNA;gene=Cyp9g3;inference=similar to RNA sequence%2C mRNA (same species):RefSeq:NM_001114984.1;product=cytochrome P450 9G3;transcript_id=NM_001114984.1	NM_001114984.1	Name	CYP9G3
XM_038016272.2	0.075133	0.0	0.078757	0.032787	0.0	0.062406	0.0415138333333333	0.078757	NC_085122.1	12700223	12719025	-	rna-XM_038016272.2	XM_038016272.2	XM_038016272.2	LOC101738966	cytochrome P450 6B5	mRNA	ID=rna-XM_038016272.2;Parent=gene-LOC101738966;Dbxref=GeneID:101738966,GenBank:XM_038016272.2;Name=XM_038016272.2;experiment=COORDINATES: polyA evidence [ECO:0006239];gbkey=mRNA;gene=LOC101738966;model_evidence=Supporting evidence includes similarity to: 40 Proteins%2C 22 long SRA reads;product=cytochrome P450 6B5;transcript_id=XM_038016272.2	XM_038016272.2	Name	CYP6B5
XM_038018413.2	0.0	0.0	0.149861	0.0	0.0	0.08277	0.0387718333333333	0.149861	NC_085127.1	13657774	13679652	-	rna-XM_038018413.2	XM_038018413.2	XM_038018413.2	LOC101737728	cytochrome P450 4C1, transcript variant X3	mRNA	ID=rna-XM_038018413.2;Parent=gene-LOC101737728;Dbxref=GeneID:101737728,GenBank:XM_038018413.2;Name=XM_038018413.2;experiment=COORDINATES: polyA evidence [ECO:0006239];gbkey=mRNA;gene=LOC101737728;model_evidence=Supporting evidence includes similarity to: 83 Proteins%2C 393 long SRA reads;product=cytochrome P450 4C1%2C transcript variant X3;transcript_id=XM_038018413.2	XM_038018413.2	Name	CYP4C1
XM_038014631.2	0.0	0.0	0.0	0.0	0.226164	0.0	0.037694	0.226164	NC_085107.1	7432859	7455935	+	rna-XM_038014631.2	XM_038014631.2	XM_038014631.2	Cyp305b1	cytochrome P450 Cyp305B1, transcript variant X3	mRNA	ID=rna-XM_038014631.2;Parent=gene-Cyp305b1;Dbxref=GeneID:100127103,GenBank:XM_038014631.2;Name=XM_038014631.2;experiment=COORDINATES: polyA evidence [ECO:0006239];gbkey=mRNA;gene=Cyp305b1;model_evidence=Supporting evidence includes similarity to: 24 Proteins%2C 81 long SRA reads;product=cytochrome P450 Cyp305B1%2C transcript variant X3;transcript_id=XM_038014631.2	XM_038014631.2	Name	CYP305B1
XM_062676239.1	0.085574	0.120815	0.0	0.0	0.0	0.0	0.0343981666666666	0.120815	NC_085132.1	11350260	11374766	-	rna-XM_062676239.1	XM_062676239.1	XM_062676239.1	CYP340C1	cytochrome P450 4C1-like, transcript variant X3	mRNA	ID=rna-XM_062676239.1;Parent=gene-CYP340C1;Dbxref=GeneID:101742493,GenBank:XM_062676239.1;Name=XM_062676239.1;experiment=COORDINATES: polyA evidence [ECO:0006239];gbkey=mRNA;gene=CYP340C1;model_evidence=Supporting evidence includes similarity to: 11 Proteins%2C 95 long SRA reads;product=cytochrome P450 4C1-like%2C transcript variant X3;transcript_id=XM_062676239.1	XM_062676239.1	Name	CYP340C1
XM_062674782.1	0.077432	0.052552	0.0	0.067436	0.0	0.0	0.0329033333333333	0.077432	NC_085127.1	14705870	14724470	-	rna-XM_062674782.1	XM_062674782.1	XM_062674782.1	LOC101744746	cytochrome P450 6k1, transcript variant X1	mRNA	ID=rna-XM_062674782.1;Parent=gene-LOC101744746;Dbxref=GeneID:101744746,GenBank:XM_062674782.1;Name=XM_062674782.1;experiment=COORDINATES: polyA evidence [ECO:0006239];gbkey=mRNA;gene=LOC101744746;model_evidence=Supporting evidence includes similarity to: 24 Proteins%2C 181 long SRA reads;product=cytochrome P450 6k1%2C transcript variant X1;transcript_id=XM_062674782.1	XM_062674782.1	Name	CYP6K1
XM_062673458.1	0.0	0.0	0.0	0.06653	0.0	0.11836	0.030815	0.11836	NC_085123.1	15018608	15040847	-	rna-XM_062673458.1	XM_062673458.1	XM_062673458.1	LOC101742830	cytochrome P450 9e2, transcript variant X1	mRNA	ID=rna-XM_062673458.1;Parent=gene-LOC101742830;Dbxref=GeneID:101742830,GenBank:XM_062673458.1;Name=XM_062673458.1;experiment=COORDINATES: polyA evidence [ECO:0006239];gbkey=mRNA;gene=LOC101742830;model_evidence=Supporting evidence includes similarity to: 58 Proteins%2C 10 long SRA reads;product=cytochrome P450 9e2%2C transcript variant X1;transcript_id=XM_062673458.1	XM_062673458.1	Name	CYP9E2
XM_038018716.2	0.026179	0.046731	0.039163	0.044509	0.01184	0.013124	0.0302576666666666	0.046731	NC_085128.1	12702096	12718085	-	rna-XM_038018716.2	XM_038018716.2	XM_038018716.2	LOC101745455	cytochrome P450 4C1	mRNA	ID=rna-XM_038018716.2;Parent=gene-LOC101745455;Dbxref=GeneID:101745455,GenBank:XM_038018716.2;Name=XM_038018716.2;experiment=COORDINATES: polyA evidence [ECO:0006239];gbkey=mRNA;gene=LOC101745455;model_evidence=Supporting evidence includes similarity to: 2 ESTs%2C 22 Proteins%2C 28 long SRA reads;product=cytochrome P450 4C1;transcript_id=XM_038018716.2	XM_038018716.2	Name	CYP4C1
NM_001279385.1	0.0	0.013487	0.065602	0.060841	0.0	0.02914	0.0281783333333333	0.065602	NC_085121.1	16198234	16203157	-	rna-NM_001279385.1	NM_001279385.1	NM_001279385.1	CYP337A2	cytochrome P450 6B1-like	mRNA	ID=rna-NM_001279385.1;Parent=gene-CYP337A2;Dbxref=GeneID:101739293,GenBank:NM_001279385.1;Name=NM_001279385.1;Note=The RefSeq transcript aligns at 99%25 coverage compared to this genomic sequence;end_range=16203157,.;exception=annotated by transcript or proteomic data;gbkey=mRNA;gene=CYP337A2;inference=similar to RNA sequence%2C mRNA (same species):RefSeq:NM_001279385.1;partial=true;product=cytochrome P450 6B1-like;transcript_id=NM_001279385.1	NM_001279385.1	Name	CYP337A2
XM_062674770.1	0.0	0.019845	0.025917	0.123137	0.0	0.0	0.0281498333333333	0.123137	NC_085127.1	13323729	13344206	-	rna-XM_062674770.1	XM_062674770.1	XM_062674770.1	LOC101736314	cytochrome P450 6B1, transcript variant X4	mRNA	ID=rna-XM_062674770.1;Parent=gene-LOC101736314;Dbxref=GeneID:101736314,GenBank:XM_062674770.1;Name=XM_062674770.1;experiment=COORDINATES: polyA evidence [ECO:0006239];gbkey=mRNA;gene=LOC101736314;model_evidence=Supporting evidence includes similarity to: 44 Proteins%2C 560 long SRA reads;product=cytochrome P450 6B1%2C transcript variant X4;transcript_id=XM_062674770.1	XM_062674770.1	Name	CYP6B1
XM_038017848.2	0.0	0.0	0.0	0.0	0.164875	0.0	0.0274791666666666	0.164875	NC_085109.1	1699703	1718987	+	rna-XM_038017848.2	XM_038017848.2	XM_038017848.2	Cyp366a1	cytochrome P450 CYP366A1, transcript variant X1	mRNA	ID=rna-XM_038017848.2;Parent=gene-Cyp366a1;Dbxref=GeneID:100141433,GenBank:XM_038017848.2;Name=XM_038017848.2;experiment=COORDINATES: polyA evidence [ECO:0006239];gbkey=mRNA;gene=Cyp366a1;model_evidence=Supporting evidence includes similarity to: 2 mRNAs%2C 2 ESTs%2C 6 Proteins%2C 546 long SRA reads;product=cytochrome P450 CYP366A1%2C transcript variant X1;transcript_id=XM_038017848.2	XM_038017848.2	Name	CYP366A1
NM_001114869.1	0.0	0.0	0.0	0.0	0.158732	0.0	0.0264553333333333	0.158732	NC_085109.1	1699761	1718987	+	rna-NM_001114869.1	NM_001114869.1	NM_001114869.1	Cyp366a1	cytochrome P450 CYP366A1	mRNA	ID=rna-NM_001114869.1;Parent=gene-Cyp366a1;Dbxref=GeneID:100141433,GenBank:NM_001114869.1;Name=NM_001114869.1;Note=The RefSeq transcript has 1 substitution compared to this genomic sequence;exception=annotated by transcript or proteomic data;gbkey=mRNA;gene=Cyp366a1;inference=similar to RNA sequence%2C mRNA (same species):RefSeq:NM_001114869.1;product=cytochrome P450 CYP366A1;transcript_id=NM_001114869.1	NM_001114869.1	Name	CYP366A1
XR_009973580.1	0.0	0.052601	0.024653	0.027059	0.0	0.0	0.0173855	0.052601	NC_085114.1	10705719	10712791	+	rna-XR_009973580.1	XR_009973580.1	XR_009973580.1	Cyp315a1	cytochrome P450, transcript variant X3	misc_RNA	ID=rna-XR_009973580.1;Parent=gene-Cyp315a1;Dbxref=GeneID:100127120,GenBank:XR_009973580.1;Name=XR_009973580.1;gbkey=misc_RNA;gene=Cyp315a1;model_evidence=Supporting evidence includes similarity to: 1 long SRA read;product=cytochrome P450%2C transcript variant X3;transcript_id=XR_009973580.1	XR_009973580.1	Name	CYP315A1
XM_062676368.1	0.0	0.075086	0.0	0.023936	0.0	0.0	0.0165036666666666	0.075086	NC_085132.1	11332077	11350549	+	rna-XM_062676368.1	XM_062676368.1	XM_062676368.1	LOC101744935	cytochrome P450 4V2, transcript variant X2	mRNA	ID=rna-XM_062676368.1;Parent=gene-LOC101744935;Dbxref=GeneID:101744935,GenBank:XM_062676368.1;Name=XM_062676368.1;experiment=COORDINATES: polyA evidence [ECO:0006239];gbkey=mRNA;gene=LOC101744935;model_evidence=Supporting evidence includes similarity to: 9 Proteins%2C 81 long SRA reads;product=cytochrome P450 4V2%2C transcript variant X2;transcript_id=XM_062676368.1	XM_062676368.1	Name	CYP4V2
NM_001112749.1	0.0	0.0	0.032305	0.0	0.0	0.064584	0.0161481666666666	0.064584	NC_085107.1	7432972	7455376	+	rna-NM_001112749.1	NM_001112749.1	NM_001112749.1	Cyp305b1	cytochrome P450 Cyp305B1	mRNA	ID=rna-NM_001112749.1;Parent=gene-Cyp305b1;Dbxref=GeneID:100127103,GenBank:NM_001112749.1;Name=NM_001112749.1;Note=The RefSeq transcript has 2 non-frameshifting indels compared to this genomic sequence;exception=annotated by transcript or proteomic data;gbkey=mRNA;gene=Cyp305b1;inference=similar to RNA sequence%2C mRNA (same species):RefSeq:NM_001112749.1;product=cytochrome P450 Cyp305B1;transcript_id=NM_001112749.1	NM_001112749.1	Name	CYP305B1
XM_062670832.1	0.083307	0.012803	0.0	0.0	0.0	0.0	0.0160183333333333	0.083307	NC_085107.1	7412484	7455935	+	rna-XM_062670832.1	XM_062670832.1	XM_062670832.1	Cyp305b1	cytochrome P450 Cyp305B1, transcript variant X1	mRNA	ID=rna-XM_062670832.1;Parent=gene-Cyp305b1;Dbxref=GeneID:100127103,GenBank:XM_062670832.1;Name=XM_062670832.1;experiment=COORDINATES: polyA evidence [ECO:0006239];gbkey=mRNA;gene=Cyp305b1;model_evidence=Supporting evidence includes similarity to: 37 Proteins%2C 166 long SRA reads;product=cytochrome P450 Cyp305B1%2C transcript variant X1;transcript_id=XM_062670832.1	XM_062670832.1	Name	CYP305B1
XM_038018411.2	0.048638	0.0	0.0	0.0	0.0	0.037863	0.0144168333333333	0.048638	NC_085127.1	13657774	13690963	-	rna-XM_038018411.2	XM_038018411.2	XM_038018411.2	LOC101737728	cytochrome P450 4C1, transcript variant X2	mRNA	ID=rna-XM_038018411.2;Parent=gene-LOC101737728;Dbxref=GeneID:101737728,GenBank:XM_038018411.2;Name=XM_038018411.2;experiment=COORDINATES: polyA evidence [ECO:0006239];gbkey=mRNA;gene=LOC101737728;model_evidence=Supporting evidence includes similarity to: 2 mRNAs%2C 83 Proteins%2C 600 long SRA reads;product=cytochrome P450 4C1%2C transcript variant X2;transcript_id=XM_038018411.2	XM_038018411.2	Name	CYP4C1
NM_001114871.1	0.03119	0.0	0.0	0.053158	0.0	0.0	0.014058	0.053158	NC_085119.1	4450209	4463253	+	rna-NM_001114871.1	NM_001114871.1	NM_001114871.1	Cyp4l6	cytochrome P450 CYP4L6	mRNA	ID=rna-NM_001114871.1;Parent=gene-Cyp4l6;Dbxref=GeneID:100141436,GenBank:NM_001114871.1;Name=NM_001114871.1;gbkey=mRNA;gene=Cyp4l6;product=cytochrome P450 CYP4L6;transcript_id=NM_001114871.1	NM_001114871.1	Name	CYP4L6
XM_021348324.3	0.0	0.0	0.0	0.075663	0.0	0.0	0.0126104999999999	0.075663	NC_085123.1	15018608	15040847	-	rna-XM_021348324.3	XM_021348324.3	XM_021348324.3	LOC101742830	cytochrome P450 9e2, transcript variant X2	mRNA	ID=rna-XM_021348324.3;Parent=gene-LOC101742830;Dbxref=GeneID:101742830,GenBank:XM_021348324.3;Name=XM_021348324.3;experiment=COORDINATES: polyA evidence [ECO:0006239];gbkey=mRNA;gene=LOC101742830;model_evidence=Supporting evidence includes similarity to: 58 Proteins%2C 3 long SRA reads;product=cytochrome P450 9e2%2C transcript variant X2;transcript_id=XM_021348324.3	XM_021348324.3	Name	CYP9E2
XM_038017659.2	0.0	0.0	0.0	0.016569	0.017618	0.019499	0.0089476666666666	0.019499	NC_085125.1	9504837	9509717	+	rna-XM_038017659.2	XM_038017659.2	XM_038017659.2	LOC105842283	probable cytochrome P450 49a1	mRNA	ID=rna-XM_038017659.2;Parent=gene-LOC105842283;Dbxref=GeneID:105842283,GenBank:XM_038017659.2;Name=XM_038017659.2;experiment=COORDINATES: polyA evidence [ECO:0006239];gbkey=mRNA;gene=LOC105842283;model_evidence=Supporting evidence includes similarity to: 36 Proteins%2C 8 long SRA reads;product=probable cytochrome P450 49a1;transcript_id=XM_038017659.2	XM_038017659.2	Name	CYP49A1
XM_038018773.2	0.0	0.0	0.015132	0.0	0.018226	0.020169	0.0089211666666666	0.020169	NC_085128.1	17385443	17399516	+	rna-XM_038018773.2	XM_038018773.2	XM_038018773.2	LOC101746891	cytochrome P450 4C1	mRNA	ID=rna-XM_038018773.2;Parent=gene-LOC101746891;Dbxref=GeneID:101746891,GenBank:XM_038018773.2;Name=XM_038018773.2;experiment=COORDINATES: polyA evidence [ECO:0006239];gbkey=mRNA;gene=LOC101746891;model_evidence=Supporting evidence includes similarity to: 11 Proteins%2C 70 long SRA reads;product=cytochrome P450 4C1;transcript_id=XM_038018773.2	XM_038018773.2	Name	CYP4C1
XM_062674775.1	0.0	0.0	0.05324	0.0	0.0	0.0	0.0088733333333333	0.05324	NC_085127.1	13671827	13687898	+	rna-XM_062674775.1	XM_062674775.1	XM_062674775.1	LOC101737305	cytochrome P450 4C1, transcript variant X2	mRNA	ID=rna-XM_062674775.1;Parent=gene-LOC101737305;Dbxref=GeneID:101737305,GenBank:XM_062674775.1;Name=XM_062674775.1;experiment=COORDINATES: polyA evidence [ECO:0006239];gbkey=mRNA;gene=LOC101737305;model_evidence=Supporting evidence includes similarity to: 43 Proteins%2C 189 long SRA reads;product=cytochrome P450 4C1%2C transcript variant X2;transcript_id=XM_062674775.1	XM_062674775.1	Name	CYP4C1
XM_012695234.4	0.0	0.0	0.015789	0.035782	0.0	0.0	0.0085951666666666	0.035782	NC_085109.1	8090014	8105667	-	rna-XM_012695234.4	XM_012695234.4	XM_012695234.4	LOC101737374	cytochrome P450 4c3, transcript variant X2	mRNA	ID=rna-XM_012695234.4;Parent=gene-LOC101737374;Dbxref=GeneID:101737374,GenBank:XM_012695234.4;Name=XM_012695234.4;experiment=COORDINATES: polyA evidence [ECO:0006239];gbkey=mRNA;gene=LOC101737374;model_evidence=Supporting evidence includes similarity to: 19 Proteins%2C 1692 long SRA reads;product=cytochrome P450 4c3%2C transcript variant X2;transcript_id=XM_012695234.4	XM_012695234.4	Name	CYP4C3
XM_062676339.1	0.0	0.0	0.023422	0.026622	0.0	0.0	0.0083406666666666	0.026622	NC_085132.1	7030710	7048307	-	rna-XM_062676339.1	XM_062676339.1	XM_062676339.1	LOC101738326	cytochrome P450 4c21, transcript variant X2	mRNA	ID=rna-XM_062676339.1;Parent=gene-LOC101738326;Dbxref=GeneID:101738326,GenBank:XM_062676339.1;Name=XM_062676339.1;experiment=COORDINATES: polyA evidence [ECO:0006239];gbkey=mRNA;gene=LOC101738326;model_evidence=Supporting evidence includes similarity to: 4 Proteins%2C 5 long SRA reads;product=cytochrome P450 4c21%2C transcript variant X2;transcript_id=XM_062676339.1	XM_062676339.1	Name	CYP4C21
XM_021348619.3	0.0	0.0	0.044141	0.0	0.0	0.0	0.0073568333333333	0.044141	NC_085132.1	6964162	6982504	-	rna-XM_021348619.3	XM_021348619.3	XM_021348619.3	LOC101738194	cytochrome P450 4c21, transcript variant X2	mRNA	ID=rna-XM_021348619.3;Parent=gene-LOC101738194;Dbxref=GeneID:101738194,GenBank:XM_021348619.3;Name=XM_021348619.3;experiment=COORDINATES: polyA evidence [ECO:0006239];gbkey=mRNA;gene=LOC101738194;model_evidence=Supporting evidence includes similarity to: 3 Proteins%2C 9 long SRA reads;product=cytochrome P450 4c21%2C transcript variant X2;transcript_id=XM_021348619.3	XM_021348619.3	Name	CYP4C21
XM_062674767.1	0.043766	0.0	0.0	0.0	0.0	0.0	0.0072943333333333	0.043766	NC_085127.1	13323729	13344589	-	rna-XM_062674767.1	XM_062674767.1	XM_062674767.1	LOC101736314	cytochrome P450 6B1, transcript variant X1	mRNA	ID=rna-XM_062674767.1;Parent=gene-LOC101736314;Dbxref=GeneID:101736314,GenBank:XM_062674767.1;Name=XM_062674767.1;experiment=COORDINATES: polyA evidence [ECO:0006239];gbkey=mRNA;gene=LOC101736314;model_evidence=Supporting evidence includes similarity to: 44 Proteins%2C 899 long SRA reads;product=cytochrome P450 6B1%2C transcript variant X1;transcript_id=XM_062674767.1	XM_062674767.1	Name	CYP6B1
NM_001112748.1	0.0	0.0	0.0	0.0	0.0	0.04193	0.0069883333333333	0.04193	NC_085113.1	6974518	7021513	+	rna-NM_001112748.1	NM_001112748.1	NM_001112748.1	Cyp314a1	ecdysone 20-hydroxylase	mRNA	ID=rna-NM_001112748.1;Parent=gene-Cyp314a1;Dbxref=GeneID:100127102,GenBank:NM_001112748.1;Name=NM_001112748.1;Note=The RefSeq transcript has 13 substitutions%2C 1 non-frameshifting indel compared to this genomic sequence;exception=annotated by transcript or proteomic data;gbkey=mRNA;gene=Cyp314a1;inference=similar to RNA sequence%2C mRNA (same species):RefSeq:NM_001112748.1;product=ecdysone 20-hydroxylase;transcript_id=NM_001112748.1	NM_001112748.1	Name	CYP314A1
XM_038019098.2	0.0	0.0	0.0	0.018562	0.0	0.021827	0.0067314999999999	0.021827	NC_085128.1	12591684	12598207	-	rna-XM_038019098.2	XM_038019098.2	XM_038019098.2	LOC101742018	cytochrome P450 4C1, transcript variant X1	mRNA	ID=rna-XM_038019098.2;Parent=gene-LOC101742018;Dbxref=GeneID:101742018,GenBank:XM_038019098.2;Name=XM_038019098.2;experiment=COORDINATES: polyA evidence [ECO:0006239];gbkey=mRNA;gene=LOC101742018;model_evidence=Supporting evidence includes similarity to: 44 Proteins%2C 469 long SRA reads;product=cytochrome P450 4C1%2C transcript variant X1;transcript_id=XM_038019098.2	XM_038019098.2	Name	CYP4C1
XM_062673174.1	0.0	0.0	0.0	0.0	0.039793	0.0	0.0066321666666666	0.039793	NC_085122.1	12696965	12698664	-	rna-XM_062673174.1	XM_062673174.1	XM_062673174.1	LOC101739111	cytochrome P450 3A19	mRNA	ID=rna-XM_062673174.1;Parent=gene-LOC101739111;Dbxref=GeneID:101739111,GenBank:XM_062673174.1;Name=XM_062673174.1;Note=The sequence of the model RefSeq transcript was modified relative to this genomic sequence to represent the inferred CDS: inserted 2 bases in 1 codon;exception=unclassified transcription discrepancy;gbkey=mRNA;gene=LOC101739111;model_evidence=Supporting evidence includes similarity to: 71 Proteins;product=cytochrome P450 3A19;transcript_id=XM_062673174.1	XM_062673174.1	Name	CYP3A19
NM_001282222.1	0.0	0.0	0.019989	0.0	0.0	0.0	0.0033315	0.019989	NC_085118.1	3827920	3833360	-	rna-NM_001282222.1	NM_001282222.1	NM_001282222.1	CYP338A1	cytochrome P450 6B2-like	mRNA	ID=rna-NM_001282222.1;Parent=gene-CYP338A1;Dbxref=GeneID:101736895,GenBank:NM_001282222.1;Name=NM_001282222.1;gbkey=mRNA;gene=CYP338A1;product=cytochrome P450 6B2-like;transcript_id=NM_001282222.1	NM_001282222.1	Name	CYP338A1
XM_062671892.1	0.0	0.0	0.0	0.0	0.018808	0.0	0.0031346666666666	0.018808	NC_085119.1	11926555	11936802	+	rna-XM_062671892.1	XM_062671892.1	XM_062671892.1	LOC119628325	cytochrome P450 4g15, transcript variant X1	mRNA	ID=rna-XM_062671892.1;Parent=gene-LOC119628325;Dbxref=GeneID:119628325,GenBank:XM_062671892.1;Name=XM_062671892.1;experiment=COORDINATES: polyA evidence [ECO:0006239];gbkey=mRNA;gene=LOC119628325;model_evidence=Supporting evidence includes similarity to: 240 Proteins%2C 1731 long SRA reads;product=cytochrome P450 4g15%2C transcript variant X1;transcript_id=XM_062671892.1	XM_062671892.1	Name	CYP4G15
XM_004926467.5	0.0	0.0	0.0	0.018646	0.0	0.0	0.0031076666666666	0.018646	NC_085128.1	12608037	12620237	-	rna-XM_004926467.5	XM_004926467.5	XM_004926467.5	LOC101740190	cytochrome P450 4V2	mRNA	ID=rna-XM_004926467.5;Parent=gene-LOC101740190;Dbxref=GeneID:101740190,GenBank:XM_004926467.5;Name=XM_004926467.5;experiment=COORDINATES: polyA evidence [ECO:0006239];gbkey=mRNA;gene=LOC101740190;model_evidence=Supporting evidence includes similarity to: 51 Proteins%2C 133 long SRA reads;product=cytochrome P450 4V2;transcript_id=XM_004926467.5	XM_004926467.5	Name	CYP4V2
XM_038014802.2	0.0	0.0	0.0	0.017303	0.0	0.0	0.0028838333333333	0.017303	NC_085119.1	11926511	11935340	+	rna-XM_038014802.2	XM_038014802.2	XM_038014802.2	LOC119628325	cytochrome P450 4g15, transcript variant X2	mRNA	ID=rna-XM_038014802.2;Parent=gene-LOC119628325;Dbxref=GeneID:119628325,GenBank:XM_038014802.2;Name=XM_038014802.2;experiment=COORDINATES: polyA evidence [ECO:0006239];gbkey=mRNA;gene=LOC119628325;model_evidence=Supporting evidence includes similarity to: 2 mRNAs%2C 240 Proteins%2C 5912 long SRA reads;product=cytochrome P450 4g15%2C transcript variant X2;transcript_id=XM_038014802.2	XM_038014802.2	Name	CYP4G15
XM_038018717.2	0.014727	0.0	0.0	0.0	0.0	0.0	0.0024545	0.014727	NC_085128.1	12667886	12683826	-	rna-XM_038018717.2	XM_038018717.2	XM_038018717.2	LOC101741719	cytochrome P450 4C1	mRNA	ID=rna-XM_038018717.2;Parent=gene-LOC101741719;Dbxref=GeneID:101741719,GenBank:XM_038018717.2;Name=XM_038018717.2;experiment=COORDINATES: polyA evidence [ECO:0006239];gbkey=mRNA;gene=LOC101741719;model_evidence=Supporting evidence includes similarity to: 37 Proteins%2C 8 long SRA reads;product=cytochrome P450 4C1;transcript_id=XM_038018717.2	XM_038018717.2	Name	CYP4C1
XR_009973578.1	0.0	0.0	0.0	0.0	0.0	0.0	0.0	0.0	NC_085114.1	10705719	10712805	+	rna-XR_009973578.1	XR_009973578.1	XR_009973578.1	Cyp315a1	cytochrome P450, transcript variant X1	misc_RNA	ID=rna-XR_009973578.1;Parent=gene-Cyp315a1;Dbxref=GeneID:100127120,GenBank:XR_009973578.1;Name=XR_009973578.1;gbkey=misc_RNA;gene=Cyp315a1;model_evidence=Supporting evidence includes similarity to: 1 long SRA read;product=cytochrome P450%2C transcript variant X1;transcript_id=XR_009973578.1	XR_009973578.1	Name	CYP315A1
XM_038014312.2	0.0	0.0	0.0	0.0	0.0	0.0	0.0	0.0	NC_085107.1	7432859	7455935	+	rna-XM_038014312.2	XM_038014312.2	XM_038014312.2	Cyp305b1	cytochrome P450 Cyp305B1, transcript variant X2	mRNA	ID=rna-XM_038014312.2;Parent=gene-Cyp305b1;Dbxref=GeneID:100127103,GenBank:XM_038014312.2;Name=XM_038014312.2;experiment=COORDINATES: polyA evidence [ECO:0006239];gbkey=mRNA;gene=Cyp305b1;model_evidence=Supporting evidence includes similarity to: 37 Proteins%2C 165 long SRA reads;product=cytochrome P450 Cyp305B1%2C transcript variant X2;transcript_id=XM_038014312.2	XM_038014312.2	Name	CYP305B1
XM_038014732.2	0.0	0.0	0.0	0.0	0.0	0.0	0.0	0.0	NC_085119.1	11902976	11917916	+	rna-XM_038014732.2	XM_038014732.2	XM_038014732.2	LOC101745427	cytochrome P450 4g15-like, transcript variant X1	mRNA	ID=rna-XM_038014732.2;Parent=gene-LOC101745427;Dbxref=GeneID:101745427,GenBank:XM_038014732.2;Name=XM_038014732.2;experiment=COORDINATES: polyA evidence [ECO:0006239];gbkey=mRNA;gene=LOC101745427;model_evidence=Supporting evidence includes similarity to: 259 Proteins%2C 1973 long SRA reads;product=cytochrome P450 4g15-like%2C transcript variant X1;transcript_id=XM_038014732.2	XM_038014732.2	Name	CYP4G15-LIKE
XM_038018516.2	0.0	0.0	0.0	0.0	0.0	0.0	0.0	0.0	NC_085127.1	14705870	14724470	-	rna-XM_038018516.2	XM_038018516.2	XM_038018516.2	LOC101744746	cytochrome P450 6k1, transcript variant X3	mRNA	ID=rna-XM_038018516.2;Parent=gene-LOC101744746;Dbxref=GeneID:101744746,GenBank:XM_038018516.2;Name=XM_038018516.2;experiment=COORDINATES: polyA evidence [ECO:0006239];gbkey=mRNA;gene=LOC101744746;model_evidence=Supporting evidence includes similarity to: 24 Proteins%2C 180 long SRA reads;product=cytochrome P450 6k1%2C transcript variant X3;transcript_id=XM_038018516.2	XM_038018516.2	Name	CYP6K1
XM_038018573.2	0.0	0.0	0.0	0.0	0.0	0.0	0.0	0.0	NC_085127.1	13323729	13344175	-	rna-XM_038018573.2	XM_038018573.2	XM_038018573.2	LOC101736314	cytochrome P450 6B1, transcript variant X6	mRNA	ID=rna-XM_038018573.2;Parent=gene-LOC101736314;Dbxref=GeneID:101736314,GenBank:XM_038018573.2;Name=XM_038018573.2;experiment=COORDINATES: polyA evidence [ECO:0006239];gbkey=mRNA;gene=LOC101736314;model_evidence=Supporting evidence includes similarity to: 44 Proteins%2C 554 long SRA reads;product=cytochrome P450 6B1%2C transcript variant X6;transcript_id=XM_038018573.2	XM_038018573.2	Name	CYP6B1
XM_038014717.2	0.0	0.0	0.0	0.0	0.0	0.0	0.0	0.0	NC_085119.1	11942473	11951685	+	rna-XM_038014717.2	XM_038014717.2	XM_038014717.2	LOC100127115	cytochrome P450, transcript variant X1	mRNA	ID=rna-XM_038014717.2;Parent=gene-LOC100127115;Dbxref=GeneID:100127115,GenBank:XM_038014717.2;Name=XM_038014717.2;experiment=COORDINATES: polyA evidence [ECO:0006239];gbkey=mRNA;gene=LOC100127115;model_evidence=Supporting evidence includes similarity to: 2 mRNAs%2C 1 EST%2C 223 Proteins%2C 8021 long SRA reads;product=cytochrome P450%2C transcript variant X1;transcript_id=XM_038014717.2	XM_038014717.2	Name	
XM_021351679.3	0.0	0.0	0.0	0.0	0.0	0.0	0.0	0.0	NC_085109.1	8090014	8105670	-	rna-XM_021351679.3	XM_021351679.3	XM_021351679.3	LOC101737374	cytochrome P450 4c3, transcript variant X1	mRNA	ID=rna-XM_021351679.3;Parent=gene-LOC101737374;Dbxref=GeneID:101737374,GenBank:XM_021351679.3;Name=XM_021351679.3;experiment=COORDINATES: polyA evidence [ECO:0006239];gbkey=mRNA;gene=LOC101737374;model_evidence=Supporting evidence includes similarity to: 13 Proteins%2C 912 long SRA reads;product=cytochrome P450 4c3%2C transcript variant X1;transcript_id=XM_021351679.3	XM_021351679.3	Name	CYP4C3
XM_038018414.2	0.0	0.0	0.0	0.0	0.0	0.0	0.0	0.0	NC_085127.1	13657774	13678900	-	rna-XM_038018414.2	XM_038018414.2	XM_038018414.2	LOC101737728	cytochrome P450 4C1, transcript variant X5	mRNA	ID=rna-XM_038018414.2;Parent=gene-LOC101737728;Dbxref=GeneID:101737728,GenBank:XM_038018414.2;Name=XM_038018414.2;experiment=COORDINATES: polyA evidence [ECO:0006239];gbkey=mRNA;gene=LOC101737728;model_evidence=Supporting evidence includes similarity to: 46 Proteins%2C 357 long SRA reads;product=cytochrome P450 4C1%2C transcript variant X5;transcript_id=XM_038018414.2	XM_038018414.2	Name	CYP4C1
XM_004927546.5	0.0	0.0	0.0	0.0	0.0	0.0	0.0	0.0	NC_085127.1	13671493	13687898	+	rna-XM_004927546.5	XM_004927546.5	XM_004927546.5	LOC101737305	cytochrome P450 4C1, transcript variant X1	mRNA	ID=rna-XM_004927546.5;Parent=gene-LOC101737305;Dbxref=GeneID:101737305,GenBank:XM_004927546.5;Name=XM_004927546.5;experiment=COORDINATES: polyA evidence [ECO:0006239];gbkey=mRNA;gene=LOC101737305;model_evidence=Supporting evidence includes similarity to: 75 Proteins%2C 243 long SRA reads;product=cytochrome P450 4C1%2C transcript variant X1;transcript_id=XM_004927546.5	XM_004927546.5	Name	CYP4C1
XM_004926478.5	0.0	0.0	0.0	0.0	0.0	0.0	0.0	0.0	NC_085128.1	12634047	12645404	-	rna-XM_004926478.5	XM_004926478.5	XM_004926478.5	LOC101741867	cytochrome P450 4V2	mRNA	ID=rna-XM_004926478.5;Parent=gene-LOC101741867;Dbxref=GeneID:101741867,GenBank:XM_004926478.5;Name=XM_004926478.5;gbkey=mRNA;gene=LOC101741867;model_evidence=Supporting evidence includes similarity to: 36 Proteins%2C 24 long SRA reads;product=cytochrome P450 4V2;transcript_id=XM_004926478.5	XM_004926478.5	Name	CYP4V2
NM_001127720.1	0.0	0.0	0.0	0.0	0.0	0.0	0.0	0.0	NC_085124.1	10408680	10415461	-	rna-NM_001127720.1	NM_001127720.1	NM_001127720.1	Cyp339a1	cytochrome P450 CYP339A1	mRNA	ID=rna-NM_001127720.1;Parent=gene-Cyp339a1;Dbxref=GeneID:100158252,GenBank:NM_001127720.1;Name=NM_001127720.1;gbkey=mRNA;gene=Cyp339a1;product=cytochrome P450 CYP339A1;transcript_id=NM_001127720.1	NM_001127720.1	Name	CYP339A1
XM_038016616.2	0.0	0.0	0.0	0.0	0.0	0.0	0.0	0.0	NC_085123.1	16035294	16047429	-	rna-XM_038016616.2	XM_038016616.2	XM_038016616.2	Cyp9a21	cytochrome P450 CYP9A21, transcript variant X1	mRNA	ID=rna-XM_038016616.2;Parent=gene-Cyp9a21;Dbxref=GeneID:100126160,GenBank:XM_038016616.2;Name=XM_038016616.2;experiment=COORDINATES: polyA evidence [ECO:0006239];gbkey=mRNA;gene=Cyp9a21;model_evidence=Supporting evidence includes similarity to: 2 mRNAs%2C 33 ESTs%2C 88 Proteins%2C 919 long SRA reads;product=cytochrome P450 CYP9A21%2C transcript variant X1;transcript_id=XM_038016616.2	XM_038016616.2	Name	CYP9A21
XM_038016617.2	0.0	0.0	0.0	0.0	0.0	0.0	0.0	0.0	NC_085123.1	16035294	16045875	-	rna-XM_038016617.2	XM_038016617.2	XM_038016617.2	Cyp9a21	cytochrome P450 CYP9A21, transcript variant X2	mRNA	ID=rna-XM_038016617.2;Parent=gene-Cyp9a21;Dbxref=GeneID:100126160,GenBank:XM_038016617.2;Name=XM_038016617.2;experiment=COORDINATES: polyA evidence [ECO:0006239];gbkey=mRNA;gene=Cyp9a21;model_evidence=Supporting evidence includes similarity to: 2 ESTs%2C 88 Proteins%2C 524 long SRA reads;product=cytochrome P450 CYP9A21%2C transcript variant X2;transcript_id=XM_038016617.2	XM_038016617.2	Name	CYP9A21
NM_001110535.1	0.0	0.0	0.0	0.0	0.0	0.0	0.0	0.0	NC_085129.1	9558515	9561067	+	rna-NM_001110535.1	NM_001110535.1	NM_001110535.1	Cyp6ae22	cytochrome P450 monooxygenase CYP6AE22	mRNA	ID=rna-NM_001110535.1;Parent=gene-Cyp6ae22;Dbxref=GeneID:100126549,GenBank:NM_001110535.1;Name=NM_001110535.1;Note=The RefSeq transcript has 8 substitutions compared to this genomic sequence;exception=annotated by transcript or proteomic data;gbkey=mRNA;gene=Cyp6ae22;inference=similar to RNA sequence%2C mRNA (same species):RefSeq:NM_001110535.1;product=cytochrome P450 monooxygenase CYP6AE22;transcript_id=NM_001110535.1	NM_001110535.1	Name	CYP6AE22
NM_001110536.1	0.0	0.0	0.0	0.0	0.0	0.0	0.0	0.0	NC_085122.1	12690124	12692126	-	rna-NM_001110536.1	NM_001110536.1	NM_001110536.1	Cyp6ae7	cytochrome P450 CYP6AE7	mRNA	ID=rna-NM_001110536.1;Parent=gene-Cyp6ae7;Dbxref=GeneID:100126551,GenBank:NM_001110536.1;Name=NM_001110536.1;Note=The RefSeq transcript has 11 substitutions compared to this genomic sequence;exception=annotated by transcript or proteomic data;gbkey=mRNA;gene=Cyp6ae7;inference=similar to RNA sequence%2C mRNA (same species):RefSeq:NM_001110536.1;product=cytochrome P450 CYP6AE7;transcript_id=NM_001110536.1	NM_001110536.1	Name	CYP6AE7
NM_001112750.1	0.0	0.0	0.0	0.0	0.0	0.0	0.0	0.0	NC_085119.1	11942622	11951683	+	rna-NM_001112750.1	NM_001112750.1	NM_001112750.1	LOC100127115	cytochrome P450	mRNA	ID=rna-NM_001112750.1;Parent=gene-LOC100127115;Dbxref=GeneID:100127115,GenBank:NM_001112750.1;Name=NM_001112750.1;Note=The RefSeq transcript has 37 substitutions%2C 1 non-frameshifting indel compared to this genomic sequence;exception=annotated by transcript or proteomic data;gbkey=mRNA;gene=LOC100127115;inference=similar to RNA sequence%2C mRNA (same species):RefSeq:NM_001112750.1;product=cytochrome P450;transcript_id=NM_001112750.1	NM_001112750.1	Name	
NM_001109924.1	0.0	0.0	0.0	0.0	0.0	0.0	0.0	0.0	NC_085123.1	16035850	16045414	-	rna-NM_001109924.1	NM_001109924.1	NM_001109924.1	Cyp9a21	cytochrome P450 CYP9A21	mRNA	ID=rna-NM_001109924.1;Parent=gene-Cyp9a21;Dbxref=GeneID:100126160,GenBank:NM_001109924.1;Name=NM_001109924.1;Note=The RefSeq transcript has 5 substitutions compared to this genomic sequence;exception=annotated by transcript or proteomic data;gbkey=mRNA;gene=Cyp9a21;inference=similar to RNA sequence%2C mRNA (same species):RefSeq:NM_001109924.1;product=cytochrome P450 CYP9A21;transcript_id=NM_001109924.1	NM_001109924.1	Name	CYP9A21
XM_062669251.1	0.0	0.0	0.0	0.0	0.0	0.0	0.0	0.0	NC_085113.1	7005688	7021116	+	rna-XM_062669251.1	XM_062669251.1	XM_062669251.1	Cyp314a1	ecdysone 20-hydroxylase, transcript variant X1	mRNA	ID=rna-XM_062669251.1;Parent=gene-Cyp314a1;Dbxref=GeneID:100127102,GenBank:XM_062669251.1;Name=XM_062669251.1;experiment=COORDINATES: polyA evidence [ECO:0006239];gbkey=mRNA;gene=Cyp314a1;model_evidence=Supporting evidence includes similarity to: 2 ESTs%2C 36 Proteins%2C 96 long SRA reads;product=ecdysone 20-hydroxylase%2C transcript variant X1;transcript_id=XM_062669251.1	XM_062669251.1	Name	CYP314A1
NM_001279379.1	0.0	0.0	0.0	0.0	0.0	0.0	0.0	0.0	NC_085122.1	9484892	9517125	-	rna-NM_001279379.1	NM_001279379.1	NM_001279379.1	CYP367A1	cytochrome P450 4V2-like	mRNA	ID=rna-NM_001279379.1;Parent=gene-CYP367A1;Dbxref=GeneID:101741325,GenBank:NM_001279379.1;Name=NM_001279379.1;gbkey=mRNA;gene=CYP367A1;product=cytochrome P450 4V2-like;transcript_id=NM_001279379.1	NM_001279379.1	Name	CYP367A1
NM_001309599.1	0.0	0.0	0.0	0.0	0.0	0.0	0.0	0.0	NC_085127.1	13691783	13704851	-	rna-NM_001309599.1	NM_001309599.1	NM_001309599.1	LOC101743022	cytochrome P450 4C1-like	mRNA	ID=rna-NM_001309599.1;Parent=gene-LOC101743022;Dbxref=GeneID:101743022,GenBank:NM_001309599.1;Name=NM_001309599.1;gbkey=mRNA;gene=LOC101743022;product=cytochrome P450 4C1-like;transcript_id=NM_001309599.1	NM_001309599.1	Name	CYP4C1-LIKE
XM_021347952.3	0.0	0.0	0.0	0.0	0.0	0.0	0.0	0.0	NC_085132.1	11332080	11350549	+	rna-XM_021347952.3	XM_021347952.3	XM_021347952.3	LOC101744935	cytochrome P450 4V2, transcript variant X1	mRNA	ID=rna-XM_021347952.3;Parent=gene-LOC101744935;Dbxref=GeneID:101744935,GenBank:XM_021347952.3;Name=XM_021347952.3;experiment=COORDINATES: polyA evidence [ECO:0006239];gbkey=mRNA;gene=LOC101744935;model_evidence=Supporting evidence includes similarity to: 10 Proteins%2C 83 long SRA reads;product=cytochrome P450 4V2%2C transcript variant X1;transcript_id=XM_021347952.3	XM_021347952.3	Name	CYP4V2
XM_021346833.3	0.0	0.0	0.0	0.0	0.0	0.0	0.0	0.0	NC_085121.1	17358960	17369307	-	rna-XM_021346833.3	XM_021346833.3	XM_021346833.3	LOC101739162	cytochrome P450 9e2	mRNA	ID=rna-XM_021346833.3;Parent=gene-LOC101739162;Dbxref=GeneID:101739162,GenBank:XM_021346833.3;Name=XM_021346833.3;experiment=COORDINATES: polyA evidence [ECO:0006239];gbkey=mRNA;gene=LOC101739162;model_evidence=Supporting evidence includes similarity to: 59 Proteins%2C 26 long SRA reads;product=cytochrome P450 9e2;transcript_id=XM_021346833.3	XM_021346833.3	Name	CYP9E2
XM_021347245.3	0.0	0.0	0.0	0.0	0.0	0.0	0.0	0.0	NC_085127.1	13706117	13720670	+	rna-XM_021347245.3	XM_021347245.3	XM_021347245.3	LOC101738473	cytochrome P450 4C1, transcript variant X5	mRNA	ID=rna-XM_021347245.3;Parent=gene-LOC101738473;Dbxref=GeneID:101738473,GenBank:XM_021347245.3;Name=XM_021347245.3;experiment=COORDINATES: polyA evidence [ECO:0006239];gbkey=mRNA;gene=LOC101738473;model_evidence=Supporting evidence includes similarity to: 89 Proteins%2C 42 long SRA reads;product=cytochrome P450 4C1%2C transcript variant X5;transcript_id=XM_021347245.3	XM_021347245.3	Name	CYP4C1
XM_021353472.3	0.0	0.0	0.0	0.0	0.0	0.0	0.0	0.0	NC_085116.1	10472435	10484175	-	rna-XM_021353472.3	XM_021353472.3	XM_021353472.3	LOC101740852	cytochrome P450 18a1, transcript variant X1	mRNA	ID=rna-XM_021353472.3;Parent=gene-LOC101740852;Dbxref=GeneID:101740852,GenBank:XM_021353472.3;Name=XM_021353472.3;experiment=COORDINATES: polyA evidence [ECO:0006239];gbkey=mRNA;gene=LOC101740852;model_evidence=Supporting evidence includes similarity to: 2 mRNAs%2C 3 ESTs%2C 8 Proteins%2C 84 long SRA reads;product=cytochrome P450 18a1%2C transcript variant X1;transcript_id=XM_021353472.3	XM_021353472.3	Name	CYP18A1
XM_062676237.1	0.0	0.0	0.0	0.0	0.0	0.0	0.0	0.0	NC_085132.1	7027912	7061429	+	rna-XM_062676237.1	XM_062676237.1	XM_062676237.1	CYP340A3	cytochrome P450 4c21-like, transcript variant X1	mRNA	ID=rna-XM_062676237.1;Parent=gene-CYP340A3;Dbxref=GeneID:101738465,GenBank:XM_062676237.1;Name=XM_062676237.1;experiment=COORDINATES: polyA evidence [ECO:0006239];gbkey=mRNA;gene=CYP340A3;model_evidence=Supporting evidence includes similarity to: 3 mRNAs%2C 1 EST%2C 14 Proteins%2C 660 long SRA reads;product=cytochrome P450 4c21-like%2C transcript variant X1;transcript_id=XM_062676237.1	XM_062676237.1	Name	CYP340A3
XM_062676343.1	0.0	0.0	0.0	0.0	0.0	0.0	0.0	0.0	NC_085132.1	6986807	7002204	-	rna-XM_062676343.1	XM_062676343.1	XM_062676343.1	LOC134201484	cytochrome P450 4c21-like	mRNA	ID=rna-XM_062676343.1;Parent=gene-LOC134201484;Dbxref=GeneID:134201484,GenBank:XM_062676343.1;Name=XM_062676343.1;experiment=COORDINATES: polyA evidence [ECO:0006239];gbkey=mRNA;gene=LOC134201484;model_evidence=Supporting evidence includes similarity to: 8 Proteins%2C 3 long SRA reads;product=cytochrome P450 4c21-like;transcript_id=XM_062676343.1	XM_062676343.1	Name	CYP4C21-LIKE
XM_038020567.2	0.0	0.0	0.0	0.0	0.0	0.0	0.0	0.0	NC_085132.1	7030710	7047360	-	rna-XM_038020567.2	XM_038020567.2	XM_038020567.2	LOC101738326	cytochrome P450 4c21, transcript variant X1	mRNA	ID=rna-XM_038020567.2;Parent=gene-LOC101738326;Dbxref=GeneID:101738326,GenBank:XM_038020567.2;Name=XM_038020567.2;experiment=COORDINATES: polyA evidence [ECO:0006239];gbkey=mRNA;gene=LOC101738326;model_evidence=Supporting evidence includes similarity to: 7 Proteins%2C 6 long SRA reads;product=cytochrome P450 4c21%2C transcript variant X1;transcript_id=XM_038020567.2	XM_038020567.2	Name	CYP4C21
XM_004932732.5	0.0	0.0	0.0	0.0	0.0	0.0	0.0	0.0	NC_085107.1	1056034	1071182	+	rna-XM_004932732.5	XM_004932732.5	XM_004932732.5	LOC101743283	probable cytochrome P450 303a1, transcript variant X1	mRNA	ID=rna-XM_004932732.5;Parent=gene-LOC101743283;Dbxref=GeneID:101743283,GenBank:XM_004932732.5;Name=XM_004932732.5;experiment=COORDINATES: polyA evidence [ECO:0006239];gbkey=mRNA;gene=LOC101743283;model_evidence=Supporting evidence includes similarity to: 46 Proteins%2C 13 long SRA reads;product=probable cytochrome P450 303a1%2C transcript variant X1;transcript_id=XM_004932732.5	XM_004932732.5	Name	CYP303A1
XM_062674768.1	0.0	0.0	0.0	0.0	0.0	0.0	0.0	0.0	NC_085127.1	13323729	13344175	-	rna-XM_062674768.1	XM_062674768.1	XM_062674768.1	LOC101736314	cytochrome P450 6B1, transcript variant X2	mRNA	ID=rna-XM_062674768.1;Parent=gene-LOC101736314;Dbxref=GeneID:101736314,GenBank:XM_062674768.1;Name=XM_062674768.1;experiment=COORDINATES: polyA evidence [ECO:0006239];gbkey=mRNA;gene=LOC101736314;model_evidence=Supporting evidence includes similarity to: 44 Proteins%2C 597 long SRA reads;product=cytochrome P450 6B1%2C transcript variant X2;transcript_id=XM_062674768.1	XM_062674768.1	Name	CYP6B1
XM_062674769.1	0.0	0.0	0.0	0.0	0.0	0.0	0.0	0.0	NC_085127.1	13323729	13344190	-	rna-XM_062674769.1	XM_062674769.1	XM_062674769.1	LOC101736314	cytochrome P450 6B1, transcript variant X3	mRNA	ID=rna-XM_062674769.1;Parent=gene-LOC101736314;Dbxref=GeneID:101736314,GenBank:XM_062674769.1;Name=XM_062674769.1;experiment=COORDINATES: polyA evidence [ECO:0006239];gbkey=mRNA;gene=LOC101736314;model_evidence=Supporting evidence includes similarity to: 44 Proteins%2C 575 long SRA reads;product=cytochrome P450 6B1%2C transcript variant X3;transcript_id=XM_062674769.1	XM_062674769.1	Name	CYP6B1
XM_062674773.1	0.0	0.0	0.0	0.0	0.0	0.0	0.0	0.0	NC_085127.1	13657774	13673967	-	rna-XM_062674773.1	XM_062674773.1	XM_062674773.1	LOC101737728	cytochrome P450 4C1, transcript variant X4	mRNA	ID=rna-XM_062674773.1;Parent=gene-LOC101737728;Dbxref=GeneID:101737728,GenBank:XM_062674773.1;Name=XM_062674773.1;experiment=COORDINATES: polyA evidence [ECO:0006239];gbkey=mRNA;gene=LOC101737728;model_evidence=Supporting evidence includes similarity to: 83 Proteins%2C 393 long SRA reads;product=cytochrome P450 4C1%2C transcript variant X4;transcript_id=XM_062674773.1	XM_062674773.1	Name	CYP4C1
XM_062674783.1	0.0	0.0	0.0	0.0	0.0	0.0	0.0	0.0	NC_085127.1	14705870	14724470	-	rna-XM_062674783.1	XM_062674783.1	XM_062674783.1	LOC101744746	cytochrome P450 6k1, transcript variant X2	mRNA	ID=rna-XM_062674783.1;Parent=gene-LOC101744746;Dbxref=GeneID:101744746,GenBank:XM_062674783.1;Name=XM_062674783.1;experiment=COORDINATES: polyA evidence [ECO:0006239];gbkey=mRNA;gene=LOC101744746;model_evidence=Supporting evidence includes similarity to: 24 Proteins%2C 192 long SRA reads;product=cytochrome P450 6k1%2C transcript variant X2;transcript_id=XM_062674783.1	XM_062674783.1	Name	CYP6K1
XM_062674784.1	0.0	0.0	0.0	0.0	0.0	0.0	0.0	0.0	NC_085127.1	14705870	14724469	-	rna-XM_062674784.1	XM_062674784.1	XM_062674784.1	LOC101744746	cytochrome P450 6k1, transcript variant X4	mRNA	ID=rna-XM_062674784.1;Parent=gene-LOC101744746;Dbxref=GeneID:101744746,GenBank:XM_062674784.1;Name=XM_062674784.1;experiment=COORDINATES: polyA evidence [ECO:0006239];gbkey=mRNA;gene=LOC101744746;model_evidence=Supporting evidence includes similarity to: 24 Proteins%2C 168 long SRA reads;product=cytochrome P450 6k1%2C transcript variant X4;transcript_id=XM_062674784.1	XM_062674784.1	Name	CYP6K1
XM_062675014.1	0.0	0.0	0.0	0.0	0.0	0.0	0.0	0.0	NC_085128.1	12591684	12598842	-	rna-XM_062675014.1	XM_062675014.1	XM_062675014.1	LOC101742018	cytochrome P450 4C1, transcript variant X3	mRNA	ID=rna-XM_062675014.1;Parent=gene-LOC101742018;Dbxref=GeneID:101742018,GenBank:XM_062675014.1;Name=XM_062675014.1;experiment=COORDINATES: polyA evidence [ECO:0006239];gbkey=mRNA;gene=LOC101742018;model_evidence=Supporting evidence includes similarity to: 33 Proteins%2C 276 long SRA reads;product=cytochrome P450 4C1%2C transcript variant X3;transcript_id=XM_062675014.1	XM_062675014.1	Name	CYP4C1
XM_012690305.4	0.0	0.0	0.0	0.0	0.0	0.0	0.0	0.0	NC_085132.1	11350260	11370910	-	rna-XM_012690305.4	XM_012690305.4	XM_012690305.4	CYP340C1	cytochrome P450 4C1-like, transcript variant X2	mRNA	ID=rna-XM_012690305.4;Parent=gene-CYP340C1;Dbxref=GeneID:101742493,GenBank:XM_012690305.4;Name=XM_012690305.4;experiment=COORDINATES: polyA evidence [ECO:0006239];gbkey=mRNA;gene=CYP340C1;model_evidence=Supporting evidence includes similarity to: 11 Proteins%2C 95 long SRA reads;product=cytochrome P450 4C1-like%2C transcript variant X2;transcript_id=XM_012690305.4	XM_012690305.4	Name	CYP340C1
XM_038020720.2	0.0	0.0	0.0	0.0	0.0	0.0	0.0	0.0	NC_085132.1	6511980	6519467	+	rna-XM_038020720.2	XM_038020720.2	XM_038020720.2	LOC101744852	cytochrome P450 4V2	mRNA	ID=rna-XM_038020720.2;Parent=gene-LOC101744852;Dbxref=GeneID:101744852,GenBank:XM_038020720.2;Name=XM_038020720.2;experiment=COORDINATES: polyA evidence [ECO:0006239];gbkey=mRNA;gene=LOC101744852;model_evidence=Supporting evidence includes similarity to: 5 Proteins%2C 8 long SRA reads;product=cytochrome P450 4V2;transcript_id=XM_038020720.2	XM_038020720.2	Name	CYP4V2
XM_062675013.1	0.0	0.0	0.0	0.0	0.0	0.0	0.0	0.0	NC_085128.1	12591684	12598842	-	rna-XM_062675013.1	XM_062675013.1	XM_062675013.1	LOC101742018	cytochrome P450 4C1, transcript variant X2	mRNA	ID=rna-XM_062675013.1;Parent=gene-LOC101742018;Dbxref=GeneID:101742018,GenBank:XM_062675013.1;Name=XM_062675013.1;experiment=COORDINATES: polyA evidence [ECO:0006239];gbkey=mRNA;gene=LOC101742018;model_evidence=Supporting evidence includes similarity to: 33 Proteins%2C 283 long SRA reads;product=cytochrome P450 4C1%2C transcript variant X2;transcript_id=XM_062675013.1	XM_062675013.1	Name	CYP4C1
XM_062675098.1	0.0	0.0	0.0	0.0	0.0	0.0	0.0	0.0	NC_085128.1	12649442	12657369	-	rna-XM_062675098.1	XM_062675098.1	XM_062675098.1	LOC110385252	cytochrome P450 4C1	mRNA	ID=rna-XM_062675098.1;Parent=gene-LOC110385252;Dbxref=GeneID:110385252,GenBank:XM_062675098.1;Name=XM_062675098.1;experiment=COORDINATES: polyA evidence [ECO:0006239];gbkey=mRNA;gene=LOC110385252;model_evidence=Supporting evidence includes similarity to: 24 Proteins%2C 8 long SRA reads;product=cytochrome P450 4C1;transcript_id=XM_062675098.1	XM_062675098.1	Name	CYP4C1
XM_012689466.4	0.0	0.0	0.0	0.0	0.0	0.0	0.0	0.0	NC_085127.1	13703767	13720670	+	rna-XM_012689466.4	XM_012689466.4	XM_012689466.4	LOC101738473	cytochrome P450 4C1, transcript variant X1	mRNA	ID=rna-XM_012689466.4;Parent=gene-LOC101738473;Dbxref=GeneID:101738473,GenBank:XM_012689466.4;Name=XM_012689466.4;experiment=COORDINATES: polyA evidence [ECO:0006239];gbkey=mRNA;gene=LOC101738473;model_evidence=Supporting evidence includes similarity to: 89 Proteins%2C 47 long SRA reads;product=cytochrome P450 4C1%2C transcript variant X1;transcript_id=XM_012689466.4	XM_012689466.4	Name	CYP4C1
XM_012689467.4	0.0	0.0	0.0	0.0	0.0	0.0	0.0	0.0	NC_085127.1	13706102	13720670	+	rna-XM_012689467.4	XM_012689467.4	XM_012689467.4	LOC101738473	cytochrome P450 4C1, transcript variant X2	mRNA	ID=rna-XM_012689467.4;Parent=gene-LOC101738473;Dbxref=GeneID:101738473,GenBank:XM_012689467.4;Name=XM_012689467.4;experiment=COORDINATES: polyA evidence [ECO:0006239];gbkey=mRNA;gene=LOC101738473;model_evidence=Supporting evidence includes similarity to: 89 Proteins%2C 55 long SRA reads;product=cytochrome P450 4C1%2C transcript variant X2;transcript_id=XM_012689467.4	XM_012689467.4	Name	CYP4C1
XM_012689469.4	0.0	0.0	0.0	0.0	0.0	0.0	0.0	0.0	NC_085127.1	13703768	13720670	+	rna-XM_012689469.4	XM_012689469.4	XM_012689469.4	LOC101738473	cytochrome P450 4C1, transcript variant X4	mRNA	ID=rna-XM_012689469.4;Parent=gene-LOC101738473;Dbxref=GeneID:101738473,GenBank:XM_012689469.4;Name=XM_012689469.4;experiment=COORDINATES: polyA evidence [ECO:0006239];gbkey=mRNA;gene=LOC101738473;model_evidence=Supporting evidence includes similarity to: 89 Proteins%2C 41 long SRA reads;product=cytochrome P450 4C1%2C transcript variant X4;transcript_id=XM_012689469.4	XM_012689469.4	Name	CYP4C1
XM_012689470.4	0.0	0.0	0.0	0.0	0.0	0.0	0.0	0.0	NC_085127.1	13706103	13720670	+	rna-XM_012689470.4	XM_012689470.4	XM_012689470.4	LOC101738473	cytochrome P450 4C1, transcript variant X3	mRNA	ID=rna-XM_012689470.4;Parent=gene-LOC101738473;Dbxref=GeneID:101738473,GenBank:XM_012689470.4;Name=XM_012689470.4;experiment=COORDINATES: polyA evidence [ECO:0006239];gbkey=mRNA;gene=LOC101738473;model_evidence=Supporting evidence includes similarity to: 89 Proteins%2C 51 long SRA reads;product=cytochrome P450 4C1%2C transcript variant X3;transcript_id=XM_012689470.4	XM_012689470.4	Name	CYP4C1
XM_012689472.4	0.0	0.0	0.0	0.0	0.0	0.0	0.0	0.0	NC_085127.1	13707308	13720670	+	rna-XM_012689472.4	XM_012689472.4	XM_012689472.4	LOC101738473	cytochrome P450 4C1, transcript variant X6	mRNA	ID=rna-XM_012689472.4;Parent=gene-LOC101738473;Dbxref=GeneID:101738473,GenBank:XM_012689472.4;Name=XM_012689472.4;experiment=COORDINATES: polyA evidence [ECO:0006239];gbkey=mRNA;gene=LOC101738473;model_evidence=Supporting evidence includes similarity to: 89 Proteins%2C 40 long SRA reads;product=cytochrome P450 4C1%2C transcript variant X6;transcript_id=XM_012689472.4	XM_012689472.4	Name	CYP4C1
