TRINITY_DN4629_c0_g1_i1.p1	XP_062524854.1	61.373	233	90	0	1	233	1	233	7.46e-108	310	234	233	99	XP_062524854.1 glutathione S-transferase unclassified 1 isoform X1 [Bombyx mori]
TRINITY_DN4629_c0_g1_i1.p1	XP_062524853.1	61.373	233	90	0	1	233	1	233	7.46e-108	310	234	233	99	XP_062524853.1 glutathione S-transferase unclassified 1 isoform X1 [Bombyx mori]
TRINITY_DN4629_c0_g1_i1.p1	XP_062524852.1	61.373	233	90	0	1	233	1	233	7.46e-108	310	234	233	99	XP_062524852.1 glutathione S-transferase unclassified 1 isoform X1 [Bombyx mori]
TRINITY_DN4629_c0_g1_i1.p1	XP_062524851.1	61.373	233	90	0	1	233	1	233	7.46e-108	310	234	233	99	XP_062524851.1 glutathione S-transferase unclassified 1 isoform X1 [Bombyx mori]
TRINITY_DN4629_c0_g1_i1.p1	XP_062524850.1	61.373	233	90	0	1	233	1	233	7.46e-108	310	234	233	99	XP_062524850.1 glutathione S-transferase unclassified 1 isoform X1 [Bombyx mori]
TRINITY_DN4629_c0_g1_i1.p1	XP_062524849.1	61.373	233	90	0	1	233	1	233	7.46e-108	310	234	233	99	XP_062524849.1 glutathione S-transferase unclassified 1 isoform X1 [Bombyx mori]
TRINITY_DN4629_c0_g1_i1.p1	XP_062524848.1	61.373	233	90	0	1	233	1	233	7.46e-108	310	234	233	99	XP_062524848.1 glutathione S-transferase unclassified 1 isoform X1 [Bombyx mori]
TRINITY_DN4629_c0_g1_i1.p1	XP_012549556.2	61.373	233	90	0	1	233	1	233	7.46e-108	310	234	233	99	XP_012549556.2 glutathione S-transferase unclassified 1 isoform X1 [Bombyx mori]
TRINITY_DN4629_c0_g1_i1.p1	NP_001108462.1	61.373	233	90	0	1	233	1	233	7.46e-108	310	234	233	99	NP_001108462.1 glutathione S-transferase unclassified 1 [Bombyx mori]
TRINITY_DN4629_c0_g1_i1.p1	XP_037877193.1	38.679	212	122	3	1	209	1	207	1.75e-38	133	234	216	89	XP_037877193.1 glutathione S-transferase delta 2 isoform X1 [Bombyx mori]
TRINITY_DN885_c0_g1_i2.p1	XP_062532228.1	48.387	217	110	1	8	224	1	215	3.32e-74	224	224	215	97	XP_062532228.1 glutathione S-transferase epsilon 2 isoform X1 [Bombyx mori]
TRINITY_DN885_c0_g1_i2.p1	XP_062532227.1	48.387	217	110	1	8	224	1	215	3.32e-74	224	224	215	97	XP_062532227.1 glutathione S-transferase epsilon 2 isoform X1 [Bombyx mori]
TRINITY_DN885_c0_g1_i2.p1	XP_062532226.1	48.387	217	110	1	8	224	1	215	3.32e-74	224	224	215	97	XP_062532226.1 glutathione S-transferase epsilon 2 isoform X1 [Bombyx mori]
TRINITY_DN885_c0_g1_i2.p1	NP_001037420.1	47.926	217	111	1	8	224	1	215	2.44e-73	222	224	215	97	NP_001037420.1 glutathione S-transferase epsilon 2 [Bombyx mori]
TRINITY_DN885_c0_g1_i2.p1	XP_062530525.1	40.488	205	121	1	8	211	1	205	1.85e-55	177	224	228	91	XP_062530525.1 glutathione S-transferase epsilon 6 isoform X1 [Bombyx mori]
TRINITY_DN885_c0_g1_i2.p1	XP_062530524.1	40.488	205	121	1	8	211	1	205	1.85e-55	177	224	228	91	XP_062530524.1 glutathione S-transferase epsilon 6 isoform X1 [Bombyx mori]
TRINITY_DN885_c0_g1_i2.p1	XP_021205855.1	40.488	205	121	1	8	211	1	205	1.85e-55	177	224	228	91	XP_021205855.1 glutathione S-transferase epsilon 6 isoform X1 [Bombyx mori]
TRINITY_DN885_c0_g1_i2.p1	XP_021205854.1	40.488	205	121	1	8	211	1	205	1.85e-55	177	224	228	91	XP_021205854.1 glutathione S-transferase epsilon 6 isoform X1 [Bombyx mori]
TRINITY_DN885_c0_g1_i2.p1	XP_012548743.1	40.488	205	121	1	8	211	1	205	1.85e-55	177	224	228	91	XP_012548743.1 glutathione S-transferase epsilon 6 isoform X1 [Bombyx mori]
TRINITY_DN885_c0_g1_i2.p1	XP_037874601.1	40.000	215	124	4	8	220	1	212	1.26e-54	174	224	217	95	XP_037874601.1 glutathione S-transferase epsilon 3 isoform X1 [Bombyx mori]
TRINITY_DN597_c6_g1_i1.p1	XP_037874601.1	48.848	217	111	0	1	217	1	217	3.88e-82	244	218	217	99	XP_037874601.1 glutathione S-transferase epsilon 3 isoform X1 [Bombyx mori]
TRINITY_DN597_c6_g1_i1.p1	XP_037874600.1	48.848	217	111	0	1	217	1	217	3.88e-82	244	218	217	99	XP_037874600.1 glutathione S-transferase epsilon 3 isoform X1 [Bombyx mori]
TRINITY_DN597_c6_g1_i1.p1	XP_012546875.1	48.848	217	111	0	1	217	1	217	3.88e-82	244	218	217	99	XP_012546875.1 glutathione S-transferase epsilon 3 isoform X1 [Bombyx mori]
TRINITY_DN597_c6_g1_i1.p1	NP_001108466.1	48.848	217	111	0	1	217	1	217	3.88e-82	244	218	217	99	NP_001108466.1 glutathione S-transferase epsilon 3 [Bombyx mori]
TRINITY_DN597_c6_g1_i1.p1	NP_001108460.1	42.130	216	119	3	5	217	5	217	5.61e-60	187	218	217	98	NP_001108460.1 glutathione S-transferase epsilon 4 [Bombyx mori]
TRINITY_DN597_c6_g1_i1.p1	XP_062530525.1	42.079	202	115	1	5	204	5	206	2.15e-58	184	218	228	92	XP_062530525.1 glutathione S-transferase epsilon 6 isoform X1 [Bombyx mori]
TRINITY_DN597_c6_g1_i1.p1	XP_062530524.1	42.079	202	115	1	5	204	5	206	2.15e-58	184	218	228	92	XP_062530524.1 glutathione S-transferase epsilon 6 isoform X1 [Bombyx mori]
TRINITY_DN597_c6_g1_i1.p1	XP_021205855.1	42.079	202	115	1	5	204	5	206	2.15e-58	184	218	228	92	XP_021205855.1 glutathione S-transferase epsilon 6 isoform X1 [Bombyx mori]
TRINITY_DN597_c6_g1_i1.p1	XP_021205854.1	42.079	202	115	1	5	204	5	206	2.15e-58	184	218	228	92	XP_021205854.1 glutathione S-transferase epsilon 6 isoform X1 [Bombyx mori]
TRINITY_DN597_c6_g1_i1.p1	XP_012548743.1	42.079	202	115	1	5	204	5	206	2.15e-58	184	218	228	92	XP_012548743.1 glutathione S-transferase epsilon 6 isoform X1 [Bombyx mori]
TRINITY_DN4220_c0_g1_i2.p1	NP_001040131.1	77.165	254	58	0	1	254	1	254	1.75e-152	425	254	254	100	NP_001040131.1 glutathione S-transferase omega 1 [Bombyx mori]
TRINITY_DN4220_c0_g1_i2.p1	XP_062526828.1	43.277	238	132	2	4	240	15	250	1.68e-59	189	254	256	93	XP_062526828.1 glutathione S-transferase omega 2 isoform X3 [Bombyx mori]
TRINITY_DN4220_c0_g1_i2.p1	NP_001037406.1	43.277	238	132	2	4	240	15	250	1.76e-59	189	254	256	93	NP_001037406.1 glutathione S-transferase omega 2 [Bombyx mori]
TRINITY_DN4220_c0_g1_i2.p1	NP_001108461.1	40.598	234	126	4	4	232	11	236	4.51e-57	182	254	247	90	NP_001108461.1 glutathione S-transferase omega 4 [Bombyx mori]
TRINITY_DN4220_c0_g1_i2.p1	XP_062526827.1	44.670	197	107	1	4	200	15	209	4.96e-51	167	254	260	78	XP_062526827.1 glutathione S-transferase omega 2 isoform X2 [Bombyx mori]
TRINITY_DN4220_c0_g1_i2.p1	XP_062526826.1	44.670	197	107	1	4	200	55	249	1.63e-50	167	254	300	78	XP_062526826.1 glutathione S-transferase omega 2 isoform X1 [Bombyx mori]
TRINITY_DN4220_c0_g1_i2.p1	NP_001040435.1	28.638	213	146	3	13	222	15	224	6.95e-26	102	254	240	83	NP_001040435.1 glutathione S-transferase omega 3 [Bombyx mori]
TRINITY_DN5942_c0_g1_i2.p1	NP_001108460.1	61.860	215	82	0	1	215	1	215	2.28e-104	300	218	217	99	NP_001108460.1 glutathione S-transferase epsilon 4 [Bombyx mori]
TRINITY_DN5942_c0_g1_i2.p1	NP_001108464.1	54.425	226	90	1	1	213	1	226	5.77e-88	259	218	229	98	NP_001108464.1 glutathione S-transferase epsilon 5 [Bombyx mori]
TRINITY_DN5942_c0_g1_i2.p1	NP_001037197.1	54.378	217	97	2	1	215	1	217	5.49e-86	254	218	222	99	NP_001037197.1 glutathione S-transferase epsilon 1 [Bombyx mori]
TRINITY_DN5942_c0_g1_i2.p1	XP_037874601.1	42.130	216	123	2	1	215	1	215	2.74e-60	188	218	217	99	XP_037874601.1 glutathione S-transferase epsilon 3 isoform X1 [Bombyx mori]
TRINITY_DN5942_c0_g1_i2.p1	XP_037874600.1	42.130	216	123	2	1	215	1	215	2.74e-60	188	218	217	99	XP_037874600.1 glutathione S-transferase epsilon 3 isoform X1 [Bombyx mori]
TRINITY_DN5942_c0_g1_i2.p1	XP_012546875.1	42.130	216	123	2	1	215	1	215	2.74e-60	188	218	217	99	XP_012546875.1 glutathione S-transferase epsilon 3 isoform X1 [Bombyx mori]
TRINITY_DN5942_c0_g1_i2.p1	NP_001108466.1	42.130	216	123	2	1	215	1	215	2.74e-60	188	218	217	99	NP_001108466.1 glutathione S-transferase epsilon 3 [Bombyx mori]
TRINITY_DN5942_c0_g1_i2.p1	XP_062532228.1	39.908	218	124	6	1	215	1	214	5.87e-50	162	218	215	99	XP_062532228.1 glutathione S-transferase epsilon 2 isoform X1 [Bombyx mori]
TRINITY_DN5942_c0_g1_i2.p1	XP_062532227.1	39.908	218	124	6	1	215	1	214	5.87e-50	162	218	215	99	XP_062532227.1 glutathione S-transferase epsilon 2 isoform X1 [Bombyx mori]
TRINITY_DN5942_c0_g1_i2.p1	XP_062532226.1	39.908	218	124	6	1	215	1	214	5.87e-50	162	218	215	99	XP_062532226.1 glutathione S-transferase epsilon 2 isoform X1 [Bombyx mori]
TRINITY_DN6014_c0_g1_i5.p1	XP_004933751.1	79.630	324	40	1	1	324	20	317	0.0	521	324	317	100	XP_004933751.1 metaxin-1 [Bombyx mori]
TRINITY_DN6014_c0_g1_i5.p1	XP_062528878.1	25.463	216	156	2	33	247	47	258	9.62e-23	95.5	324	259	66	XP_062528878.1 metaxin-2 isoform X4 [Bombyx mori]
TRINITY_DN6014_c0_g1_i5.p1	XP_037871617.1	25.463	216	156	2	33	247	143	354	1.95e-22	96.7	324	355	66	XP_037871617.1 metaxin-2 isoform X3 [Bombyx mori]
TRINITY_DN6014_c0_g1_i5.p1	XP_037871612.1	27.619	210	144	4	33	240	143	346	4.36e-20	91.3	324	624	64	XP_037871612.1 uncharacterized protein LOC101745843 isoform X1 [Bombyx mori]
TRINITY_DN6014_c0_g1_i5.p1	XP_062528872.1	27.619	210	144	4	33	240	47	250	4.49e-20	90.9	324	528	64	XP_062528872.1 uncharacterized protein LOC101745843 isoform X2 [Bombyx mori]
TRINITY_DN6014_c0_g1_i5.p1	XP_004929847.1	21.757	239	165	7	20	246	80	308	8.98e-04	41.2	324	374	70	XP_004929847.1 failed axon connections isoform X2 [Bombyx mori]
TRINITY_DN6014_c0_g1_i5.p1	XP_004929846.1	21.757	239	165	7	20	246	80	308	0.001	40.8	324	375	70	XP_004929846.1 failed axon connections isoform X1 [Bombyx mori]
TRINITY_DN679_c0_g1_i1.p1	NP_001108463.1	67.249	229	74	1	1	228	1	229	5.62e-120	340	228	229	100	NP_001108463.1 glutathione S-transferase theta 1 [Bombyx mori]
TRINITY_DN679_c0_g1_i1.p1	XP_012546617.1	67.010	194	63	1	36	228	12	205	1.57e-101	293	228	205	85	XP_012546617.1 glutathione S-transferase theta 1 isoform X1 [Bombyx mori]
TRINITY_DN679_c0_g1_i1.p1	NP_001037183.1	29.545	220	137	6	3	218	6	211	8.11e-18	79.3	228	218	95	NP_001037183.1 glutathione S-transferase delta 1 [Bombyx mori]
TRINITY_DN679_c0_g1_i1.p1	NP_001037546.1	29.268	205	125	7	1	200	1	190	3.05e-14	69.7	228	220	88	NP_001037546.1 glutathione S-transferase delta 3 [Bombyx mori]
TRINITY_DN679_c0_g1_i1.p1	XP_062524888.1	29.268	205	125	7	1	200	166	355	1.93e-13	68.9	228	385	88	XP_062524888.1 glutathione S-transferase delta 3 isoform X16 [Bombyx mori]
TRINITY_DN679_c0_g1_i1.p1	XP_037877201.1	29.268	205	125	7	1	200	174	363	2.09e-13	68.9	228	393	88	XP_037877201.1 glutathione S-transferase delta 3 isoform X15 [Bombyx mori]
TRINITY_DN679_c0_g1_i1.p1	XP_062524885.1	30.542	203	119	8	1	197	176	362	2.25e-13	68.9	228	395	86	XP_062524885.1 glutathione S-transferase delta 3 isoform X14 [Bombyx mori]
TRINITY_DN679_c0_g1_i1.p1	XP_012546385.1	29.268	205	125	7	1	200	128	317	2.40e-13	68.6	228	347	88	XP_012546385.1 glutathione S-transferase delta 3 isoform X17 [Bombyx mori]
TRINITY_DN679_c0_g1_i1.p1	XP_062524879.1	30.542	203	119	8	1	197	228	414	2.53e-13	68.9	228	447	86	XP_062524879.1 glutathione S-transferase delta 3 isoform X7 [Bombyx mori]
TRINITY_DN679_c0_g1_i1.p1	XP_037877200.1	30.542	203	119	8	1	197	207	393	2.64e-13	68.6	228	426	86	XP_037877200.1 glutathione S-transferase delta 3 isoform X8 [Bombyx mori]
TRINITY_DN59434_c0_g1_i1.p1	XP_062532228.1	44.700	217	118	2	1	217	1	215	2.94e-67	206	223	215	97	XP_062532228.1 glutathione S-transferase epsilon 2 isoform X1 [Bombyx mori]
TRINITY_DN59434_c0_g1_i1.p1	XP_062532227.1	44.700	217	118	2	1	217	1	215	2.94e-67	206	223	215	97	XP_062532227.1 glutathione S-transferase epsilon 2 isoform X1 [Bombyx mori]
TRINITY_DN59434_c0_g1_i1.p1	XP_062532226.1	44.700	217	118	2	1	217	1	215	2.94e-67	206	223	215	97	XP_062532226.1 glutathione S-transferase epsilon 2 isoform X1 [Bombyx mori]
TRINITY_DN59434_c0_g1_i1.p1	NP_001037420.1	44.240	217	119	2	1	217	1	215	1.70e-66	204	223	215	97	NP_001037420.1 glutathione S-transferase epsilon 2 [Bombyx mori]
TRINITY_DN59434_c0_g1_i1.p1	XP_037874601.1	44.186	215	115	3	1	213	1	212	4.64e-59	185	223	217	96	XP_037874601.1 glutathione S-transferase epsilon 3 isoform X1 [Bombyx mori]
TRINITY_DN59434_c0_g1_i1.p1	XP_037874600.1	44.186	215	115	3	1	213	1	212	4.64e-59	185	223	217	96	XP_037874600.1 glutathione S-transferase epsilon 3 isoform X1 [Bombyx mori]
TRINITY_DN59434_c0_g1_i1.p1	XP_012546875.1	44.186	215	115	3	1	213	1	212	4.64e-59	185	223	217	96	XP_012546875.1 glutathione S-transferase epsilon 3 isoform X1 [Bombyx mori]
TRINITY_DN59434_c0_g1_i1.p1	NP_001108466.1	44.186	215	115	3	1	213	1	212	4.64e-59	185	223	217	96	NP_001108466.1 glutathione S-transferase epsilon 3 [Bombyx mori]
TRINITY_DN59434_c0_g1_i1.p1	XP_062530525.1	42.718	206	115	3	1	204	1	205	7.99e-54	172	223	228	91	XP_062530525.1 glutathione S-transferase epsilon 6 isoform X1 [Bombyx mori]
TRINITY_DN59434_c0_g1_i1.p1	XP_062530524.1	42.718	206	115	3	1	204	1	205	7.99e-54	172	223	228	91	XP_062530524.1 glutathione S-transferase epsilon 6 isoform X1 [Bombyx mori]
TRINITY_DN3971_c0_g2_i1.p1	XP_012544300.1	61.875	160	61	0	1	160	44	203	1.59e-68	206	163	204	98	XP_012544300.1 glutathione S-transferase sigma 2 isoform X1 [Bombyx mori]
TRINITY_DN3971_c0_g2_i1.p1	NP_001036994.1	61.875	160	61	0	1	160	44	203	1.59e-68	206	163	204	98	NP_001036994.1 glutathione S-transferase sigma 2 [Bombyx mori]
TRINITY_DN3971_c0_g2_i1.p1	NP_001037077.1	59.006	161	66	0	1	161	44	204	9.53e-64	194	163	206	99	NP_001037077.1 glutathione S-transferase sigma 1 [Bombyx mori]
TRINITY_DN3971_c0_g3_i1.p1	XP_012544300.1	69.951	203	61	0	1	203	1	203	1.18e-102	295	204	204	99	XP_012544300.1 glutathione S-transferase sigma 2 isoform X1 [Bombyx mori]
TRINITY_DN3971_c0_g3_i1.p1	NP_001036994.1	69.951	203	61	0	1	203	1	203	1.18e-102	295	204	204	99	NP_001036994.1 glutathione S-transferase sigma 2 [Bombyx mori]
TRINITY_DN3971_c0_g3_i1.p1	NP_001037077.1	64.467	197	70	0	1	197	1	197	2.45e-94	274	204	206	97	NP_001037077.1 glutathione S-transferase sigma 1 [Bombyx mori]
TRINITY_DN86_c0_g1_i3.p1	XP_062526828.1	60.744	242	94	1	40	280	10	251	4.74e-111	321	281	256	86	XP_062526828.1 glutathione S-transferase omega 2 isoform X3 [Bombyx mori]
TRINITY_DN86_c0_g1_i3.p1	NP_001037406.1	60.744	242	94	1	40	280	10	251	2.10e-110	320	281	256	86	NP_001037406.1 glutathione S-transferase omega 2 [Bombyx mori]
TRINITY_DN86_c0_g1_i3.p1	XP_062526826.1	59.438	249	90	4	1	238	1	249	2.89e-106	311	281	300	85	XP_062526826.1 glutathione S-transferase omega 2 isoform X1 [Bombyx mori]
TRINITY_DN86_c0_g1_i3.p1	XP_062526827.1	64.000	200	71	1	40	238	10	209	8.50e-96	283	281	260	71	XP_062526827.1 glutathione S-transferase omega 2 isoform X2 [Bombyx mori]
TRINITY_DN86_c0_g1_i3.p1	NP_001108461.1	50.633	237	117	0	35	271	1	237	2.56e-94	278	281	247	84	NP_001108461.1 glutathione S-transferase omega 4 [Bombyx mori]
TRINITY_DN86_c0_g1_i3.p1	NP_001040131.1	40.167	239	137	3	44	278	3	239	2.55e-62	197	281	254	84	NP_001040131.1 glutathione S-transferase omega 1 [Bombyx mori]
TRINITY_DN86_c0_g1_i3.p1	NP_001040435.1	34.973	183	103	4	46	219	5	180	7.54e-32	118	281	240	62	NP_001040435.1 glutathione S-transferase omega 3 [Bombyx mori]
TRINITY_DN86_c0_g1_i3.p1	NP_001037418.1	25.397	189	120	6	73	249	18	197	3.48e-07	50.4	281	215	63	NP_001037418.1 glutathione S-transferase zeta 1 [Bombyx mori]
TRINITY_DN86_c0_g1_i3.p1	NP_001040453.1	26.131	199	127	7	60	247	8	197	4.45e-07	50.1	281	216	67	NP_001040453.1 glutathione S-transferae zeta 2 [Bombyx mori]
TRINITY_DN919_c0_g1_i3.p1	XP_012544300.1	31.313	198	131	4	1	195	1	196	8.45e-26	99.4	211	204	92	XP_012544300.1 glutathione S-transferase sigma 2 isoform X1 [Bombyx mori]
TRINITY_DN919_c0_g1_i3.p1	NP_001036994.1	31.313	198	131	4	1	195	1	196	8.45e-26	99.4	211	204	92	NP_001036994.1 glutathione S-transferase sigma 2 [Bombyx mori]
TRINITY_DN919_c0_g1_i3.p1	NP_001037077.1	30.693	202	127	6	1	195	1	196	6.38e-20	84.0	211	206	92	NP_001037077.1 glutathione S-transferase sigma 1 [Bombyx mori]
TRINITY_DN80_c0_g1_i1.p1	XP_012544300.1	59.412	170	69	0	2	171	4	173	1.89e-70	212	171	204	99	XP_012544300.1 glutathione S-transferase sigma 2 isoform X1 [Bombyx mori]
TRINITY_DN80_c0_g1_i1.p1	NP_001036994.1	59.412	170	69	0	2	171	4	173	1.89e-70	212	171	204	99	NP_001036994.1 glutathione S-transferase sigma 2 [Bombyx mori]
TRINITY_DN80_c0_g1_i1.p1	NP_001037077.1	57.310	171	73	0	1	171	3	173	5.66e-68	206	171	206	100	NP_001037077.1 glutathione S-transferase sigma 1 [Bombyx mori]
TRINITY_DN80_c0_g2_i1.p1	XP_012544300.1	66.990	103	34	0	1	103	1	103	1.25e-43	140	103	204	100	XP_012544300.1 glutathione S-transferase sigma 2 isoform X1 [Bombyx mori]
TRINITY_DN80_c0_g2_i1.p1	NP_001036994.1	66.990	103	34	0	1	103	1	103	1.25e-43	140	103	204	100	NP_001036994.1 glutathione S-transferase sigma 2 [Bombyx mori]
TRINITY_DN80_c0_g2_i1.p1	NP_001037077.1	65.049	103	36	0	1	103	1	103	7.17e-43	139	103	206	100	NP_001037077.1 glutathione S-transferase sigma 1 [Bombyx mori]
TRINITY_DN8688_c0_g1_i2.p1	XP_021204931.1	79.245	424	88	0	8	431	45	468	0.0	677	431	468	98	XP_021204931.1 elongation factor 1 gamma isoform X1 [Bombyx mori]
TRINITY_DN8688_c0_g1_i2.p1	XP_062529508.1	79.196	423	88	0	9	431	1	423	0.0	674	431	423	98	XP_062529508.1 elongation factor 1 gamma isoform X2 [Bombyx mori]
TRINITY_DN8688_c0_g1_i2.p1	NP_001036852.1	79.196	423	88	0	9	431	1	423	0.0	674	431	423	98	NP_001036852.1 elongation factor 1 gamma [Bombyx mori]
TRINITY_DN8688_c0_g1_i2.p1	XP_004930497.3	27.485	171	109	6	45	207	164	327	7.52e-07	51.2	431	364	38	XP_004930497.3 glutathione S-transferase D7 [Bombyx mori]
TRINITY_DN8688_c0_g1_i2.p1	NP_001037420.1	25.946	185	127	6	23	203	14	192	3.96e-05	45.1	431	215	42	NP_001037420.1 glutathione S-transferase epsilon 2 [Bombyx mori]
TRINITY_DN8688_c0_g1_i2.p1	NP_001108463.1	26.875	160	99	6	51	197	42	196	4.45e-05	45.1	431	229	34	NP_001108463.1 glutathione S-transferase theta 1 [Bombyx mori]
TRINITY_DN8688_c0_g1_i2.p1	XP_012546617.1	26.875	160	99	6	51	197	18	172	4.59e-05	44.7	431	205	34	XP_012546617.1 glutathione S-transferase theta 1 isoform X1 [Bombyx mori]
TRINITY_DN8688_c0_g1_i2.p1	XP_062532228.1	25.946	185	127	6	23	203	14	192	5.17e-05	44.7	431	215	42	XP_062532228.1 glutathione S-transferase epsilon 2 isoform X1 [Bombyx mori]
TRINITY_DN8688_c0_g1_i2.p1	XP_062532227.1	25.946	185	127	6	23	203	14	192	5.17e-05	44.7	431	215	42	XP_062532227.1 glutathione S-transferase epsilon 2 isoform X1 [Bombyx mori]
TRINITY_DN8688_c0_g1_i2.p1	XP_062532226.1	25.946	185	127	6	23	203	14	192	5.17e-05	44.7	431	215	42	XP_062532226.1 glutathione S-transferase epsilon 2 isoform X1 [Bombyx mori]
TRINITY_DN5417_c0_g1_i1.p1	XP_037874601.1	49.309	217	108	2	14	229	1	216	1.20e-80	241	233	217	93	XP_037874601.1 glutathione S-transferase epsilon 3 isoform X1 [Bombyx mori]
TRINITY_DN5417_c0_g1_i1.p1	XP_037874600.1	49.309	217	108	2	14	229	1	216	1.20e-80	241	233	217	93	XP_037874600.1 glutathione S-transferase epsilon 3 isoform X1 [Bombyx mori]
TRINITY_DN5417_c0_g1_i1.p1	XP_012546875.1	49.309	217	108	2	14	229	1	216	1.20e-80	241	233	217	93	XP_012546875.1 glutathione S-transferase epsilon 3 isoform X1 [Bombyx mori]
TRINITY_DN5417_c0_g1_i1.p1	NP_001108466.1	49.309	217	108	2	14	229	1	216	1.20e-80	241	233	217	93	NP_001108466.1 glutathione S-transferase epsilon 3 [Bombyx mori]
TRINITY_DN5417_c0_g1_i1.p1	XP_062530525.1	40.594	202	118	1	18	217	5	206	3.39e-56	179	233	228	86	XP_062530525.1 glutathione S-transferase epsilon 6 isoform X1 [Bombyx mori]
TRINITY_DN5417_c0_g1_i1.p1	XP_062530524.1	40.594	202	118	1	18	217	5	206	3.39e-56	179	233	228	86	XP_062530524.1 glutathione S-transferase epsilon 6 isoform X1 [Bombyx mori]
TRINITY_DN5417_c0_g1_i1.p1	XP_021205855.1	40.594	202	118	1	18	217	5	206	3.39e-56	179	233	228	86	XP_021205855.1 glutathione S-transferase epsilon 6 isoform X1 [Bombyx mori]
TRINITY_DN5417_c0_g1_i1.p1	XP_021205854.1	40.594	202	118	1	18	217	5	206	3.39e-56	179	233	228	86	XP_021205854.1 glutathione S-transferase epsilon 6 isoform X1 [Bombyx mori]
TRINITY_DN5417_c0_g1_i1.p1	XP_012548743.1	40.594	202	118	1	18	217	5	206	3.39e-56	179	233	228	86	XP_012548743.1 glutathione S-transferase epsilon 6 isoform X1 [Bombyx mori]
TRINITY_DN5417_c0_g1_i1.p1	NP_001037197.1	40.000	220	130	2	14	231	1	220	5.39e-53	171	233	222	94	NP_001037197.1 glutathione S-transferase epsilon 1 [Bombyx mori]
TRINITY_DN81_c1_g1_i4.p1	NP_001296503.1	74.236	916	233	3	1	915	1	914	0.0	1445	915	1001	100	NP_001296503.1 methionine--tRNA ligase, cytoplasmic [Bombyx mori]
TRINITY_DN81_c1_g1_i4.p1	NP_001296503.1	50.000	84	33	2	803	879	920	1001	9.18e-11	66.2	915	1001	100	NP_001296503.1 methionine--tRNA ligase, cytoplasmic [Bombyx mori]
TRINITY_DN81_c1_g1_i4.p1	XP_062527709.1	74.454	916	231	3	1	915	1	914	0.0	1442	915	940	100	XP_062527709.1 methionine--tRNA ligase, cytoplasmic isoform X5 [Bombyx mori]
TRINITY_DN81_c1_g1_i4.p1	XP_062527698.1	74.127	916	234	3	1	915	1	914	0.0	1441	915	1001	100	XP_062527698.1 methionine--tRNA ligase, cytoplasmic isoform X1 [Bombyx mori]
TRINITY_DN81_c1_g1_i4.p1	XP_062527698.1	48.780	82	37	1	803	879	920	1001	9.42e-11	66.2	915	1001	100	XP_062527698.1 methionine--tRNA ligase, cytoplasmic isoform X1 [Bombyx mori]
TRINITY_DN81_c1_g1_i4.p1	XP_012544872.2	73.690	916	233	4	1	915	1	909	0.0	1429	915	996	100	XP_012544872.2 methionine--tRNA ligase, cytoplasmic isoform X2 [Bombyx mori]
TRINITY_DN81_c1_g1_i4.p1	XP_012544872.2	48.780	82	37	1	803	879	915	996	9.01e-11	66.6	915	996	100	XP_012544872.2 methionine--tRNA ligase, cytoplasmic isoform X2 [Bombyx mori]
TRINITY_DN81_c1_g1_i4.p1	XP_062527705.1	73.581	916	234	4	1	915	1	909	0.0	1424	915	996	100	XP_062527705.1 methionine--tRNA ligase, cytoplasmic isoform X3 [Bombyx mori]
TRINITY_DN81_c1_g1_i4.p1	XP_062527705.1	48.780	82	37	1	803	879	915	996	9.40e-11	66.2	915	996	100	XP_062527705.1 methionine--tRNA ligase, cytoplasmic isoform X3 [Bombyx mori]
TRINITY_DN81_c1_g1_i4.p1	XP_062527708.1	72.817	916	232	4	1	915	1	900	0.0	1406	915	987	100	XP_062527708.1 methionine--tRNA ligase, cytoplasmic isoform X4 [Bombyx mori]
TRINITY_DN81_c1_g1_i4.p1	XP_062527708.1	48.780	82	37	1	803	879	906	987	8.53e-11	66.6	915	987	100	XP_062527708.1 methionine--tRNA ligase, cytoplasmic isoform X4 [Bombyx mori]
TRINITY_DN81_c1_g1_i4.p1	XP_037876497.1	20.896	536	362	16	256	774	14	504	1.18e-14	78.2	915	547	57	XP_037876497.1 methionine--tRNA ligase, mitochondrial [Bombyx mori]
TRINITY_DN4809_c0_g2_i1.p1	NP_001037077.1	54.335	173	78	1	4	176	2	173	5.25e-64	196	176	206	98	NP_001037077.1 glutathione S-transferase sigma 1 [Bombyx mori]
TRINITY_DN4809_c0_g2_i1.p1	XP_012544300.1	55.030	169	75	1	8	176	6	173	2.68e-63	194	176	204	96	XP_012544300.1 glutathione S-transferase sigma 2 isoform X1 [Bombyx mori]
TRINITY_DN4809_c0_g2_i1.p1	NP_001036994.1	55.030	169	75	1	8	176	6	173	2.68e-63	194	176	204	96	NP_001036994.1 glutathione S-transferase sigma 2 [Bombyx mori]
TRINITY_DN285_c0_g2_i1.p2	XP_037877193.1	90.278	216	21	0	1	216	1	216	6.04e-135	377	216	216	100	XP_037877193.1 glutathione S-transferase delta 2 isoform X1 [Bombyx mori]
TRINITY_DN285_c0_g2_i1.p2	NP_001036974.1	90.278	216	21	0	1	216	1	216	6.04e-135	377	216	216	100	NP_001036974.1 glutathione S-transferase delta 2 [Bombyx mori]
TRINITY_DN285_c0_g2_i1.p2	NP_001037546.1	61.751	217	82	1	1	216	1	217	4.49e-95	276	216	220	100	NP_001037546.1 glutathione S-transferase delta 3 [Bombyx mori]
TRINITY_DN285_c0_g2_i1.p2	XP_062524885.1	62.150	214	80	1	1	213	176	389	1.08e-93	279	216	395	99	XP_062524885.1 glutathione S-transferase delta 3 isoform X14 [Bombyx mori]
TRINITY_DN285_c0_g2_i1.p2	XP_062524881.1	61.751	217	82	1	1	216	199	415	1.66e-93	280	216	418	100	XP_062524881.1 glutathione S-transferase delta 3 isoform X10 [Bombyx mori]
TRINITY_DN285_c0_g2_i1.p2	XP_062524884.1	61.751	217	82	1	1	216	187	403	1.83e-93	279	216	406	100	XP_062524884.1 glutathione S-transferase delta 3 isoform X13 [Bombyx mori]
TRINITY_DN285_c0_g2_i1.p2	XP_062524883.1	61.751	217	82	1	1	216	191	407	1.85e-93	279	216	410	100	XP_062524883.1 glutathione S-transferase delta 3 isoform X12 [Bombyx mori]
TRINITY_DN285_c0_g2_i1.p2	XP_062524882.1	61.751	217	82	1	1	216	195	411	2.27e-93	279	216	414	100	XP_062524882.1 glutathione S-transferase delta 3 isoform X11 [Bombyx mori]
TRINITY_DN285_c0_g2_i1.p2	XP_037877200.1	61.751	217	82	1	1	216	207	423	2.32e-93	280	216	426	100	XP_037877200.1 glutathione S-transferase delta 3 isoform X8 [Bombyx mori]
TRINITY_DN285_c0_g2_i1.p2	XP_062524880.1	61.751	217	82	1	1	216	199	415	2.51e-93	279	216	418	100	XP_062524880.1 glutathione S-transferase delta 3 isoform X9 [Bombyx mori]
TRINITY_DN9469_c0_g4_i1.p1	XP_012544300.1	34.536	194	123	3	34	225	5	196	1.72e-27	104	237	204	81	XP_012544300.1 glutathione S-transferase sigma 2 isoform X1 [Bombyx mori]
TRINITY_DN9469_c0_g4_i1.p1	NP_001036994.1	34.536	194	123	3	34	225	5	196	1.72e-27	104	237	204	81	NP_001036994.1 glutathione S-transferase sigma 2 [Bombyx mori]
TRINITY_DN9469_c0_g4_i1.p1	NP_001037077.1	29.688	192	131	3	36	225	7	196	5.96e-19	82.0	237	206	80	NP_001037077.1 glutathione S-transferase sigma 1 [Bombyx mori]
TRINITY_DN3410_c0_g1_i1.p1	NP_001037418.1	94.366	213	11	1	3	215	4	215	3.15e-152	421	215	215	99	NP_001037418.1 glutathione S-transferase zeta 1 [Bombyx mori]
TRINITY_DN3410_c0_g1_i1.p1	NP_001040453.1	46.117	206	107	4	5	208	7	210	1.00e-64	199	215	216	95	NP_001040453.1 glutathione S-transferae zeta 2 [Bombyx mori]
TRINITY_DN3410_c0_g1_i1.p1	XP_062524854.1	25.698	179	128	4	6	182	5	180	5.14e-10	57.8	215	233	82	XP_062524854.1 glutathione S-transferase unclassified 1 isoform X1 [Bombyx mori]
TRINITY_DN3410_c0_g1_i1.p1	XP_062524853.1	25.698	179	128	4	6	182	5	180	5.14e-10	57.8	215	233	82	XP_062524853.1 glutathione S-transferase unclassified 1 isoform X1 [Bombyx mori]
TRINITY_DN3410_c0_g1_i1.p1	XP_062524852.1	25.698	179	128	4	6	182	5	180	5.14e-10	57.8	215	233	82	XP_062524852.1 glutathione S-transferase unclassified 1 isoform X1 [Bombyx mori]
TRINITY_DN3410_c0_g1_i1.p1	XP_062524851.1	25.698	179	128	4	6	182	5	180	5.14e-10	57.8	215	233	82	XP_062524851.1 glutathione S-transferase unclassified 1 isoform X1 [Bombyx mori]
TRINITY_DN3410_c0_g1_i1.p1	XP_062524850.1	25.698	179	128	4	6	182	5	180	5.14e-10	57.8	215	233	82	XP_062524850.1 glutathione S-transferase unclassified 1 isoform X1 [Bombyx mori]
TRINITY_DN3410_c0_g1_i1.p1	XP_062524849.1	25.698	179	128	4	6	182	5	180	5.14e-10	57.8	215	233	82	XP_062524849.1 glutathione S-transferase unclassified 1 isoform X1 [Bombyx mori]
TRINITY_DN3410_c0_g1_i1.p1	XP_062524848.1	25.698	179	128	4	6	182	5	180	5.14e-10	57.8	215	233	82	XP_062524848.1 glutathione S-transferase unclassified 1 isoform X1 [Bombyx mori]
TRINITY_DN3410_c0_g1_i1.p1	XP_012549556.2	25.698	179	128	4	6	182	5	180	5.14e-10	57.8	215	233	82	XP_012549556.2 glutathione S-transferase unclassified 1 isoform X1 [Bombyx mori]
TRINITY_DN29190_c0_g1_i1.p1	XP_037874601.1	45.038	131	70	1	17	147	1	129	3.03e-35	122	149	217	88	XP_037874601.1 glutathione S-transferase epsilon 3 isoform X1 [Bombyx mori]
TRINITY_DN29190_c0_g1_i1.p1	XP_037874600.1	45.038	131	70	1	17	147	1	129	3.03e-35	122	149	217	88	XP_037874600.1 glutathione S-transferase epsilon 3 isoform X1 [Bombyx mori]
TRINITY_DN29190_c0_g1_i1.p1	XP_012546875.1	45.038	131	70	1	17	147	1	129	3.03e-35	122	149	217	88	XP_012546875.1 glutathione S-transferase epsilon 3 isoform X1 [Bombyx mori]
TRINITY_DN29190_c0_g1_i1.p1	NP_001108466.1	45.038	131	70	1	17	147	1	129	3.03e-35	122	149	217	88	NP_001108466.1 glutathione S-transferase epsilon 3 [Bombyx mori]
TRINITY_DN29190_c0_g1_i1.p1	XP_062532228.1	46.154	130	69	1	17	146	1	129	9.20e-33	115	149	215	87	XP_062532228.1 glutathione S-transferase epsilon 2 isoform X1 [Bombyx mori]
TRINITY_DN29190_c0_g1_i1.p1	XP_062532227.1	46.154	130	69	1	17	146	1	129	9.20e-33	115	149	215	87	XP_062532227.1 glutathione S-transferase epsilon 2 isoform X1 [Bombyx mori]
TRINITY_DN29190_c0_g1_i1.p1	XP_062532226.1	46.154	130	69	1	17	146	1	129	9.20e-33	115	149	215	87	XP_062532226.1 glutathione S-transferase epsilon 2 isoform X1 [Bombyx mori]
TRINITY_DN29190_c0_g1_i1.p1	NP_001037420.1	45.385	130	70	1	17	146	1	129	5.88e-32	113	149	215	87	NP_001037420.1 glutathione S-transferase epsilon 2 [Bombyx mori]
TRINITY_DN29190_c0_g1_i1.p1	NP_001108465.1	45.614	114	62	0	21	134	5	118	4.22e-30	108	149	223	77	NP_001108465.1 glutathione S-transferase epsilon 6 [Bombyx mori]
TRINITY_DN29190_c0_g1_i1.p1	XP_062530525.1	45.614	114	62	0	21	134	5	118	4.64e-30	108	149	228	77	XP_062530525.1 glutathione S-transferase epsilon 6 isoform X1 [Bombyx mori]
