TRINITY_DN12505_c0_g1_i1.p1	XP_035455001.2	77.027	444	101	1	1	444	1	443	0.0	729	444	521	100	XP_035455001.2 UDP-glycosyltransferase UGT5 [Spodoptera frugiperda]
TRINITY_DN12505_c0_g1_i1.p1	XP_035454996.2	71.396	444	126	1	1	444	1	443	0.0	678	444	521	100	XP_035454996.2 UDP-glucosyltransferase 2 [Spodoptera frugiperda]
TRINITY_DN12505_c0_g1_i1.p1	XP_035455005.2	69.535	430	130	1	16	444	16	445	0.0	634	444	521	97	XP_035455005.2 UDP-glycosyltransferase UGT5-like [Spodoptera frugiperda]
TRINITY_DN12505_c0_g1_i1.p1	XP_035455004.2	63.927	438	158	0	7	444	7	444	0.0	622	444	520	99	XP_035455004.2 UDP-glucosyltransferase 2-like [Spodoptera frugiperda]
TRINITY_DN12505_c0_g1_i1.p1	XP_035455002.2	64.108	443	159	0	2	444	3	445	0.0	620	444	521	99	XP_035455002.2 UDP-glucosyltransferase 2-like [Spodoptera frugiperda]
TRINITY_DN12505_c0_g1_i1.p1	XP_035454998.2	66.818	440	144	2	7	444	8	447	0.0	615	444	521	99	XP_035454998.2 UDP-glycosyltransferase UGT5 [Spodoptera frugiperda]
TRINITY_DN12505_c0_g1_i1.p1	XP_050554449.1	59.368	443	174	3	2	444	6	442	0.0	567	444	518	99	XP_050554449.1 UDP-glycosyltransferase UGT5 isoform X6 [Spodoptera frugiperda]
TRINITY_DN12505_c0_g1_i1.p1	XP_050554448.1	59.368	443	174	3	2	444	6	442	0.0	566	444	518	99	XP_050554448.1 UDP-glycosyltransferase UGT5 isoform X5 [Spodoptera frugiperda]
TRINITY_DN12505_c0_g1_i1.p1	XP_035454641.2	59.368	443	174	3	2	444	6	442	0.0	566	444	518	99	XP_035454641.2 UDP-glycosyltransferase UGT5 isoform X3 [Spodoptera frugiperda]
TRINITY_DN12505_c0_g1_i1.p1	XP_050554446.1	58.916	443	176	3	2	444	6	442	0.0	563	444	518	99	XP_050554446.1 UDP-glycosyltransferase UGT5 isoform X2 [Spodoptera frugiperda]
TRINITY_DN24943_c0_g1_i1.p1	XP_035454586.2	65.714	105	36	0	1	105	67	171	1.24e-43	148	106	515	99	XP_035454586.2 UDP-glucosyltransferase 2 [Spodoptera frugiperda]
TRINITY_DN24943_c0_g1_i1.p1	XP_035454584.2	61.905	105	40	0	1	105	69	173	1.91e-40	140	106	518	99	XP_035454584.2 UDP-glucosyltransferase 2 [Spodoptera frugiperda]
TRINITY_DN24943_c0_g1_i1.p1	XP_050554451.1	56.190	105	45	1	2	105	68	172	9.15e-37	130	106	516	98	XP_050554451.1 UDP-glycosyltransferase UGT5-like [Spodoptera frugiperda]
TRINITY_DN24943_c0_g1_i1.p1	XP_035455001.2	48.148	108	53	2	1	105	68	175	5.19e-28	106	106	521	99	XP_035455001.2 UDP-glycosyltransferase UGT5 [Spodoptera frugiperda]
TRINITY_DN24943_c0_g1_i1.p1	XP_035454925.2	50.909	110	48	3	1	105	64	172	5.51e-28	106	106	512	99	XP_035454925.2 UDP-glucosyltransferase 2-like [Spodoptera frugiperda]
TRINITY_DN24943_c0_g1_i1.p1	XP_035454641.2	47.619	105	54	1	1	104	68	172	5.23e-26	100	106	518	98	XP_035454641.2 UDP-glycosyltransferase UGT5 isoform X3 [Spodoptera frugiperda]
TRINITY_DN24943_c0_g1_i1.p1	XP_050554448.1	47.619	105	54	1	1	104	68	172	8.75e-26	100	106	518	98	XP_050554448.1 UDP-glycosyltransferase UGT5 isoform X5 [Spodoptera frugiperda]
TRINITY_DN24943_c0_g1_i1.p1	XP_050554449.1	47.619	105	54	1	1	104	68	172	8.93e-26	100	106	518	98	XP_050554449.1 UDP-glycosyltransferase UGT5 isoform X6 [Spodoptera frugiperda]
TRINITY_DN24943_c0_g1_i1.p1	XP_050554447.1	46.667	105	55	1	1	104	68	172	1.02e-25	100	106	518	98	XP_050554447.1 UDP-glycosyltransferase UGT5 isoform X4 [Spodoptera frugiperda]
TRINITY_DN24943_c0_g1_i1.p1	XP_050554446.1	47.619	105	54	1	1	104	68	172	1.35e-25	99.8	106	518	98	XP_050554446.1 UDP-glycosyltransferase UGT5 isoform X2 [Spodoptera frugiperda]
TRINITY_DN13664_c0_g1_i1.p1	XP_035455002.2	79.268	164	34	0	1	164	343	506	1.54e-89	271	178	521	92	XP_035455002.2 UDP-glucosyltransferase 2-like [Spodoptera frugiperda]
TRINITY_DN13664_c0_g1_i1.p1	XP_035454996.2	67.416	178	58	0	1	178	341	518	5.84e-81	249	178	521	100	XP_035454996.2 UDP-glucosyltransferase 2 [Spodoptera frugiperda]
TRINITY_DN13664_c0_g1_i1.p1	XP_035455001.2	68.362	177	56	0	2	178	342	518	1.59e-79	245	178	521	99	XP_035455001.2 UDP-glycosyltransferase UGT5 [Spodoptera frugiperda]
TRINITY_DN13664_c0_g1_i1.p1	XP_035454584.2	68.485	165	49	1	1	165	340	501	4.61e-79	244	178	518	93	XP_035454584.2 UDP-glucosyltransferase 2 [Spodoptera frugiperda]
TRINITY_DN13664_c0_g1_i1.p1	XP_035454998.2	65.537	177	58	1	1	177	345	518	1.39e-78	243	178	521	99	XP_035454998.2 UDP-glycosyltransferase UGT5 [Spodoptera frugiperda]
TRINITY_DN13664_c0_g1_i1.p1	XP_050554449.1	63.636	176	63	1	1	176	340	514	6.12e-77	239	178	518	99	XP_050554449.1 UDP-glycosyltransferase UGT5 isoform X6 [Spodoptera frugiperda]
TRINITY_DN13664_c0_g1_i1.p1	XP_035454642.2	63.636	176	63	1	1	176	340	514	6.53e-77	239	178	518	99	XP_035454642.2 UDP-glycosyltransferase UGT5 isoform X1 [Spodoptera frugiperda]
TRINITY_DN13664_c0_g1_i1.p1	XP_050554447.1	63.636	176	63	1	1	176	340	514	6.60e-77	239	178	518	99	XP_050554447.1 UDP-glycosyltransferase UGT5 isoform X4 [Spodoptera frugiperda]
TRINITY_DN13664_c0_g1_i1.p1	XP_050554448.1	63.636	176	63	1	1	176	340	514	6.67e-77	238	178	518	99	XP_050554448.1 UDP-glycosyltransferase UGT5 isoform X5 [Spodoptera frugiperda]
TRINITY_DN13664_c0_g1_i1.p1	XP_050554446.1	63.636	176	63	1	1	176	340	514	6.67e-77	238	178	518	99	XP_050554446.1 UDP-glycosyltransferase UGT5 isoform X2 [Spodoptera frugiperda]
TRINITY_DN12106_c0_g1_i4.p1	XP_050554451.1	73.684	171	45	0	1	171	176	346	4.07e-89	270	171	516	100	XP_050554451.1 UDP-glycosyltransferase UGT5-like [Spodoptera frugiperda]
TRINITY_DN12106_c0_g1_i4.p1	XP_035454586.2	73.099	171	46	0	1	171	175	345	1.15e-87	266	171	515	100	XP_035454586.2 UDP-glucosyltransferase 2 [Spodoptera frugiperda]
TRINITY_DN12106_c0_g1_i4.p1	XP_035454584.2	66.667	171	57	0	1	171	177	347	5.87e-80	246	171	518	100	XP_035454584.2 UDP-glucosyltransferase 2 [Spodoptera frugiperda]
TRINITY_DN12106_c0_g1_i4.p1	XP_035454998.2	64.327	171	61	0	1	171	182	352	2.06e-74	232	171	521	100	XP_035454998.2 UDP-glycosyltransferase UGT5 [Spodoptera frugiperda]
TRINITY_DN12106_c0_g1_i4.p1	XP_050554449.1	61.988	171	65	0	1	171	177	347	1.10e-70	222	171	518	100	XP_050554449.1 UDP-glycosyltransferase UGT5 isoform X6 [Spodoptera frugiperda]
TRINITY_DN12106_c0_g1_i4.p1	XP_035454641.2	61.988	171	65	0	1	171	177	347	1.62e-70	222	171	518	100	XP_035454641.2 UDP-glycosyltransferase UGT5 isoform X3 [Spodoptera frugiperda]
TRINITY_DN12106_c0_g1_i4.p1	XP_050554448.1	61.988	171	65	0	1	171	177	347	1.75e-70	222	171	518	100	XP_050554448.1 UDP-glycosyltransferase UGT5 isoform X5 [Spodoptera frugiperda]
TRINITY_DN12106_c0_g1_i4.p1	XP_050554446.1	61.404	171	66	0	1	171	177	347	3.33e-70	221	171	518	100	XP_050554446.1 UDP-glycosyltransferase UGT5 isoform X2 [Spodoptera frugiperda]
TRINITY_DN12106_c0_g1_i4.p1	XP_035454642.2	61.404	171	66	0	1	171	177	347	3.51e-70	221	171	518	100	XP_035454642.2 UDP-glycosyltransferase UGT5 isoform X1 [Spodoptera frugiperda]
TRINITY_DN12106_c0_g1_i4.p1	XP_050554447.1	61.404	171	66	0	1	171	177	347	3.70e-70	221	171	518	100	XP_050554447.1 UDP-glycosyltransferase UGT5 isoform X4 [Spodoptera frugiperda]
TRINITY_DN31253_c0_g1_i2.p1	XP_035438828.2	66.892	148	48	1	1	148	158	304	2.06e-69	218	149	520	99	XP_035438828.2 UDP-glycosyltransferase UGT4 [Spodoptera frugiperda]
TRINITY_DN31253_c0_g1_i2.p1	XP_035455005.2	63.087	149	54	1	1	149	158	305	1.11e-62	201	149	521	100	XP_035455005.2 UDP-glycosyltransferase UGT5-like [Spodoptera frugiperda]
TRINITY_DN31253_c0_g1_i2.p1	XP_050554446.1	61.074	149	57	1	1	149	156	303	3.60e-59	191	149	518	100	XP_050554446.1 UDP-glycosyltransferase UGT5 isoform X2 [Spodoptera frugiperda]
TRINITY_DN31253_c0_g1_i2.p1	XP_035454642.2	61.074	149	57	1	1	149	156	303	3.63e-59	191	149	518	100	XP_035454642.2 UDP-glycosyltransferase UGT5 isoform X1 [Spodoptera frugiperda]
TRINITY_DN31253_c0_g1_i2.p1	XP_035454998.2	60.811	148	57	1	2	149	162	308	3.65e-59	191	149	521	99	XP_035454998.2 UDP-glycosyltransferase UGT5 [Spodoptera frugiperda]
TRINITY_DN31253_c0_g1_i2.p1	XP_050554447.1	61.074	149	57	1	1	149	156	303	4.26e-59	191	149	518	100	XP_050554447.1 UDP-glycosyltransferase UGT5 isoform X4 [Spodoptera frugiperda]
TRINITY_DN31253_c0_g1_i2.p1	XP_050554449.1	60.403	149	58	1	1	149	156	303	1.90e-58	189	149	518	100	XP_050554449.1 UDP-glycosyltransferase UGT5 isoform X6 [Spodoptera frugiperda]
TRINITY_DN31253_c0_g1_i2.p1	XP_050554448.1	60.403	149	58	1	1	149	156	303	1.94e-58	189	149	518	100	XP_050554448.1 UDP-glycosyltransferase UGT5 isoform X5 [Spodoptera frugiperda]
TRINITY_DN31253_c0_g1_i2.p1	XP_035454641.2	60.403	149	58	1	1	149	156	303	2.07e-58	189	149	518	100	XP_035454641.2 UDP-glycosyltransferase UGT5 isoform X3 [Spodoptera frugiperda]
TRINITY_DN31253_c0_g1_i2.p1	XP_035455002.2	57.432	148	62	1	2	149	160	306	9.67e-58	187	149	521	99	XP_035455002.2 UDP-glucosyltransferase 2-like [Spodoptera frugiperda]
TRINITY_DN9330_c0_g1_i12.p1	XP_050559578.1	49.617	522	237	12	1	519	1	499	2.24e-164	476	522	514	99	XP_050559578.1 UDP-glycosyltransferase UGT5-like [Spodoptera frugiperda]
TRINITY_DN9330_c0_g1_i12.p1	XP_050559575.1	43.561	528	270	12	1	522	1	506	3.76e-137	407	522	520	100	XP_050559575.1 UDP-glucosyltransferase 2-like [Spodoptera frugiperda]
TRINITY_DN9330_c0_g1_i12.p1	XP_035452567.1	33.146	534	319	15	2	522	3	511	4.69e-77	252	522	523	99	XP_035452567.1 UDP-glucosyltransferase 2 [Spodoptera frugiperda]
TRINITY_DN9330_c0_g1_i12.p1	XP_050556017.1	34.320	507	298	17	17	513	538	1019	4.26e-69	240	522	1039	95	XP_050556017.1 LOW QUALITY PROTEIN: uncharacterized protein LOC118277900 [Spodoptera frugiperda]
TRINITY_DN9330_c0_g1_i12.p1	XP_050556017.1	33.333	501	305	14	17	506	19	501	6.34e-65	228	522	1039	95	XP_050556017.1 LOW QUALITY PROTEIN: uncharacterized protein LOC118277900 [Spodoptera frugiperda]
TRINITY_DN9330_c0_g1_i12.p1	XP_050556288.1	30.983	539	320	20	4	522	8	514	9.10e-69	230	522	520	99	XP_050556288.1 UDP-glucosyltransferase 2 [Spodoptera frugiperda]
TRINITY_DN9330_c0_g1_i12.p1	XP_035452798.2	31.402	535	321	18	5	522	11	516	6.51e-68	228	522	524	99	XP_035452798.2 UDP-glucosyltransferase 2 [Spodoptera frugiperda]
TRINITY_DN9330_c0_g1_i12.p1	XP_050556293.1	33.794	506	302	17	17	513	37	518	7.19e-68	228	522	538	95	XP_050556293.1 UDP-glucosyltransferase 2 [Spodoptera frugiperda]
TRINITY_DN9330_c0_g1_i12.p1	XP_035452793.2	32.370	519	309	19	19	522	20	511	8.50e-68	227	522	521	97	XP_035452793.2 UDP-glucosyltransferase 2 [Spodoptera frugiperda]
TRINITY_DN9330_c0_g1_i12.p1	XP_050556287.1	33.678	484	290	15	17	490	19	481	2.03e-66	224	522	523	91	XP_050556287.1 UDP-glucosyltransferase 2-like [Spodoptera frugiperda]
TRINITY_DN9330_c0_g1_i12.p1	XP_035452792.2	31.337	501	315	15	19	509	21	502	2.35e-64	218	522	522	94	XP_035452792.2 UDP-glucosyltransferase 2-like [Spodoptera frugiperda]
TRINITY_DN87_c0_g1_i1.p1	XP_035454586.2	70.299	468	139	0	1	468	36	503	0.0	697	481	515	97	XP_035454586.2 UDP-glucosyltransferase 2 [Spodoptera frugiperda]
TRINITY_DN87_c0_g1_i1.p1	XP_035454584.2	66.250	480	162	0	1	480	38	517	0.0	696	481	518	99	XP_035454584.2 UDP-glucosyltransferase 2 [Spodoptera frugiperda]
TRINITY_DN87_c0_g1_i1.p1	XP_050554449.1	66.528	481	160	1	2	481	38	518	0.0	683	481	518	99	XP_050554449.1 UDP-glycosyltransferase UGT5 isoform X6 [Spodoptera frugiperda]
TRINITY_DN87_c0_g1_i1.p1	XP_035454641.2	66.528	481	160	1	2	481	38	518	0.0	683	481	518	99	XP_035454641.2 UDP-glycosyltransferase UGT5 isoform X3 [Spodoptera frugiperda]
TRINITY_DN87_c0_g1_i1.p1	XP_050554448.1	66.528	481	160	1	2	481	38	518	0.0	682	481	518	99	XP_050554448.1 UDP-glycosyltransferase UGT5 isoform X5 [Spodoptera frugiperda]
TRINITY_DN87_c0_g1_i1.p1	XP_050554446.1	66.320	481	161	1	2	481	38	518	0.0	677	481	518	99	XP_050554446.1 UDP-glycosyltransferase UGT5 isoform X2 [Spodoptera frugiperda]
TRINITY_DN87_c0_g1_i1.p1	XP_035454642.2	66.320	481	161	1	2	481	38	518	0.0	677	481	518	99	XP_035454642.2 UDP-glycosyltransferase UGT5 isoform X1 [Spodoptera frugiperda]
TRINITY_DN87_c0_g1_i1.p1	XP_050554447.1	66.112	481	162	1	2	481	38	518	0.0	674	481	518	99	XP_050554447.1 UDP-glycosyltransferase UGT5 isoform X4 [Spodoptera frugiperda]
TRINITY_DN87_c0_g1_i1.p1	XP_050554451.1	65.532	470	161	1	1	469	36	505	0.0	654	481	516	98	XP_050554451.1 UDP-glycosyltransferase UGT5-like [Spodoptera frugiperda]
TRINITY_DN87_c0_g1_i1.p1	XP_035454998.2	62.033	482	178	4	1	477	38	519	0.0	624	481	521	99	XP_035454998.2 UDP-glycosyltransferase UGT5 [Spodoptera frugiperda]
TRINITY_DN87_c0_g2_i2.p1	XP_035454586.2	71.062	273	78	1	5	276	1	273	1.59e-142	410	276	515	99	XP_035454586.2 UDP-glucosyltransferase 2 [Spodoptera frugiperda]
TRINITY_DN87_c0_g2_i2.p1	XP_050554451.1	70.438	274	79	2	5	276	1	274	5.27e-139	402	276	516	99	XP_050554451.1 UDP-glycosyltransferase UGT5-like [Spodoptera frugiperda]
TRINITY_DN87_c0_g2_i2.p1	XP_035454584.2	66.788	274	88	2	5	275	1	274	3.05e-130	379	276	518	98	XP_035454584.2 UDP-glucosyltransferase 2 [Spodoptera frugiperda]
TRINITY_DN87_c0_g2_i2.p1	XP_050554449.1	56.180	267	115	2	11	275	8	274	1.52e-104	314	276	518	96	XP_050554449.1 UDP-glycosyltransferase UGT5 isoform X6 [Spodoptera frugiperda]
TRINITY_DN87_c0_g2_i2.p1	XP_050554447.1	55.805	267	116	2	11	275	8	274	4.47e-104	313	276	518	96	XP_050554447.1 UDP-glycosyltransferase UGT5 isoform X4 [Spodoptera frugiperda]
TRINITY_DN87_c0_g2_i2.p1	XP_050554448.1	55.805	267	116	2	11	275	8	274	5.26e-104	312	276	518	96	XP_050554448.1 UDP-glycosyltransferase UGT5 isoform X5 [Spodoptera frugiperda]
TRINITY_DN87_c0_g2_i2.p1	XP_035454642.2	55.805	267	116	2	11	275	8	274	7.60e-104	312	276	518	96	XP_035454642.2 UDP-glycosyltransferase UGT5 isoform X1 [Spodoptera frugiperda]
TRINITY_DN87_c0_g2_i2.p1	XP_035454641.2	55.805	267	116	2	11	275	8	274	9.44e-104	311	276	518	96	XP_035454641.2 UDP-glycosyltransferase UGT5 isoform X3 [Spodoptera frugiperda]
TRINITY_DN87_c0_g2_i2.p1	XP_050554446.1	55.431	267	117	2	11	275	8	274	2.34e-103	311	276	518	96	XP_050554446.1 UDP-glycosyltransferase UGT5 isoform X2 [Spodoptera frugiperda]
TRINITY_DN87_c0_g2_i2.p1	XP_035455004.2	57.414	263	108	3	18	276	15	277	4.13e-102	308	276	520	94	XP_035455004.2 UDP-glucosyltransferase 2-like [Spodoptera frugiperda]
TRINITY_DN87_c0_g3_i1.p1	XP_035454999.2	75.472	106	26	0	1	106	343	448	6.27e-54	176	106	520	100	XP_035454999.2 UDP-glucosyltransferase 2-like [Spodoptera frugiperda]
TRINITY_DN87_c0_g3_i1.p1	XP_035454997.2	72.642	106	29	0	1	106	345	450	2.31e-49	164	106	522	100	XP_035454997.2 UDP-glucosyltransferase 2 [Spodoptera frugiperda]
TRINITY_DN87_c0_g3_i1.p1	XP_035455002.2	68.868	106	33	0	1	106	344	449	1.22e-47	159	106	521	100	XP_035455002.2 UDP-glucosyltransferase 2-like [Spodoptera frugiperda]
TRINITY_DN87_c0_g3_i1.p1	XP_035454998.2	68.868	106	33	0	1	106	346	451	2.80e-46	155	106	521	100	XP_035454998.2 UDP-glycosyltransferase UGT5 [Spodoptera frugiperda]
TRINITY_DN87_c0_g3_i1.p1	XP_035455005.2	70.755	106	31	0	1	106	344	449	3.79e-46	155	106	521	100	XP_035455005.2 UDP-glycosyltransferase UGT5-like [Spodoptera frugiperda]
TRINITY_DN87_c0_g3_i1.p1	XP_050554464.1	69.811	106	32	0	1	106	346	451	6.34e-46	154	106	522	100	XP_050554464.1 UDP-glycosyltransferase UGT5-like [Spodoptera frugiperda]
TRINITY_DN87_c0_g3_i1.p1	XP_035454584.2	65.094	106	37	0	1	106	341	446	1.22e-45	154	106	518	100	XP_035454584.2 UDP-glucosyltransferase 2 [Spodoptera frugiperda]
TRINITY_DN87_c0_g3_i1.p1	XP_035454586.2	65.094	106	37	0	1	106	339	444	4.63e-45	152	106	515	100	XP_035454586.2 UDP-glucosyltransferase 2 [Spodoptera frugiperda]
TRINITY_DN87_c0_g3_i1.p1	XP_050554451.1	65.094	106	37	0	1	106	340	445	6.62e-45	152	106	516	100	XP_050554451.1 UDP-glycosyltransferase UGT5-like [Spodoptera frugiperda]
TRINITY_DN87_c0_g3_i1.p1	XP_035455001.2	66.038	106	36	0	1	106	342	447	6.92e-44	149	106	521	100	XP_035455001.2 UDP-glycosyltransferase UGT5 [Spodoptera frugiperda]
TRINITY_DN39303_c0_g3_i1.p1	XP_050554449.1	90.909	121	11	0	1	121	292	412	5.03e-74	229	121	518	100	XP_050554449.1 UDP-glycosyltransferase UGT5 isoform X6 [Spodoptera frugiperda]
TRINITY_DN39303_c0_g3_i1.p1	XP_035454641.2	90.909	121	11	0	1	121	292	412	5.60e-74	228	121	518	100	XP_035454641.2 UDP-glycosyltransferase UGT5 isoform X3 [Spodoptera frugiperda]
TRINITY_DN39303_c0_g3_i1.p1	XP_050554448.1	90.909	121	11	0	1	121	292	412	5.66e-74	228	121	518	100	XP_050554448.1 UDP-glycosyltransferase UGT5 isoform X5 [Spodoptera frugiperda]
TRINITY_DN39303_c0_g3_i1.p1	XP_035454642.2	90.909	121	11	0	1	121	292	412	5.79e-74	228	121	518	100	XP_035454642.2 UDP-glycosyltransferase UGT5 isoform X1 [Spodoptera frugiperda]
TRINITY_DN39303_c0_g3_i1.p1	XP_050554446.1	90.909	121	11	0	1	121	292	412	6.17e-74	228	121	518	100	XP_050554446.1 UDP-glycosyltransferase UGT5 isoform X2 [Spodoptera frugiperda]
TRINITY_DN39303_c0_g3_i1.p1	XP_050554447.1	90.909	121	11	0	1	121	292	412	7.25e-74	228	121	518	100	XP_050554447.1 UDP-glycosyltransferase UGT5 isoform X4 [Spodoptera frugiperda]
TRINITY_DN39303_c0_g3_i1.p1	XP_035454998.2	76.667	120	28	0	1	120	297	416	7.43e-65	205	121	521	99	XP_035454998.2 UDP-glycosyltransferase UGT5 [Spodoptera frugiperda]
TRINITY_DN39303_c0_g3_i1.p1	XP_035454584.2	74.167	120	31	0	1	120	292	411	1.62e-64	204	121	518	99	XP_035454584.2 UDP-glucosyltransferase 2 [Spodoptera frugiperda]
TRINITY_DN39303_c0_g3_i1.p1	XP_050554451.1	75.833	120	29	0	1	120	291	410	2.41e-64	203	121	516	99	XP_050554451.1 UDP-glycosyltransferase UGT5-like [Spodoptera frugiperda]
TRINITY_DN39303_c0_g3_i1.p1	XP_035454586.2	74.167	120	31	0	1	120	290	409	1.69e-61	196	121	515	99	XP_035454586.2 UDP-glucosyltransferase 2 [Spodoptera frugiperda]
TRINITY_DN12984_c1_g1_i1.p1	XP_035438828.2	55.696	158	65	2	10	165	1	155	1.43e-55	182	165	520	95	XP_035438828.2 UDP-glycosyltransferase UGT4 [Spodoptera frugiperda]
TRINITY_DN12984_c1_g1_i1.p1	XP_035454996.2	60.145	138	54	1	28	165	19	155	7.84e-53	176	165	521	84	XP_035454996.2 UDP-glucosyltransferase 2 [Spodoptera frugiperda]
TRINITY_DN12984_c1_g1_i1.p1	XP_035455001.2	58.156	141	58	1	25	165	16	155	3.42e-52	174	165	521	85	XP_035455001.2 UDP-glycosyltransferase UGT5 [Spodoptera frugiperda]
TRINITY_DN12984_c1_g1_i1.p1	XP_035454925.2	51.656	151	72	1	15	165	3	152	1.07e-49	167	165	512	92	XP_035454925.2 UDP-glucosyltransferase 2-like [Spodoptera frugiperda]
TRINITY_DN12984_c1_g1_i1.p1	XP_035455005.2	53.205	156	72	1	10	165	1	155	5.61e-49	165	165	521	95	XP_035455005.2 UDP-glycosyltransferase UGT5-like [Spodoptera frugiperda]
TRINITY_DN12984_c1_g1_i1.p1	XP_035455004.2	48.077	156	80	1	10	165	1	155	1.48e-46	159	165	520	95	XP_035455004.2 UDP-glucosyltransferase 2-like [Spodoptera frugiperda]
TRINITY_DN12984_c1_g1_i1.p1	XP_035455002.2	51.724	145	69	1	21	165	13	156	4.59e-45	155	165	521	88	XP_035455002.2 UDP-glucosyltransferase 2-like [Spodoptera frugiperda]
TRINITY_DN12984_c1_g1_i1.p1	XP_050554451.1	52.778	144	65	2	22	165	12	152	6.35e-45	154	165	516	87	XP_050554451.1 UDP-glycosyltransferase UGT5-like [Spodoptera frugiperda]
TRINITY_DN12984_c1_g1_i1.p1	XP_035454998.2	46.622	148	79	0	16	163	8	155	2.41e-43	150	165	521	90	XP_035454998.2 UDP-glycosyltransferase UGT5 [Spodoptera frugiperda]
TRINITY_DN12984_c1_g1_i1.p1	XP_035454999.2	45.513	156	84	1	10	165	1	155	2.71e-42	147	165	520	95	XP_035454999.2 UDP-glucosyltransferase 2-like [Spodoptera frugiperda]
TRINITY_DN5252_c0_g1_i4.p1	XP_035454999.2	72.294	462	128	0	11	472	4	465	0.0	705	472	520	98	XP_035454999.2 UDP-glucosyltransferase 2-like [Spodoptera frugiperda]
TRINITY_DN5252_c0_g1_i4.p1	XP_035454997.2	63.812	467	169	0	6	472	1	467	0.0	641	472	522	99	XP_035454997.2 UDP-glucosyltransferase 2 [Spodoptera frugiperda]
TRINITY_DN5252_c0_g1_i4.p1	XP_035455002.2	61.688	462	177	0	11	472	5	466	0.0	609	472	521	98	XP_035455002.2 UDP-glucosyltransferase 2-like [Spodoptera frugiperda]
TRINITY_DN5252_c0_g1_i4.p1	XP_035455005.2	62.826	460	170	1	14	472	7	466	0.0	604	472	521	97	XP_035455005.2 UDP-glycosyltransferase UGT5-like [Spodoptera frugiperda]
TRINITY_DN5252_c0_g1_i4.p1	XP_035454998.2	60.129	464	183	2	11	472	5	468	0.0	584	472	521	98	XP_035454998.2 UDP-glycosyltransferase UGT5 [Spodoptera frugiperda]
TRINITY_DN5252_c0_g1_i4.p1	XP_035455001.2	60.390	462	182	1	11	472	4	464	0.0	581	472	521	98	XP_035455001.2 UDP-glycosyltransferase UGT5 [Spodoptera frugiperda]
TRINITY_DN5252_c0_g1_i4.p1	XP_035454586.2	60.217	460	180	2	13	472	5	461	0.0	578	472	515	97	XP_035454586.2 UDP-glucosyltransferase 2 [Spodoptera frugiperda]
TRINITY_DN5252_c0_g1_i4.p1	XP_050554449.1	57.849	465	194	2	8	472	1	463	0.0	577	472	518	99	XP_050554449.1 UDP-glycosyltransferase UGT5 isoform X6 [Spodoptera frugiperda]
TRINITY_DN5252_c0_g1_i4.p1	XP_050554448.1	57.634	465	195	2	8	472	1	463	0.0	576	472	518	99	XP_050554448.1 UDP-glycosyltransferase UGT5 isoform X5 [Spodoptera frugiperda]
TRINITY_DN5252_c0_g1_i4.p1	XP_035454641.2	57.634	465	195	2	8	472	1	463	0.0	576	472	518	99	XP_035454641.2 UDP-glycosyltransferase UGT5 isoform X3 [Spodoptera frugiperda]
TRINITY_DN5252_c0_g4_i1.p1	XP_035455002.2	63.090	466	171	1	1	465	1	466	0.0	613	465	521	100	XP_035455002.2 UDP-glucosyltransferase 2-like [Spodoptera frugiperda]
TRINITY_DN5252_c0_g4_i1.p1	XP_050554464.1	62.419	463	171	3	5	465	7	468	0.0	592	465	522	99	XP_050554464.1 UDP-glycosyltransferase UGT5-like [Spodoptera frugiperda]
TRINITY_DN5252_c0_g4_i1.p1	XP_035454998.2	61.111	468	174	3	3	465	4	468	0.0	589	465	521	99	XP_035454998.2 UDP-glycosyltransferase UGT5 [Spodoptera frugiperda]
TRINITY_DN5252_c0_g4_i1.p1	XP_035454925.2	61.588	466	172	4	1	465	2	461	0.0	586	465	512	100	XP_035454925.2 UDP-glucosyltransferase 2-like [Spodoptera frugiperda]
TRINITY_DN5252_c0_g4_i1.p1	XP_035454996.2	60.860	465	181	1	1	465	1	464	0.0	586	465	521	100	XP_035454996.2 UDP-glucosyltransferase 2 [Spodoptera frugiperda]
TRINITY_DN5252_c0_g4_i1.p1	XP_035455001.2	61.075	465	180	1	1	465	1	464	0.0	582	465	521	100	XP_035455001.2 UDP-glycosyltransferase UGT5 [Spodoptera frugiperda]
TRINITY_DN5252_c0_g4_i1.p1	XP_035455004.2	58.710	465	192	0	1	465	1	465	0.0	580	465	520	100	XP_035455004.2 UDP-glucosyltransferase 2-like [Spodoptera frugiperda]
TRINITY_DN5252_c0_g4_i1.p1	XP_035454641.2	60.215	465	183	2	1	465	1	463	0.0	580	465	518	100	XP_035454641.2 UDP-glycosyltransferase UGT5 isoform X3 [Spodoptera frugiperda]
TRINITY_DN5252_c0_g4_i1.p1	XP_050554448.1	60.215	465	183	2	1	465	1	463	0.0	579	465	518	100	XP_050554448.1 UDP-glycosyltransferase UGT5 isoform X5 [Spodoptera frugiperda]
TRINITY_DN5252_c0_g4_i1.p1	XP_050554449.1	60.215	465	183	2	1	465	1	463	0.0	578	465	518	100	XP_050554449.1 UDP-glycosyltransferase UGT5 isoform X6 [Spodoptera frugiperda]
TRINITY_DN5252_c0_g6_i1.p1	XP_035454998.2	72.162	370	103	0	10	379	5	374	0.0	584	379	521	98	XP_035454998.2 UDP-glycosyltransferase UGT5 [Spodoptera frugiperda]
TRINITY_DN5252_c0_g6_i1.p1	XP_035455002.2	65.416	373	126	3	7	379	3	372	0.0	519	379	521	98	XP_035455002.2 UDP-glucosyltransferase 2-like [Spodoptera frugiperda]
TRINITY_DN5252_c0_g6_i1.p1	XP_035455001.2	65.041	369	126	3	11	379	5	370	2.43e-176	501	379	521	97	XP_035455001.2 UDP-glycosyltransferase UGT5 [Spodoptera frugiperda]
TRINITY_DN5252_c0_g6_i1.p1	XP_035455004.2	62.097	372	139	2	8	379	2	371	1.62e-174	496	379	520	98	XP_035455004.2 UDP-glucosyltransferase 2-like [Spodoptera frugiperda]
TRINITY_DN5252_c0_g6_i1.p1	XP_035455005.2	65.405	370	125	3	11	379	5	372	2.06e-174	496	379	521	97	XP_035455005.2 UDP-glycosyltransferase UGT5-like [Spodoptera frugiperda]
TRINITY_DN5252_c0_g6_i1.p1	XP_035454996.2	63.271	373	130	4	11	379	1	370	5.25e-170	485	379	521	97	XP_035454996.2 UDP-glucosyltransferase 2 [Spodoptera frugiperda]
TRINITY_DN5252_c0_g6_i1.p1	XP_035454586.2	63.612	371	129	5	9	379	3	367	9.30e-168	479	379	515	98	XP_035454586.2 UDP-glucosyltransferase 2 [Spodoptera frugiperda]
TRINITY_DN5252_c0_g6_i1.p1	XP_050554449.1	62.670	367	133	4	13	379	7	369	3.06e-167	478	379	518	97	XP_050554449.1 UDP-glycosyltransferase UGT5 isoform X6 [Spodoptera frugiperda]
TRINITY_DN5252_c0_g6_i1.p1	XP_035454641.2	62.670	367	133	4	13	379	7	369	3.09e-167	478	379	518	97	XP_035454641.2 UDP-glycosyltransferase UGT5 isoform X3 [Spodoptera frugiperda]
TRINITY_DN5252_c0_g6_i1.p1	XP_050554448.1	62.670	367	133	4	13	379	7	369	3.93e-167	478	379	518	97	XP_050554448.1 UDP-glycosyltransferase UGT5 isoform X5 [Spodoptera frugiperda]
TRINITY_DN10004_c0_g1_i4.p1	XP_050553385.1	53.443	1278	555	17	6	1260	1	1261	0.0	1315	1309	1346	96	XP_050553385.1 uncharacterized protein K02A2.6 [Spodoptera frugiperda]
TRINITY_DN10004_c0_g1_i4.p1	XP_050559181.1	43.558	1304	683	19	6	1270	1	1290	0.0	1081	1309	1377	97	XP_050559181.1 uncharacterized protein K02A2.6-like [Spodoptera frugiperda]
TRINITY_DN10004_c0_g1_i4.p1	XP_050556022.1	39.802	1314	718	18	6	1263	1	1297	0.0	1005	1309	1379	96	XP_050556022.1 uncharacterized protein K02A2.6-like [Spodoptera frugiperda]
TRINITY_DN10004_c0_g1_i4.p1	XP_035452455.2	38.479	1302	711	23	9	1259	8	1270	0.0	833	1309	1372	96	XP_035452455.2 LOW QUALITY PROTEIN: uncharacterized protein K02A2.6-like [Spodoptera frugiperda]
TRINITY_DN10004_c0_g1_i4.p1	XP_050561105.1	38.911	1285	710	24	9	1259	8	1251	0.0	828	1309	1350	96	XP_050561105.1 LOW QUALITY PROTEIN: uncharacterized protein K02A2.6-like [Spodoptera frugiperda]
TRINITY_DN10004_c0_g1_i4.p1	XP_050560004.1	39.524	1260	680	22	44	1259	91	1312	0.0	820	1309	1531	93	XP_050560004.1 LOW QUALITY PROTEIN: uncharacterized protein K02A2.6-like [Spodoptera frugiperda]
TRINITY_DN10004_c0_g1_i4.p1	XP_050552599.1	34.177	1264	791	17	10	1267	7	1235	0.0	788	1309	1330	96	XP_050552599.1 uncharacterized protein K02A2.6-like [Spodoptera frugiperda]
TRINITY_DN10004_c0_g1_i4.p1	XP_050561519.1	34.098	1264	792	17	10	1267	7	1235	0.0	786	1309	1330	96	XP_050561519.1 LOW QUALITY PROTEIN: uncharacterized protein K02A2.6-like [Spodoptera frugiperda]
TRINITY_DN10004_c0_g1_i4.p1	XP_050550443.1	40.000	915	507	14	6	886	1	907	0.0	667	1309	1151	80	XP_050550443.1 uncharacterized protein K02A2.6-like [Spodoptera frugiperda]
TRINITY_DN10004_c0_g1_i4.p1	XP_050550443.1	47.205	161	80	3	1104	1263	901	1057	6.93e-34	142	1309	1151	80	XP_050550443.1 uncharacterized protein K02A2.6-like [Spodoptera frugiperda]
TRINITY_DN10004_c0_g1_i4.p1	XP_050561933.1	27.578	1251	816	31	68	1274	49	1253	3.21e-143	468	1309	1267	92	XP_050561933.1 uncharacterized protein K02A2.6-like [Spodoptera frugiperda]
TRINITY_DN87_c1_g1_i1.p1	XP_050554449.1	71.299	331	94	1	4	334	1	330	2.89e-176	499	334	518	99	XP_050554449.1 UDP-glycosyltransferase UGT5 isoform X6 [Spodoptera frugiperda]
TRINITY_DN87_c1_g1_i1.p1	XP_035454641.2	70.997	331	95	1	4	334	1	330	2.21e-175	496	334	518	99	XP_035454641.2 UDP-glycosyltransferase UGT5 isoform X3 [Spodoptera frugiperda]
TRINITY_DN87_c1_g1_i1.p1	XP_050554448.1	70.997	331	95	1	4	334	1	330	3.38e-175	496	334	518	99	XP_050554448.1 UDP-glycosyltransferase UGT5 isoform X5 [Spodoptera frugiperda]
TRINITY_DN87_c1_g1_i1.p1	XP_035454642.2	70.695	331	96	1	4	334	1	330	1.10e-173	492	334	518	99	XP_035454642.2 UDP-glycosyltransferase UGT5 isoform X1 [Spodoptera frugiperda]
TRINITY_DN87_c1_g1_i1.p1	XP_050554447.1	70.393	331	97	1	4	334	1	330	1.09e-172	490	334	518	99	XP_050554447.1 UDP-glycosyltransferase UGT5 isoform X4 [Spodoptera frugiperda]
TRINITY_DN87_c1_g1_i1.p1	XP_050554446.1	70.393	331	97	1	4	334	1	330	1.58e-172	489	334	518	99	XP_050554446.1 UDP-glycosyltransferase UGT5 isoform X2 [Spodoptera frugiperda]
TRINITY_DN87_c1_g1_i1.p1	XP_035455002.2	55.657	327	142	3	10	334	8	333	6.09e-132	386	334	521	97	XP_035455002.2 UDP-glucosyltransferase 2-like [Spodoptera frugiperda]
TRINITY_DN87_c1_g1_i1.p1	XP_035454996.2	56.839	329	136	5	10	334	5	331	3.32e-131	384	334	521	97	XP_035454996.2 UDP-glucosyltransferase 2 [Spodoptera frugiperda]
TRINITY_DN87_c1_g1_i1.p1	XP_035455005.2	57.278	316	132	3	21	334	18	332	9.44e-129	378	334	521	94	XP_035455005.2 UDP-glycosyltransferase UGT5-like [Spodoptera frugiperda]
TRINITY_DN87_c1_g1_i1.p1	XP_035454586.2	55.963	327	139	3	11	334	4	328	1.72e-126	372	334	515	97	XP_035454586.2 UDP-glucosyltransferase 2 [Spodoptera frugiperda]
TRINITY_DN87_c1_g2_i1.p1	XP_035438828.2	68.762	525	159	5	1	525	1	520	0.0	734	525	520	100	XP_035438828.2 UDP-glycosyltransferase UGT4 [Spodoptera frugiperda]
TRINITY_DN87_c1_g2_i1.p1	XP_035455002.2	63.241	506	184	2	8	513	8	511	0.0	684	525	521	96	XP_035455002.2 UDP-glucosyltransferase 2-like [Spodoptera frugiperda]
TRINITY_DN87_c1_g2_i1.p1	XP_035454998.2	59.696	526	206	3	1	525	1	521	0.0	664	525	521	100	XP_035454998.2 UDP-glycosyltransferase UGT5 [Spodoptera frugiperda]
TRINITY_DN87_c1_g2_i1.p1	XP_050554448.1	58.767	519	210	3	3	521	2	516	0.0	640	525	518	99	XP_050554448.1 UDP-glycosyltransferase UGT5 isoform X5 [Spodoptera frugiperda]
TRINITY_DN87_c1_g2_i1.p1	XP_035455001.2	58.925	521	211	3	5	525	4	521	0.0	640	525	521	99	XP_035455001.2 UDP-glycosyltransferase UGT5 [Spodoptera frugiperda]
TRINITY_DN87_c1_g2_i1.p1	XP_050554449.1	58.949	514	207	3	8	521	7	516	0.0	639	525	518	98	XP_050554449.1 UDP-glycosyltransferase UGT5 isoform X6 [Spodoptera frugiperda]
TRINITY_DN87_c1_g2_i1.p1	XP_035454641.2	58.767	519	210	3	3	521	2	516	0.0	639	525	518	99	XP_035454641.2 UDP-glycosyltransferase UGT5 isoform X3 [Spodoptera frugiperda]
TRINITY_DN87_c1_g2_i1.p1	XP_050554447.1	58.574	519	211	3	3	521	2	516	0.0	637	525	518	99	XP_050554447.1 UDP-glycosyltransferase UGT5 isoform X4 [Spodoptera frugiperda]
TRINITY_DN87_c1_g2_i1.p1	XP_050554446.1	58.574	519	211	3	3	521	2	516	0.0	637	525	518	99	XP_050554446.1 UDP-glycosyltransferase UGT5 isoform X2 [Spodoptera frugiperda]
TRINITY_DN87_c1_g2_i1.p1	XP_035454642.2	58.755	514	208	3	8	521	7	516	0.0	637	525	518	98	XP_035454642.2 UDP-glycosyltransferase UGT5 isoform X1 [Spodoptera frugiperda]
TRINITY_DN26058_c0_g1_i2.p1	XP_050554449.1	68.707	294	92	0	3	296	1	294	5.51e-156	446	296	518	99	XP_050554449.1 UDP-glycosyltransferase UGT5 isoform X6 [Spodoptera frugiperda]
TRINITY_DN26058_c0_g1_i2.p1	XP_035454641.2	68.367	294	93	0	3	296	1	294	2.65e-155	444	296	518	99	XP_035454641.2 UDP-glycosyltransferase UGT5 isoform X3 [Spodoptera frugiperda]
TRINITY_DN26058_c0_g1_i2.p1	XP_050554448.1	68.367	294	93	0	3	296	1	294	3.37e-155	444	296	518	99	XP_050554448.1 UDP-glycosyltransferase UGT5 isoform X5 [Spodoptera frugiperda]
TRINITY_DN26058_c0_g1_i2.p1	XP_035454642.2	67.007	294	97	0	3	296	1	294	2.17e-152	437	296	518	99	XP_035454642.2 UDP-glycosyltransferase UGT5 isoform X1 [Spodoptera frugiperda]
TRINITY_DN26058_c0_g1_i2.p1	XP_050554447.1	66.667	294	98	0	3	296	1	294	2.64e-152	436	296	518	99	XP_050554447.1 UDP-glycosyltransferase UGT5 isoform X4 [Spodoptera frugiperda]
TRINITY_DN26058_c0_g1_i2.p1	XP_050554446.1	66.667	294	98	0	3	296	1	294	1.11e-151	435	296	518	99	XP_050554446.1 UDP-glycosyltransferase UGT5 isoform X2 [Spodoptera frugiperda]
TRINITY_DN26058_c0_g1_i2.p1	XP_035454586.2	56.747	289	123	2	9	296	5	292	2.09e-116	345	296	515	97	XP_035454586.2 UDP-glucosyltransferase 2 [Spodoptera frugiperda]
TRINITY_DN26058_c0_g1_i2.p1	XP_035454996.2	57.192	292	120	4	9	296	5	295	7.80e-116	343	296	521	97	XP_035454996.2 UDP-glucosyltransferase 2 [Spodoptera frugiperda]
TRINITY_DN26058_c0_g1_i2.p1	XP_035455005.2	56.701	291	124	2	8	296	6	296	2.28e-114	340	296	521	98	XP_035455005.2 UDP-glycosyltransferase UGT5-like [Spodoptera frugiperda]
TRINITY_DN26058_c0_g1_i2.p1	XP_035455002.2	56.631	279	119	2	20	296	19	297	1.60e-113	338	296	521	94	XP_035455002.2 UDP-glucosyltransferase 2-like [Spodoptera frugiperda]
TRINITY_DN13627_c0_g1_i1.p1	XP_050554451.1	83.784	111	18	0	1	111	232	342	3.06e-63	200	111	516	100	XP_050554451.1 UDP-glycosyltransferase UGT5-like [Spodoptera frugiperda]
TRINITY_DN13627_c0_g1_i1.p1	XP_035454586.2	82.883	111	19	0	1	111	231	341	1.65e-62	198	111	515	100	XP_035454586.2 UDP-glucosyltransferase 2 [Spodoptera frugiperda]
TRINITY_DN13627_c0_g1_i1.p1	XP_035454998.2	79.279	111	23	0	1	111	238	348	8.61e-59	189	111	521	100	XP_035454998.2 UDP-glycosyltransferase UGT5 [Spodoptera frugiperda]
TRINITY_DN13627_c0_g1_i1.p1	XP_035454584.2	77.477	111	25	0	1	111	233	343	3.37e-58	187	111	518	100	XP_035454584.2 UDP-glucosyltransferase 2 [Spodoptera frugiperda]
TRINITY_DN13627_c0_g1_i1.p1	XP_050554449.1	75.676	111	27	0	1	111	233	343	3.40e-57	184	111	518	100	XP_050554449.1 UDP-glycosyltransferase UGT5 isoform X6 [Spodoptera frugiperda]
TRINITY_DN13627_c0_g1_i1.p1	XP_050554448.1	75.676	111	27	0	1	111	233	343	3.44e-57	184	111	518	100	XP_050554448.1 UDP-glycosyltransferase UGT5 isoform X5 [Spodoptera frugiperda]
TRINITY_DN13627_c0_g1_i1.p1	XP_035454641.2	75.676	111	27	0	1	111	233	343	3.62e-57	184	111	518	100	XP_035454641.2 UDP-glycosyltransferase UGT5 isoform X3 [Spodoptera frugiperda]
TRINITY_DN13627_c0_g1_i1.p1	XP_050554446.1	75.676	111	27	0	1	111	233	343	3.74e-57	184	111	518	100	XP_050554446.1 UDP-glycosyltransferase UGT5 isoform X2 [Spodoptera frugiperda]
TRINITY_DN13627_c0_g1_i1.p1	XP_035454642.2	75.676	111	27	0	1	111	233	343	4.34e-57	184	111	518	100	XP_035454642.2 UDP-glycosyltransferase UGT5 isoform X1 [Spodoptera frugiperda]
TRINITY_DN13627_c0_g1_i1.p1	XP_050554447.1	75.676	111	27	0	1	111	233	343	4.57e-57	184	111	518	100	XP_050554447.1 UDP-glycosyltransferase UGT5 isoform X4 [Spodoptera frugiperda]
TRINITY_DN53167_c0_g1_i1.p1	XP_035440125.2	80.952	147	28	0	10	156	1	147	3.16e-86	262	156	525	94	XP_035440125.2 UDP-glycosyltransferase UGT5-like [Spodoptera frugiperda]
TRINITY_DN53167_c0_g1_i1.p1	XP_035440285.2	59.124	137	56	0	20	156	11	147	1.77e-53	177	156	521	88	XP_035440285.2 UDP-glycosyltransferase UGT5-like [Spodoptera frugiperda]
TRINITY_DN53167_c0_g1_i1.p1	XP_050550361.1	33.571	140	86	3	8	147	4	136	1.62e-11	61.6	156	516	90	XP_050550361.1 UDP-glucosyltransferase 2-like [Spodoptera frugiperda]
TRINITY_DN53167_c0_g1_i1.p1	XP_050554451.1	31.944	144	79	5	18	151	8	142	2.11e-10	58.5	156	516	86	XP_050554451.1 UDP-glycosyltransferase UGT5-like [Spodoptera frugiperda]
TRINITY_DN53167_c0_g1_i1.p1	XP_035449983.2	34.167	120	70	5	31	147	21	134	9.49e-10	56.6	156	539	75	XP_035449983.2 UDP-glucosyltransferase 2 [Spodoptera frugiperda]
TRINITY_DN53167_c0_g1_i1.p1	XP_035453092.2	25.517	145	99	4	14	153	3	143	1.51e-08	53.1	156	508	90	XP_035453092.2 UDP-glucosyltransferase 2 [Spodoptera frugiperda]
TRINITY_DN53167_c0_g1_i1.p1	XP_050561733.1	44.231	52	29	0	13	64	23	74	1.51e-08	53.1	156	534	33	XP_050561733.1 UDP-glycosyltransferase UGT5 isoform X1 [Spodoptera frugiperda]
TRINITY_DN53167_c0_g1_i1.p1	XP_050554464.1	33.088	136	77	5	18	145	12	141	4.93e-08	51.6	156	522	82	XP_050554464.1 UDP-glycosyltransferase UGT5-like [Spodoptera frugiperda]
TRINITY_DN53167_c0_g1_i1.p1	XP_035458622.2	33.588	131	78	4	28	156	19	142	1.04e-07	50.4	156	508	83	XP_035458622.2 UDP-glycosyltransferase UGT5 [Spodoptera frugiperda]
TRINITY_DN53167_c0_g1_i1.p1	XP_035454997.2	31.343	134	78	6	26	151	20	147	1.28e-07	50.4	156	522	81	XP_035454997.2 UDP-glucosyltransferase 2 [Spodoptera frugiperda]
TRINITY_DN7205_c0_g1_i1.p1	XP_035438828.2	71.429	224	63	1	1	224	121	343	3.55e-116	341	224	520	100	XP_035438828.2 UDP-glycosyltransferase UGT4 [Spodoptera frugiperda]
TRINITY_DN7205_c0_g1_i1.p1	XP_035454998.2	63.839	224	79	2	2	224	124	346	6.51e-103	307	224	521	99	XP_035454998.2 UDP-glycosyltransferase UGT5 [Spodoptera frugiperda]
TRINITY_DN7205_c0_g1_i1.p1	XP_035455002.2	62.780	223	82	1	2	224	123	344	1.79e-100	301	224	521	99	XP_035455002.2 UDP-glucosyltransferase 2-like [Spodoptera frugiperda]
TRINITY_DN7205_c0_g1_i1.p1	XP_035455004.2	61.161	224	86	1	1	224	121	343	1.59e-99	299	224	520	100	XP_035455004.2 UDP-glucosyltransferase 2-like [Spodoptera frugiperda]
TRINITY_DN7205_c0_g1_i1.p1	XP_035455005.2	63.393	224	80	2	2	224	122	344	2.41e-99	298	224	521	99	XP_035455005.2 UDP-glycosyltransferase UGT5-like [Spodoptera frugiperda]
TRINITY_DN7205_c0_g1_i1.p1	XP_035455001.2	62.946	224	81	2	1	224	121	342	5.32e-97	292	224	521	100	XP_035455001.2 UDP-glycosyltransferase UGT5 [Spodoptera frugiperda]
TRINITY_DN7205_c0_g1_i1.p1	XP_050554448.1	61.607	224	84	2	1	224	120	341	2.95e-94	285	224	518	100	XP_050554448.1 UDP-glycosyltransferase UGT5 isoform X5 [Spodoptera frugiperda]
TRINITY_DN7205_c0_g1_i1.p1	XP_035454641.2	61.607	224	84	2	1	224	120	341	3.18e-94	285	224	518	100	XP_035454641.2 UDP-glycosyltransferase UGT5 isoform X3 [Spodoptera frugiperda]
TRINITY_DN7205_c0_g1_i1.p1	XP_050554449.1	61.607	224	84	2	1	224	120	341	3.62e-94	285	224	518	100	XP_050554449.1 UDP-glycosyltransferase UGT5 isoform X6 [Spodoptera frugiperda]
TRINITY_DN7205_c0_g1_i1.p1	XP_035454997.2	59.375	224	90	1	1	224	123	345	1.02e-93	284	224	522	100	XP_035454997.2 UDP-glucosyltransferase 2 [Spodoptera frugiperda]
TRINITY_DN49992_c0_g1_i1.p1	XP_050553385.1	66.124	307	101	2	1	305	271	576	1.21e-137	421	305	1346	100	XP_050553385.1 uncharacterized protein K02A2.6 [Spodoptera frugiperda]
TRINITY_DN49992_c0_g1_i1.p1	XP_050561105.1	37.500	312	179	8	1	304	237	540	9.25e-57	197	305	1350	99	XP_050561105.1 LOW QUALITY PROTEIN: uncharacterized protein K02A2.6-like [Spodoptera frugiperda]
TRINITY_DN49992_c0_g1_i1.p1	XP_050559181.1	39.100	289	156	7	30	305	315	596	2.29e-54	191	305	1377	90	XP_050559181.1 uncharacterized protein K02A2.6-like [Spodoptera frugiperda]
TRINITY_DN49992_c0_g1_i1.p1	XP_035452455.2	35.866	329	178	8	1	304	237	557	2.54e-54	191	305	1372	99	XP_035452455.2 LOW QUALITY PROTEIN: uncharacterized protein K02A2.6-like [Spodoptera frugiperda]
TRINITY_DN49992_c0_g1_i1.p1	XP_050560004.1	35.866	329	178	8	1	304	279	599	3.53e-54	190	305	1531	99	XP_050560004.1 LOW QUALITY PROTEIN: uncharacterized protein K02A2.6-like [Spodoptera frugiperda]
TRINITY_DN49992_c0_g1_i1.p1	XP_050556022.1	36.446	332	178	7	1	304	278	604	1.38e-52	186	305	1379	99	XP_050556022.1 uncharacterized protein K02A2.6-like [Spodoptera frugiperda]
TRINITY_DN49992_c0_g1_i1.p1	XP_050550443.1	37.576	330	176	10	1	304	264	589	3.19e-51	182	305	1151	99	XP_050550443.1 uncharacterized protein K02A2.6-like [Spodoptera frugiperda]
TRINITY_DN49992_c0_g1_i1.p1	XP_050552599.1	33.981	309	196	7	1	304	237	542	1.00e-49	177	305	1330	99	XP_050552599.1 uncharacterized protein K02A2.6-like [Spodoptera frugiperda]
TRINITY_DN49992_c0_g1_i1.p1	XP_050561519.1	33.333	309	198	7	1	304	237	542	5.91e-48	172	305	1330	99	XP_050561519.1 LOW QUALITY PROTEIN: uncharacterized protein K02A2.6-like [Spodoptera frugiperda]
TRINITY_DN49992_c0_g1_i1.p1	XP_035457727.2	25.552	317	201	13	7	304	261	561	9.83e-19	87.4	305	1143	98	XP_035457727.2 uncharacterized protein K02A2.6-like [Spodoptera frugiperda]
TRINITY_DN87_c2_g1_i1.p1	XP_035454584.2	70.219	366	109	0	3	368	5	370	0.0	544	368	518	99	XP_035454584.2 UDP-glucosyltransferase 2 [Spodoptera frugiperda]
TRINITY_DN87_c2_g1_i1.p1	XP_035454586.2	67.663	368	119	0	1	368	1	368	0.0	532	368	515	100	XP_035454586.2 UDP-glucosyltransferase 2 [Spodoptera frugiperda]
TRINITY_DN87_c2_g1_i1.p1	XP_050554451.1	65.854	369	125	1	1	368	1	369	1.55e-177	503	368	516	100	XP_050554451.1 UDP-glycosyltransferase UGT5-like [Spodoptera frugiperda]
TRINITY_DN87_c2_g1_i1.p1	XP_050554449.1	56.630	362	156	1	8	368	9	370	2.46e-150	434	368	518	98	XP_050554449.1 UDP-glycosyltransferase UGT5 isoform X6 [Spodoptera frugiperda]
TRINITY_DN87_c2_g1_i1.p1	XP_035454642.2	56.630	362	156	1	8	368	9	370	4.29e-150	434	368	518	98	XP_035454642.2 UDP-glycosyltransferase UGT5 isoform X1 [Spodoptera frugiperda]
TRINITY_DN87_c2_g1_i1.p1	XP_050554448.1	56.630	362	156	1	8	368	9	370	1.00e-149	433	368	518	98	XP_050554448.1 UDP-glycosyltransferase UGT5 isoform X5 [Spodoptera frugiperda]
TRINITY_DN87_c2_g1_i1.p1	XP_050554447.1	56.906	362	155	1	8	368	9	370	1.28e-149	432	368	518	98	XP_050554447.1 UDP-glycosyltransferase UGT5 isoform X4 [Spodoptera frugiperda]
TRINITY_DN87_c2_g1_i1.p1	XP_035454641.2	56.630	362	156	1	8	368	9	370	1.77e-149	432	368	518	98	XP_035454641.2 UDP-glycosyltransferase UGT5 isoform X3 [Spodoptera frugiperda]
TRINITY_DN87_c2_g1_i1.p1	XP_050554446.1	56.630	362	156	1	8	368	9	370	2.13e-149	432	368	518	98	XP_050554446.1 UDP-glycosyltransferase UGT5 isoform X2 [Spodoptera frugiperda]
TRINITY_DN87_c2_g1_i1.p1	XP_035454998.2	59.392	362	142	3	12	368	14	375	5.16e-148	429	368	521	97	XP_035454998.2 UDP-glycosyltransferase UGT5 [Spodoptera frugiperda]
TRINITY_DN18030_c0_g1_i1.p1	XP_035438828.2	76.471	102	24	0	1	102	339	440	4.39e-53	173	102	520	100	XP_035438828.2 UDP-glycosyltransferase UGT4 [Spodoptera frugiperda]
TRINITY_DN18030_c0_g1_i1.p1	XP_035454998.2	72.277	101	28	0	1	101	342	442	5.84e-50	165	102	521	99	XP_035454998.2 UDP-glycosyltransferase UGT5 [Spodoptera frugiperda]
TRINITY_DN18030_c0_g1_i1.p1	XP_035454997.2	73.267	101	27	0	1	101	341	441	1.13e-48	162	102	522	99	XP_035454997.2 UDP-glucosyltransferase 2 [Spodoptera frugiperda]
TRINITY_DN18030_c0_g1_i1.p1	XP_035455002.2	72.277	101	28	0	1	101	340	440	1.30e-48	161	102	521	99	XP_035455002.2 UDP-glucosyltransferase 2-like [Spodoptera frugiperda]
TRINITY_DN18030_c0_g1_i1.p1	XP_050554449.1	66.337	101	34	0	1	101	337	437	1.72e-46	156	102	518	99	XP_050554449.1 UDP-glycosyltransferase UGT5 isoform X6 [Spodoptera frugiperda]
TRINITY_DN18030_c0_g1_i1.p1	XP_050554448.1	66.337	101	34	0	1	101	337	437	2.01e-46	155	102	518	99	XP_050554448.1 UDP-glycosyltransferase UGT5 isoform X5 [Spodoptera frugiperda]
TRINITY_DN18030_c0_g1_i1.p1	XP_035454641.2	66.337	101	34	0	1	101	337	437	2.03e-46	155	102	518	99	XP_035454641.2 UDP-glycosyltransferase UGT5 isoform X3 [Spodoptera frugiperda]
TRINITY_DN18030_c0_g1_i1.p1	XP_035454642.2	66.337	101	34	0	1	101	337	437	2.19e-46	155	102	518	99	XP_035454642.2 UDP-glycosyltransferase UGT5 isoform X1 [Spodoptera frugiperda]
TRINITY_DN18030_c0_g1_i1.p1	XP_050554446.1	66.337	101	34	0	1	101	337	437	2.30e-46	155	102	518	99	XP_050554446.1 UDP-glycosyltransferase UGT5 isoform X2 [Spodoptera frugiperda]
TRINITY_DN18030_c0_g1_i1.p1	XP_050554447.1	66.337	101	34	0	1	101	337	437	2.38e-46	155	102	518	99	XP_050554447.1 UDP-glycosyltransferase UGT5 isoform X4 [Spodoptera frugiperda]
TRINITY_DN18030_c0_g3_i1.p1	XP_035455002.2	70.856	374	108	1	7	380	9	381	0.0	555	380	521	98	XP_035455002.2 UDP-glucosyltransferase 2-like [Spodoptera frugiperda]
TRINITY_DN18030_c0_g3_i1.p1	XP_035455004.2	60.526	380	149	1	1	380	2	380	2.25e-170	486	380	520	100	XP_035455004.2 UDP-glucosyltransferase 2-like [Spodoptera frugiperda]
TRINITY_DN18030_c0_g3_i1.p1	XP_035455001.2	61.053	380	147	1	1	380	1	379	3.30e-169	483	380	521	100	XP_035455001.2 UDP-glycosyltransferase UGT5 [Spodoptera frugiperda]
TRINITY_DN18030_c0_g3_i1.p1	XP_035454998.2	61.619	383	141	4	2	380	3	383	1.21e-168	481	380	521	99	XP_035454998.2 UDP-glycosyltransferase UGT5 [Spodoptera frugiperda]
TRINITY_DN18030_c0_g3_i1.p1	XP_035454997.2	59.947	377	151	0	4	380	6	382	3.43e-166	475	380	522	99	XP_035454997.2 UDP-glucosyltransferase 2 [Spodoptera frugiperda]
TRINITY_DN18030_c0_g3_i1.p1	XP_035455005.2	61.155	381	147	1	1	380	1	381	8.18e-164	469	380	521	100	XP_035455005.2 UDP-glycosyltransferase UGT5-like [Spodoptera frugiperda]
TRINITY_DN18030_c0_g3_i1.p1	XP_035454996.2	59.211	380	154	1	1	380	1	379	6.00e-162	464	380	521	100	XP_035454996.2 UDP-glucosyltransferase 2 [Spodoptera frugiperda]
TRINITY_DN18030_c0_g3_i1.p1	XP_035454999.2	57.895	380	160	0	1	380	1	380	1.64e-159	458	380	520	100	XP_035454999.2 UDP-glucosyltransferase 2-like [Spodoptera frugiperda]
TRINITY_DN18030_c0_g3_i1.p1	XP_035438828.2	56.579	380	165	0	1	380	1	380	5.48e-158	454	380	520	100	XP_035438828.2 UDP-glycosyltransferase UGT4 [Spodoptera frugiperda]
TRINITY_DN18030_c0_g3_i1.p1	XP_050554449.1	58.684	380	155	2	1	380	1	378	1.46e-157	453	380	518	100	XP_050554449.1 UDP-glycosyltransferase UGT5 isoform X6 [Spodoptera frugiperda]
TRINITY_DN14168_c0_g1_i1.p1	XP_035458586.2	54.783	115	48	2	1	112	1	114	1.11e-34	125	113	516	99	XP_035458586.2 UDP-glycosyltransferase UGT5-like [Spodoptera frugiperda]
TRINITY_DN14168_c0_g1_i1.p1	XP_050561733.1	34.286	105	54	3	3	93	23	126	6.55e-10	55.5	113	534	81	XP_050561733.1 UDP-glycosyltransferase UGT5 isoform X1 [Spodoptera frugiperda]
TRINITY_DN14168_c0_g1_i1.p1	XP_035434000.2	38.710	62	38	0	1	62	1	62	1.14e-09	54.7	113	526	55	XP_035434000.2 UDP-glycosyltransferase UGT5-like [Spodoptera frugiperda]
TRINITY_DN14168_c0_g1_i1.p1	XP_050550359.1	42.857	70	37	2	5	71	5	74	2.33e-08	50.8	113	526	59	XP_050550359.1 UDP-glucosyltransferase 2-like [Spodoptera frugiperda]
TRINITY_DN14168_c0_g1_i1.p1	XP_050561702.1	46.296	54	29	0	4	57	7	60	2.24e-07	48.1	113	299	48	XP_050561702.1 UDP-glucosyltransferase 2-like [Spodoptera frugiperda]
TRINITY_DN14168_c0_g1_i1.p1	XP_035454998.2	46.429	56	26	1	20	71	23	78	9.95e-07	46.2	113	521	46	XP_035454998.2 UDP-glycosyltransferase UGT5 [Spodoptera frugiperda]
TRINITY_DN14168_c0_g1_i1.p1	XP_035458622.2	31.959	97	61	3	21	113	22	117	2.40e-06	45.1	113	508	82	XP_035458622.2 UDP-glycosyltransferase UGT5 [Spodoptera frugiperda]
TRINITY_DN14168_c0_g1_i1.p1	XP_035454996.2	43.548	62	29	2	1	58	1	60	2.22e-05	42.4	113	521	51	XP_035454996.2 UDP-glucosyltransferase 2 [Spodoptera frugiperda]
TRINITY_DN14168_c0_g1_i1.p1	XP_035454997.2	41.379	58	33	1	1	57	4	61	5.41e-05	41.2	113	522	50	XP_035454997.2 UDP-glucosyltransferase 2 [Spodoptera frugiperda]
TRINITY_DN14168_c0_g1_i1.p1	XP_035440285.2	40.426	47	28	0	16	62	17	63	7.59e-05	40.8	113	521	42	XP_035440285.2 UDP-glycosyltransferase UGT5-like [Spodoptera frugiperda]
TRINITY_DN13627_c1_g1_i1.p1	XP_035454586.2	64.356	202	71	1	1	201	82	283	1.26e-87	267	201	515	100	XP_035454586.2 UDP-glucosyltransferase 2 [Spodoptera frugiperda]
TRINITY_DN13627_c1_g1_i1.p1	XP_035454584.2	62.376	202	75	1	1	201	84	285	1.03e-84	259	201	518	100	XP_035454584.2 UDP-glucosyltransferase 2 [Spodoptera frugiperda]
TRINITY_DN13627_c1_g1_i1.p1	XP_050554451.1	63.054	203	73	1	1	201	82	284	1.77e-84	259	201	516	100	XP_050554451.1 UDP-glycosyltransferase UGT5-like [Spodoptera frugiperda]
TRINITY_DN13627_c1_g1_i1.p1	XP_050554449.1	48.768	203	102	1	1	201	83	285	4.20e-65	209	201	518	100	XP_050554449.1 UDP-glycosyltransferase UGT5 isoform X6 [Spodoptera frugiperda]
TRINITY_DN13627_c1_g1_i1.p1	XP_035454641.2	48.768	203	102	1	1	201	83	285	4.33e-65	209	201	518	100	XP_035454641.2 UDP-glycosyltransferase UGT5 isoform X3 [Spodoptera frugiperda]
TRINITY_DN13627_c1_g1_i1.p1	XP_050554448.1	48.768	203	102	1	1	201	83	285	4.38e-65	209	201	518	100	XP_050554448.1 UDP-glycosyltransferase UGT5 isoform X5 [Spodoptera frugiperda]
TRINITY_DN13627_c1_g1_i1.p1	XP_050554447.1	49.754	203	100	1	1	201	83	285	1.54e-64	207	201	518	100	XP_050554447.1 UDP-glycosyltransferase UGT5 isoform X4 [Spodoptera frugiperda]
TRINITY_DN13627_c1_g1_i1.p1	XP_050554446.1	49.261	203	101	1	1	201	83	285	6.76e-64	206	201	518	100	XP_050554446.1 UDP-glycosyltransferase UGT5 isoform X2 [Spodoptera frugiperda]
TRINITY_DN13627_c1_g1_i1.p1	XP_035454642.2	49.261	203	101	1	1	201	83	285	8.10e-64	206	201	518	100	XP_035454642.2 UDP-glycosyltransferase UGT5 isoform X1 [Spodoptera frugiperda]
TRINITY_DN13627_c1_g1_i1.p1	XP_035455005.2	47.783	203	103	1	2	201	85	287	3.11e-59	194	201	521	99	XP_035455005.2 UDP-glycosyltransferase UGT5-like [Spodoptera frugiperda]
TRINITY_DN13627_c1_g2_i1.p1	XP_035454584.2	65.000	120	41	1	1	119	42	161	6.63e-45	152	120	518	99	XP_035454584.2 UDP-glucosyltransferase 2 [Spodoptera frugiperda]
TRINITY_DN13627_c1_g2_i1.p1	XP_035454586.2	63.333	120	43	1	2	120	41	160	1.36e-44	152	120	515	99	XP_035454586.2 UDP-glucosyltransferase 2 [Spodoptera frugiperda]
TRINITY_DN13627_c1_g2_i1.p1	XP_050554451.1	63.115	122	43	2	1	120	40	161	4.80e-42	145	120	516	100	XP_050554451.1 UDP-glycosyltransferase UGT5-like [Spodoptera frugiperda]
TRINITY_DN13627_c1_g2_i1.p1	XP_035455001.2	55.200	125	48	4	1	119	41	163	3.87e-36	129	120	521	99	XP_035455001.2 UDP-glycosyltransferase UGT5 [Spodoptera frugiperda]
TRINITY_DN13627_c1_g2_i1.p1	XP_035454925.2	53.226	124	53	3	1	119	37	160	3.21e-35	126	120	512	99	XP_035454925.2 UDP-glucosyltransferase 2-like [Spodoptera frugiperda]
TRINITY_DN13627_c1_g2_i1.p1	XP_035454999.2	50.806	124	57	3	1	120	41	164	2.80e-34	124	120	520	100	XP_035454999.2 UDP-glucosyltransferase 2-like [Spodoptera frugiperda]
TRINITY_DN13627_c1_g2_i1.p1	XP_035454996.2	52.459	122	54	3	1	118	41	162	1.06e-33	122	120	521	98	XP_035454996.2 UDP-glucosyltransferase 2 [Spodoptera frugiperda]
TRINITY_DN13627_c1_g2_i1.p1	XP_050554447.1	50.820	122	56	3	1	119	41	161	1.29e-32	119	120	518	99	XP_050554447.1 UDP-glycosyltransferase UGT5 isoform X4 [Spodoptera frugiperda]
TRINITY_DN13627_c1_g2_i1.p1	XP_035454641.2	50.820	122	56	3	1	119	41	161	1.30e-32	119	120	518	99	XP_035454641.2 UDP-glycosyltransferase UGT5 isoform X3 [Spodoptera frugiperda]
TRINITY_DN13627_c1_g2_i1.p1	XP_050554448.1	50.820	122	56	3	1	119	41	161	1.50e-32	119	120	518	99	XP_050554448.1 UDP-glycosyltransferase UGT5 isoform X5 [Spodoptera frugiperda]
TRINITY_DN9866_c1_g1_i1.p1	XP_035454586.2	74.227	388	100	0	5	392	1	388	0.0	619	392	515	99	XP_035454586.2 UDP-glucosyltransferase 2 [Spodoptera frugiperda]
TRINITY_DN9866_c1_g1_i1.p1	XP_035454584.2	70.769	390	112	1	5	392	1	390	0.0	597	392	518	99	XP_035454584.2 UDP-glucosyltransferase 2 [Spodoptera frugiperda]
TRINITY_DN9866_c1_g1_i1.p1	XP_050554451.1	70.694	389	113	1	5	392	1	389	0.0	587	392	516	99	XP_050554451.1 UDP-glycosyltransferase UGT5-like [Spodoptera frugiperda]
TRINITY_DN9866_c1_g1_i1.p1	XP_050554449.1	61.880	383	145	1	11	392	8	390	4.68e-180	511	392	518	97	XP_050554449.1 UDP-glycosyltransferase UGT5 isoform X6 [Spodoptera frugiperda]
TRINITY_DN9866_c1_g1_i1.p1	XP_050554448.1	61.619	383	146	1	11	392	8	390	1.31e-179	510	392	518	97	XP_050554448.1 UDP-glycosyltransferase UGT5 isoform X5 [Spodoptera frugiperda]
TRINITY_DN9866_c1_g1_i1.p1	XP_035454641.2	61.619	383	146	1	11	392	8	390	1.59e-179	509	392	518	97	XP_035454641.2 UDP-glycosyltransferase UGT5 isoform X3 [Spodoptera frugiperda]
TRINITY_DN9866_c1_g1_i1.p1	XP_035454642.2	61.880	383	145	1	11	392	8	390	6.64e-179	508	392	518	97	XP_035454642.2 UDP-glycosyltransferase UGT5 isoform X1 [Spodoptera frugiperda]
TRINITY_DN9866_c1_g1_i1.p1	XP_050554446.1	61.619	383	146	1	11	392	8	390	2.80e-178	506	392	518	97	XP_050554446.1 UDP-glycosyltransferase UGT5 isoform X2 [Spodoptera frugiperda]
TRINITY_DN9866_c1_g1_i1.p1	XP_035454998.2	64.491	383	131	4	15	392	13	395	1.31e-177	505	392	521	96	XP_035454998.2 UDP-glycosyltransferase UGT5 [Spodoptera frugiperda]
TRINITY_DN9866_c1_g1_i1.p1	XP_050554447.1	61.358	383	147	1	11	392	8	390	4.68e-177	503	392	518	97	XP_050554447.1 UDP-glycosyltransferase UGT5 isoform X4 [Spodoptera frugiperda]
